  0
SECTION
  2
HEADER
  9
$ACADVER
  1
AC1032
  9
$ACADMAINTVER
 90
4
  9
$DWGCODEPAGE
  3
ANSI_1252
  9
$LASTSAVEDBY
  1
ezdxf
  9
$REQUIREDVERSIONS
160
0
  9
$INSBASE
 10
0.0
 20
0.0
 30
0.0
  9
$EXTMIN
 10
1e+20
 20
1e+20
 30
1e+20
  9
$EXTMAX
 10
-1e+20
 20
-1e+20
 30
-1e+20
  9
$LIMMIN
 10
0.0
 20
0.0
  9
$LIMMAX
 10
420.0
 20
297.0
  9
$ORTHOMODE
 70
0
  9
$REGENMODE
 70
1
  9
$FILLMODE
 70
1
  9
$QTEXTMODE
 70
0
  9
$MIRRTEXT
 70
1
  9
$LTSCALE
 40
1.0
  9
$ATTMODE
 70
1
  9
$TEXTSIZE
 40
2.5
  9
$TRACEWID
 40
1.0
  9
$TEXTSTYLE
  7
OpenSans
  9
$CLAYER
  8
0
  9
$CELTYPE
  6
ByLayer
  9
$CECOLOR
 62
256
  9
$CELTSCALE
 40
1.0
  9
$DISPSILH
 70
0
  9
$DIMSCALE
 40
1.0
  9
$DIMASZ
 40
0.175
  9
$DIMEXO
 40
0.125
  9
$DIMDLI
 40
3.75
  9
$DIMRND
 40
0.0
  9
$DIMDLE
 40
0.0
  9
$DIMEXE
 40
0.375
  9
$DIMTP
 40
0.0
  9
$DIMTM
 40
0.0
  9
$DIMTXT
 40
0.25
  9
$DIMCEN
 40
2.5
  9
$DIMTSZ
 40
0.0
  9
$DIMTOL
 70
0
  9
$DIMLIM
 70
0
  9
$DIMTIH
 70
0
  9
$DIMTOH
 70
0
  9
$DIMSE1
 70
0
  9
$DIMSE2
 70
0
  9
$DIMTAD
 70
1
  9
$DIMZIN
 70
12
  9
$DIMBLK
  1
ARCHTICK
  9
$DIMASO
 70
1
  9
$DIMSHO
 70
1
  9
$DIMPOST
  1

  9
$DIMAPOST
  1

  9
$DIMALT
 70
0
  9
$DIMALTD
 70
3
  9
$DIMALTF
 40
0.03937007874
  9
$DIMLFAC
 40
100.0
  9
$DIMTOFL
 70
1
  9
$DIMTVP
 40
0.0
  9
$DIMTIX
 70
0
  9
$DIMSOXD
 70
0
  9
$DIMSAH
 70
0
  9
$DIMBLK1
  1

  9
$DIMBLK2
  1

  9
$DIMSTYLE
  2
EZDXF
  9
$DIMCLRD
 70
0
  9
$DIMCLRE
 70
0
  9
$DIMCLRT
 70
0
  9
$DIMTFAC
 40
0.5
  9
$DIMGAP
 40
0.1
  9
$DIMJUST
 70
0
  9
$DIMSD1
 70
0
  9
$DIMSD2
 70
0
  9
$DIMTOLJ
 70
0
  9
$DIMTZIN
 70
8
  9
$DIMALTZ
 70
0
  9
$DIMALTTZ
 70
0
  9
$DIMUPT
 70
1
  9
$DIMDEC
 70
2
  9
$DIMTDEC
 70
2
  9
$DIMALTU
 70
2
  9
$DIMALTTD
 70
3
  9
$DIMTXSTY
  7
OpenSansCondensed-Light
  9
$DIMAUNIT
 70
0
  9
$DIMADEC
 70
2
  9
$DIMALTRND
 40
0.0
  9
$DIMAZIN
 70
3
  9
$DIMDSEP
 70
46
  9
$DIMATFIT
 70
3
  9
$DIMFRAC
 70
0
  9
$DIMLDRBLK
  1

  9
$DIMLUNIT
 70
2
  9
$DIMLWD
 70
-2
  9
$DIMLWE
 70
-2
  9
$DIMTMOVE
 70
2
  9
$DIMFXL
 40
1.0
  9
$DIMFXLON
 70
0
  9
$DIMJOGANG
 40
0.785398163397
  9
$DIMTFILL
 70
0
  9
$DIMTFILLCLR
 70
0
  9
$DIMARCSYM
 70
0
  9
$DIMLTYPE
  6

  9
$DIMLTEX1
  6

  9
$DIMLTEX2
  6

  9
$DIMTXTDIRECTION
 70
0
  9
$LUNITS
 70
2
  9
$LUPREC
 70
4
  9
$SKETCHINC
 40
1.0
  9
$FILLETRAD
 40
10.0
  9
$AUNITS
 70
0
  9
$AUPREC
 70
2
  9
$MENU
  1
.
  9
$ELEVATION
 40
0.0
  9
$PELEVATION
 40
0.0
  9
$THICKNESS
 40
0.0
  9
$LIMCHECK
 70
0
  9
$CHAMFERA
 40
0.0
  9
$CHAMFERB
 40
0.0
  9
$CHAMFERC
 40
0.0
  9
$CHAMFERD
 40
0.0
  9
$SKPOLY
 70
0
  9
$TDCREATE
 40
2461318.7852199073
  9
$TDUCREATE
 40
2458532.153996898
  9
$TDUPDATE
 40
2461318.7852314813
  9
$TDUUPDATE
 40
2458532.1544311
  9
$TDINDWG
 40
0.0
  9
$TDUSRTIMER
 40
0.0
  9
$USRTIMER
 70
1
  9
$ANGBASE
 50
0.0
  9
$ANGDIR
 70
0
  9
$PDMODE
 70
0
  9
$PDSIZE
 40
0.0
  9
$PLINEWID
 40
0.0
  9
$SPLFRAME
 70
0
  9
$SPLINETYPE
 70
6
  9
$SPLINESEGS
 70
8
  9
$HANDSEED
  5
384
  9
$SURFTAB1
 70
6
  9
$SURFTAB2
 70
6
  9
$SURFTYPE
 70
6
  9
$SURFU
 70
6
  9
$SURFV
 70
6
  9
$UCSBASE
  2

  9
$UCSNAME
  2

  9
$UCSORG
 10
0.0
 20
0.0
 30
0.0
  9
$UCSXDIR
 10
1.0
 20
0.0
 30
0.0
  9
$UCSYDIR
 10
0.0
 20
1.0
 30
0.0
  9
$UCSORTHOREF
  2

  9
$UCSORTHOVIEW
 70
0
  9
$UCSORGTOP
 10
0.0
 20
0.0
 30
0.0
  9
$UCSORGBOTTOM
 10
0.0
 20
0.0
 30
0.0
  9
$UCSORGLEFT
 10
0.0
 20
0.0
 30
0.0
  9
$UCSORGRIGHT
 10
0.0
 20
0.0
 30
0.0
  9
$UCSORGFRONT
 10
0.0
 20
0.0
 30
0.0
  9
$UCSORGBACK
 10
0.0
 20
0.0
 30
0.0
  9
$PUCSBASE
  2

  9
$PUCSNAME
  2

  9
$PUCSORG
 10
0.0
 20
0.0
 30
0.0
  9
$PUCSXDIR
 10
1.0
 20
0.0
 30
0.0
  9
$PUCSYDIR
 10
0.0
 20
1.0
 30
0.0
  9
$PUCSORTHOREF
  2

  9
$PUCSORTHOVIEW
 70
0
  9
$PUCSORGTOP
 10
0.0
 20
0.0
 30
0.0
  9
$PUCSORGBOTTOM
 10
0.0
 20
0.0
 30
0.0
  9
$PUCSORGLEFT
 10
0.0
 20
0.0
 30
0.0
  9
$PUCSORGRIGHT
 10
0.0
 20
0.0
 30
0.0
  9
$PUCSORGFRONT
 10
0.0
 20
0.0
 30
0.0
  9
$PUCSORGBACK
 10
0.0
 20
0.0
 30
0.0
  9
$USERI1
 70
0
  9
$USERI2
 70
0
  9
$USERI3
 70
0
  9
$USERI4
 70
0
  9
$USERI5
 70
0
  9
$USERR1
 40
0.0
  9
$USERR2
 40
0.0
  9
$USERR3
 40
0.0
  9
$USERR4
 40
0.0
  9
$USERR5
 40
0.0
  9
$WORLDVIEW
 70
1
  9
$SHADEDGE
 70
3
  9
$SHADEDIF
 70
70
  9
$TILEMODE
 70
1
  9
$MAXACTVP
 70
64
  9
$PINSBASE
 10
0.0
 20
0.0
 30
0.0
  9
$PLIMCHECK
 70
0
  9
$PEXTMIN
 10
1e+20
 20
1e+20
 30
1e+20
  9
$PEXTMAX
 10
-1e+20
 20
-1e+20
 30
-1e+20
  9
$PLIMMIN
 10
0.0
 20
0.0
  9
$PLIMMAX
 10
420.0
 20
297.0
  9
$UNITMODE
 70
0
  9
$VISRETAIN
 70
1
  9
$PLINEGEN
 70
0
  9
$PSLTSCALE
 70
1
  9
$TREEDEPTH
 70
3020
  9
$CMLSTYLE
  2
Standard
  9
$CMLJUST
 70
0
  9
$CMLSCALE
 40
20.0
  9
$PROXYGRAPHICS
 70
1
  9
$MEASUREMENT
 70
1
  9
$CELWEIGHT
370
-1
  9
$ENDCAPS
280
0
  9
$JOINSTYLE
280
0
  9
$LWDISPLAY
290
0
  9
$INSUNITS
 70
6
  9
$HYPERLINKBASE
  1

  9
$STYLESHEET
  1

  9
$XEDIT
290
1
  9
$CEPSNTYPE
380
0
  9
$PSTYLEMODE
290
1
  9
$FINGERPRINTGUID
  2
{06A3AB59-EAF4-44D1-90D8-157D6C46CC1E}
  9
$VERSIONGUID
  2
{A9C546CA-C229-47B5-97C3-7BAD9FDE5A75}
  9
$EXTNAMES
290
1
  9
$PSVPSCALE
 40
0.0
  9
$OLESTARTUP
290
0
  9
$SORTENTS
280
127
  9
$INDEXCTL
280
0
  9
$HIDETEXT
280
1
  9
$XCLIPFRAME
280
1
  9
$HALOGAP
280
0
  9
$OBSCOLOR
 70
257
  9
$OBSLTYPE
280
0
  9
$INTERSECTIONDISPLAY
280
0
  9
$INTERSECTIONCOLOR
 70
257
  9
$DIMASSOC
280
2
  9
$PROJECTNAME
  1

  9
$CAMERADISPLAY
290
0
  9
$LENSLENGTH
 40
50.0
  9
$CAMERAHEIGHT
 40
0.0
  9
$STEPSPERSEC
 40
24.0
  9
$STEPSIZE
 40
100.0
  9
$3DDWFPREC
 40
2.0
  9
$PSOLWIDTH
 40
0.005
  9
$PSOLHEIGHT
 40
0.08
  9
$LOFTANG1
 40
1.570796326795
  9
$LOFTANG2
 40
1.570796326795
  9
$LOFTMAG1
 40
0.0
  9
$LOFTMAG2
 40
0.0
  9
$LOFTPARAM
 70
7
  9
$LOFTNORMALS
280
1
  9
$LATITUDE
 40
37.795
  9
$LONGITUDE
 40
-122.394
  9
$NORTHDIRECTION
 40
0.0
  9
$TIMEZONE
 70
-8000
  9
$LIGHTGLYPHDISPLAY
280
1
  9
$TILEMODELIGHTSYNCH
280
1
  9
$CMATERIAL
347
20
  9
$SOLIDHIST
280
0
  9
$SHOWHIST
280
1
  9
$DWFFRAME
280
2
  9
$DGNFRAME
280
2
  9
$REALWORLDSCALE
290
1
  9
$INTERFERECOLOR
 62
256
  9
$CSHADOW
280
0
  9
$SHADOWPLANELOCATION
 40
0.0
  0
ENDSEC
  0
SECTION
  2
CLASSES
  0
CLASS
  1
ACDBDICTIONARYWDFLT
  2
AcDbDictionaryWithDefault
  3
ObjectDBX Classes
 90
0
 91
0
280
0
281
0
  0
CLASS
  1
SUN
  2
AcDbSun
  3
SCENEOE
 90
1153
 91
0
280
0
281
0
  0
CLASS
  1
VISUALSTYLE
  2
AcDbVisualStyle
  3
ObjectDBX Classes
 90
4095
 91
0
280
0
281
0
  0
CLASS
  1
MATERIAL
  2
AcDbMaterial
  3
ObjectDBX Classes
 90
1153
 91
0
280
0
281
0
  0
CLASS
  1
SCALE
  2
AcDbScale
  3
ObjectDBX Classes
 90
1153
 91
0
280
0
281
0
  0
CLASS
  1
TABLESTYLE
  2
AcDbTableStyle
  3
ObjectDBX Classes
 90
4095
 91
0
280
0
281
0
  0
CLASS
  1
MLEADERSTYLE
  2
AcDbMLeaderStyle
  3
ACDB_MLEADERSTYLE_CLASS
 90
4095
 91
0
280
0
281
0
  0
CLASS
  1
DICTIONARYVAR
  2
AcDbDictionaryVar
  3
ObjectDBX Classes
 90
0
 91
0
280
0
281
0
  0
CLASS
  1
CELLSTYLEMAP
  2
AcDbCellStyleMap
  3
ObjectDBX Classes
 90
1152
 91
0
280
0
281
0
  0
CLASS
  1
MENTALRAYRENDERSETTINGS
  2
AcDbMentalRayRenderSettings
  3
SCENEOE
 90
1024
 91
0
280
0
281
0
  0
CLASS
  1
ACDBDETAILVIEWSTYLE
  2
AcDbDetailViewStyle
  3
ObjectDBX Classes
 90
1025
 91
0
280
0
281
0
  0
CLASS
  1
ACDBSECTIONVIEWSTYLE
  2
AcDbSectionViewStyle
  3
ObjectDBX Classes
 90
1025
 91
0
280
0
281
0
  0
CLASS
  1
RASTERVARIABLES
  2
AcDbRasterVariables
  3
ISM
 90
0
 91
0
280
0
281
0
  0
CLASS
  1
ACDBPLACEHOLDER
  2
AcDbPlaceHolder
  3
ObjectDBX Classes
 90
0
 91
0
280
0
281
0
  0
CLASS
  1
LAYOUT
  2
AcDbLayout
  3
ObjectDBX Classes
 90
0
 91
0
280
0
281
0
  0
ENDSEC
  0
SECTION
  2
TABLES
  0
TABLE
  2
VPORT
  5
8
330
0
100
AcDbSymbolTable
 70
1
  0
VPORT
  5
23
330
8
100
AcDbSymbolTableRecord
100
AcDbViewportTableRecord
  2
*Active
 70
0
 10
0.0
 20
0.0
 11
1.0
 21
1.0
 12
0.0
 22
0.0
 13
0.0
 23
0.0
 14
0.5
 24
0.5
 15
0.5
 25
0.5
 16
0.0
 26
0.0
 36
1.0
 17
0.0
 27
0.0
 37
0.0
 40
1000.0
 41
1.34
 42
50.0
 43
0.0
 44
0.0
 50
0.0
 51
0.0
 71
0
 72
1000
 73
1
 74
3
 75
0
 76
0
 77
0
 78
0
281
0
 65
0
146
0.0
  0
ENDTAB
  0
TABLE
  2
LTYPE
  5
2
330
0
100
AcDbSymbolTable
 70
21
  0
LTYPE
  5
24
330
2
100
AcDbSymbolTableRecord
100
AcDbLinetypeTableRecord
  2
ByBlock
 70
0
  3

 72
65
 73
0
 40
0.0
  0
LTYPE
  5
25
330
2
100
AcDbSymbolTableRecord
100
AcDbLinetypeTableRecord
  2
ByLayer
 70
0
  3

 72
65
 73
0
 40
0.0
  0
LTYPE
  5
26
330
2
100
AcDbSymbolTableRecord
100
AcDbLinetypeTableRecord
  2
Continuous
 70
0
  3

 72
65
 73
0
 40
0.0
  0
LTYPE
  5
2F
330
2
100
AcDbSymbolTableRecord
100
AcDbLinetypeTableRecord
  2
CENTER
 70
0
  3
Center ____ _ ____ _ ____ _ ____ _ ____ _ ____
 72
65
 73
4
 40
5.08
 49
3.175
 74
0
 49
-0.635
 74
0
 49
0.635
 74
0
 49
-0.635
 74
0
  0
LTYPE
  5
30
330
2
100
AcDbSymbolTableRecord
100
AcDbLinetypeTableRecord
  2
CENTERX2
 70
0
  3
Center (2x) ________  __  ________  __  ________
 72
65
 73
4
 40
8.89
 49
6.35
 74
0
 49
-0.635
 74
0
 49
1.27
 74
0
 49
-0.635
 74
0
  0
LTYPE
  5
31
330
2
100
AcDbSymbolTableRecord
100
AcDbLinetypeTableRecord
  2
CENTER2
 70
0
  3
Center (.5x) ____ _ ____ _ ____ _ ____ _ ____
 72
65
 73
4
 40
2.54
 49
1.587
 74
0
 49
-0.318
 74
0
 49
0.318
 74
0
 49
-0.318
 74
0
  0
LTYPE
  5
32
330
2
100
AcDbSymbolTableRecord
100
AcDbLinetypeTableRecord
  2
DASHED
 70
0
  3
Dashed __ __ __ __ __ __ __ __ __ __ __ __ __ _
 72
65
 73
2
 40
1.524
 49
1.27
 74
0
 49
-0.254
 74
0
  0
LTYPE
  5
33
330
2
100
AcDbSymbolTableRecord
100
AcDbLinetypeTableRecord
  2
DASHEDX2
 70
0
  3
Dashed (2x) ____  ____  ____  ____  ____  ____
 72
65
 73
2
 40
3.048
 49
2.54
 74
0
 49
-0.508
 74
0
  0
LTYPE
  5
34
330
2
100
AcDbSymbolTableRecord
100
AcDbLinetypeTableRecord
  2
DASHED2
 70
0
  3
Dashed (.5x) _ _ _ _ _ _ _ _ _ _ _ _ _ _
 72
65
 73
2
 40
0.762
 49
0.635
 74
0
 49
-0.127
 74
0
  0
LTYPE
  5
35
330
2
100
AcDbSymbolTableRecord
100
AcDbLinetypeTableRecord
  2
PHANTOM
 70
0
  3
Phantom ______  __  __  ______  __  __  ______
 72
65
 73
6
 40
6.35
 49
3.175
 74
0
 49
-0.635
 74
0
 49
0.635
 74
0
 49
-0.635
 74
0
 49
0.635
 74
0
 49
-0.635
 74
0
  0
LTYPE
  5
36
330
2
100
AcDbSymbolTableRecord
100
AcDbLinetypeTableRecord
  2
PHANTOMX2
 70
0
  3
Phantom (2x)____________    ____    ____    ____________
 72
65
 73
6
 40
10.795
 49
6.35
 74
0
 49
-0.635
 74
0
 49
1.27
 74
0
 49
-0.635
 74
0
 49
1.27
 74
0
 49
-0.635
 74
0
  0
LTYPE
  5
37
330
2
100
AcDbSymbolTableRecord
100
AcDbLinetypeTableRecord
  2
PHANTOM2
 70
0
  3
Phantom (.5x) ___ _ _ ___ _ _ ___ _ _ ___ _ _ ___
 72
65
 73
6
 40
3.175
 49
1.587
 74
0
 49
-0.318
 74
0
 49
0.318
 74
0
 49
-0.318
 74
0
 49
0.318
 74
0
 49
-0.318
 74
0
  0
LTYPE
  5
38
330
2
100
AcDbSymbolTableRecord
100
AcDbLinetypeTableRecord
  2
DASHDOT
 70
0
  3
Dash dot __ . __ . __ . __ . __ . __ . __ . __
 72
65
 73
4
 40
3.556
 49
2.54
 74
0
 49
-0.508
 74
0
 49
0.0
 74
0
 49
-0.508
 74
0
  0
LTYPE
  5
39
330
2
100
AcDbSymbolTableRecord
100
AcDbLinetypeTableRecord
  2
DASHDOTX2
 70
0
  3
Dash dot (2x) ____  .  ____  .  ____  .  ____
 72
65
 73
4
 40
6.096
 49
5.08
 74
0
 49
-0.508
 74
0
 49
0.0
 74
0
 49
-0.508
 74
0
  0
LTYPE
  5
3A
330
2
100
AcDbSymbolTableRecord
100
AcDbLinetypeTableRecord
  2
DASHDOT2
 70
0
  3
Dash dot (.5x) _ . _ . _ . _ . _ . _ . _ . _
 72
65
 73
4
 40
1.778
 49
1.27
 74
0
 49
-0.254
 74
0
 49
0.0
 74
0
 49
-0.254
 74
0
  0
LTYPE
  5
3B
330
2
100
AcDbSymbolTableRecord
100
AcDbLinetypeTableRecord
  2
DOT
 70
0
  3
Dot .  .  .  .  .  .  .  .  .  .  .  .  .  .  .  .
 72
65
 73
2
 40
0.508
 49
0.0
 74
0
 49
-0.508
 74
0
  0
LTYPE
  5
3C
330
2
100
AcDbSymbolTableRecord
100
AcDbLinetypeTableRecord
  2
DOTX2
 70
0
  3
Dot (2x) .    .    .    .    .    .    .    . 
 72
65
 73
2
 40
1.016
 49
0.0
 74
0
 49
-1.016
 74
0
  0
LTYPE
  5
3D
330
2
100
AcDbSymbolTableRecord
100
AcDbLinetypeTableRecord
  2
DOT2
 70
0
  3
Dot (.5) . . . . . . . . . . . . . . . . . . . 
 72
65
 73
2
 40
0.254
 49
0.0
 74
0
 49
-0.254
 74
0
  0
LTYPE
  5
3E
330
2
100
AcDbSymbolTableRecord
100
AcDbLinetypeTableRecord
  2
DIVIDE
 70
0
  3
Divide __ . . __ . . __ . . __ . . __ . . __
 72
65
 73
6
 40
4.064
 49
2.54
 74
0
 49
-0.508
 74
0
 49
0.0
 74
0
 49
-0.508
 74
0
 49
0.0
 74
0
 49
-0.508
 74
0
  0
LTYPE
  5
3F
330
2
100
AcDbSymbolTableRecord
100
AcDbLinetypeTableRecord
  2
DIVIDEX2
 70
0
  3
Divide (2x) ____  . .  ____  . .  ____  . .  ____
 72
65
 73
6
 40
6.604
 49
5.08
 74
0
 49
-0.508
 74
0
 49
0.0
 74
0
 49
-0.508
 74
0
 49
0.0
 74
0
 49
-0.508
 74
0
  0
LTYPE
  5
40
330
2
100
AcDbSymbolTableRecord
100
AcDbLinetypeTableRecord
  2
DIVIDE2
 70
0
  3
Divide(.5x) _ . _ . _ . _ . _ . _ . _ . _
 72
65
 73
6
 40
2.032
 49
1.27
 74
0
 49
-0.254
 74
0
 49
0.0
 74
0
 49
-0.254
 74
0
 49
0.0
 74
0
 49
-0.254
 74
0
  0
ENDTAB
  0
TABLE
  2
LAYER
  5
1
330
0
100
AcDbSymbolTable
 70
12
  0
LAYER
  5
27
330
1
100
AcDbSymbolTableRecord
100
AcDbLayerTableRecord
  2
0
 70
0
 62
7
  6
Continuous
370
-3
390
13
347
21
  0
LAYER
  5
28
330
1
100
AcDbSymbolTableRecord
100
AcDbLayerTableRecord
  2
Defpoints
 70
0
 62
7
  6
Continuous
290
0
370
-3
390
13
347
21
  0
LAYER
  5
8A
330
1
100
AcDbSymbolTableRecord
100
AcDbLayerTableRecord
  2
A-CUT
 70
0
 62
7
  6
Continuous
370
50
390
13
347
21
  0
LAYER
  5
8B
330
1
100
AcDbSymbolTableRecord
100
AcDbLayerTableRecord
  2
A-MAIN
 70
0
 62
7
  6
Continuous
370
35
390
13
347
21
  0
LAYER
  5
8C
330
1
100
AcDbSymbolTableRecord
100
AcDbLayerTableRecord
  2
A-THIN
 70
0
 62
8
  6
Continuous
370
18
390
13
347
21
  0
LAYER
  5
8D
330
1
100
AcDbSymbolTableRecord
100
AcDbLayerTableRecord
  2
A-HIDDEN
 70
0
 62
8
  6
DASHED
370
18
390
13
347
21
  0
LAYER
  5
8E
330
1
100
AcDbSymbolTableRecord
100
AcDbLayerTableRecord
  2
A-HATCH
 70
0
 62
8
  6
Continuous
370
9
390
13
347
21
  0
LAYER
  5
8F
330
1
100
AcDbSymbolTableRecord
100
AcDbLayerTableRecord
  2
A-TEXT
 70
0
 62
7
  6
Continuous
370
18
390
13
347
21
  0
LAYER
  5
90
330
1
100
AcDbSymbolTableRecord
100
AcDbLayerTableRecord
  2
A-DIMS
 70
0
 62
1
  6
Continuous
370
13
390
13
347
21
  0
LAYER
  5
91
330
1
100
AcDbSymbolTableRecord
100
AcDbLayerTableRecord
  2
A-FURN
 70
0
 62
9
  6
Continuous
370
13
390
13
347
21
  0
LAYER
  5
92
330
1
100
AcDbSymbolTableRecord
100
AcDbLayerTableRecord
  2
A-GRID
 70
0
 62
1
  6
Continuous
370
13
390
13
347
21
  0
LAYER
  5
93
330
1
100
AcDbSymbolTableRecord
100
AcDbLayerTableRecord
  2
A-SITE
 70
0
 62
3
  6
Continuous
370
18
390
13
347
21
  0
ENDTAB
  0
TABLE
  2
STYLE
  5
5
330
0
100
AcDbSymbolTable
 70
26
  0
STYLE
  5
29
330
5
100
AcDbSymbolTableRecord
100
AcDbTextStyleTableRecord
  2
Standard
 70
0
 40
0.0
 41
1.0
 50
0.0
 71
0
 42
2.5
  3
txt
  4

  0
STYLE
  5
41
330
5
100
AcDbSymbolTableRecord
100
AcDbTextStyleTableRecord
  2
OpenSans-Light
 70
0
 40
0.0
 41
1.0
 50
0.0
 71
0
 42
2.5
  3
OpenSans-Light.ttf
  4

  0
STYLE
  5
42
330
5
100
AcDbSymbolTableRecord
100
AcDbTextStyleTableRecord
  2
OpenSans-Light-Italic
 70
0
 40
0.0
 41
1.0
 50
0.0
 71
0
 42
2.5
  3
OpenSans-LightItalic.ttf
  4

  0
STYLE
  5
43
330
5
100
AcDbSymbolTableRecord
100
AcDbTextStyleTableRecord
  2
OpenSans
 70
0
 40
0.0
 41
1.0
 50
0.0
 71
0
 42
2.5
  3
OpenSans-Regular.ttf
  4

  0
STYLE
  5
44
330
5
100
AcDbSymbolTableRecord
100
AcDbTextStyleTableRecord
  2
OpenSans-Italic
 70
0
 40
0.0
 41
1.0
 50
0.0
 71
0
 42
2.5
  3
OpenSans-Italic.ttf
  4

  0
STYLE
  5
45
330
5
100
AcDbSymbolTableRecord
100
AcDbTextStyleTableRecord
  2
OpenSans-SemiBold
 70
0
 40
0.0
 41
1.0
 50
0.0
 71
0
 42
2.5
  3
OpenSans-SemiBold.ttf
  4

  0
STYLE
  5
46
330
5
100
AcDbSymbolTableRecord
100
AcDbTextStyleTableRecord
  2
OpenSans-SemiBoldItalic
 70
0
 40
0.0
 41
1.0
 50
0.0
 71
0
 42
2.5
  3
OpenSans-SemiBoldItalic.ttf
  4

  0
STYLE
  5
47
330
5
100
AcDbSymbolTableRecord
100
AcDbTextStyleTableRecord
  2
OpenSans-Bold
 70
0
 40
0.0
 41
1.0
 50
0.0
 71
0
 42
2.5
  3
OpenSans-Bold.ttf
  4

  0
STYLE
  5
48
330
5
100
AcDbSymbolTableRecord
100
AcDbTextStyleTableRecord
  2
OpenSans-BoldItalic
 70
0
 40
0.0
 41
1.0
 50
0.0
 71
0
 42
2.5
  3
OpenSans-BoldItalic.ttf
  4

  0
STYLE
  5
49
330
5
100
AcDbSymbolTableRecord
100
AcDbTextStyleTableRecord
  2
OpenSans-ExtraBold
 70
0
 40
0.0
 41
1.0
 50
0.0
 71
0
 42
2.5
  3
OpenSans-ExtraBold.ttf
  4

  0
STYLE
  5
4A
330
5
100
AcDbSymbolTableRecord
100
AcDbTextStyleTableRecord
  2
OpenSans-ExtraBoldItalic
 70
0
 40
0.0
 41
1.0
 50
0.0
 71
0
 42
2.5
  3
OpenSans-ExtraBoldItalic.ttf
  4

  0
STYLE
  5
4B
330
5
100
AcDbSymbolTableRecord
100
AcDbTextStyleTableRecord
  2
OpenSansCondensed-Bold
 70
0
 40
0.0
 41
1.0
 50
0.0
 71
0
 42
2.5
  3
OpenSansCondensed-Bold.ttf
  4

  0
STYLE
  5
4C
330
5
100
AcDbSymbolTableRecord
100
AcDbTextStyleTableRecord
  2
OpenSansCondensed-Light
 70
0
 40
0.0
 41
1.0
 50
0.0
 71
0
 42
2.5
  3
OpenSansCondensed-Light.ttf
  4

  0
STYLE
  5
4D
330
5
100
AcDbSymbolTableRecord
100
AcDbTextStyleTableRecord
  2
OpenSansCondensed-Italic
 70
0
 40
0.0
 41
1.0
 50
0.0
 71
0
 42
2.5
  3
OpenSansCondensed-LightItalic.ttf
  4

  0
STYLE
  5
4E
330
5
100
AcDbSymbolTableRecord
100
AcDbTextStyleTableRecord
  2
LiberationSans
 70
0
 40
0.0
 41
1.0
 50
0.0
 71
0
 42
2.5
  3
LiberationSans-Regular.ttf
  4

  0
STYLE
  5
4F
330
5
100
AcDbSymbolTableRecord
100
AcDbTextStyleTableRecord
  2
LiberationSans-Bold
 70
0
 40
0.0
 41
1.0
 50
0.0
 71
0
 42
2.5
  3
LiberationSans-Bold.ttf
  4

  0
STYLE
  5
50
330
5
100
AcDbSymbolTableRecord
100
AcDbTextStyleTableRecord
  2
LiberationSans-BoldItalic
 70
0
 40
0.0
 41
1.0
 50
0.0
 71
0
 42
2.5
  3
LiberationSans-BoldItalic.ttf
  4

  0
STYLE
  5
51
330
5
100
AcDbSymbolTableRecord
100
AcDbTextStyleTableRecord
  2
LiberationSans-Italic
 70
0
 40
0.0
 41
1.0
 50
0.0
 71
0
 42
2.5
  3
LiberationSans-Italic.ttf
  4

  0
STYLE
  5
52
330
5
100
AcDbSymbolTableRecord
100
AcDbTextStyleTableRecord
  2
LiberationSerif
 70
0
 40
0.0
 41
1.0
 50
0.0
 71
0
 42
2.5
  3
LiberationSerif-Regular.ttf
  4

  0
STYLE
  5
53
330
5
100
AcDbSymbolTableRecord
100
AcDbTextStyleTableRecord
  2
LiberationSerif-Bold
 70
0
 40
0.0
 41
1.0
 50
0.0
 71
0
 42
2.5
  3
LiberationSerif-Bold.ttf
  4

  0
STYLE
  5
54
330
5
100
AcDbSymbolTableRecord
100
AcDbTextStyleTableRecord
  2
LiberationSerif-BoldItalic
 70
0
 40
0.0
 41
1.0
 50
0.0
 71
0
 42
2.5
  3
LiberationSerif-BoldItalic.ttf
  4

  0
STYLE
  5
55
330
5
100
AcDbSymbolTableRecord
100
AcDbTextStyleTableRecord
  2
LiberationSerif-Italic
 70
0
 40
0.0
 41
1.0
 50
0.0
 71
0
 42
2.5
  3
LiberationSerif-Italic.ttf
  4

  0
STYLE
  5
56
330
5
100
AcDbSymbolTableRecord
100
AcDbTextStyleTableRecord
  2
LiberationMono
 70
0
 40
0.0
 41
1.0
 50
0.0
 71
0
 42
2.5
  3
LiberationMono-Regular.ttf
  4

  0
STYLE
  5
57
330
5
100
AcDbSymbolTableRecord
100
AcDbTextStyleTableRecord
  2
LiberationMono-Bold
 70
0
 40
0.0
 41
1.0
 50
0.0
 71
0
 42
2.5
  3
LiberationMono-Bold.ttf
  4

  0
STYLE
  5
58
330
5
100
AcDbSymbolTableRecord
100
AcDbTextStyleTableRecord
  2
LiberationMono-BoldItalic
 70
0
 40
0.0
 41
1.0
 50
0.0
 71
0
 42
2.5
  3
LiberationMono-BoldItalic.ttf
  4

  0
STYLE
  5
59
330
5
100
AcDbSymbolTableRecord
100
AcDbTextStyleTableRecord
  2
LiberationMono-Italic
 70
0
 40
0.0
 41
1.0
 50
0.0
 71
0
 42
2.5
  3
LiberationMono-Italic.ttf
  4

  0
ENDTAB
  0
TABLE
  2
VIEW
  5
7
330
0
100
AcDbSymbolTable
 70
0
  0
ENDTAB
  0
TABLE
  2
UCS
  5
6
330
0
100
AcDbSymbolTable
 70
0
  0
ENDTAB
  0
TABLE
  2
APPID
  5
3
330
0
100
AcDbSymbolTable
 70
3
  0
APPID
  5
2A
330
3
100
AcDbSymbolTableRecord
100
AcDbRegAppTableRecord
  2
ACAD
 70
0
  0
APPID
  5
381
330
3
100
AcDbSymbolTableRecord
100
AcDbRegAppTableRecord
  2
HATCHBACKGROUNDCOLOR
 70
0
  0
APPID
  5
382
330
3
100
AcDbSymbolTableRecord
100
AcDbRegAppTableRecord
  2
EZDXF
 70
0
  0
ENDTAB
  0
TABLE
  2
DIMSTYLE
  5
4
330
0
100
AcDbSymbolTable
 70
12
100
AcDbDimStyleTable
  0
DIMSTYLE
105
2B
330
4
100
AcDbSymbolTableRecord
100
AcDbDimStyleTableRecord
  2
Standard
 70
0
 40
1.0
 41
2.5
 42
0.625
 43
3.75
 44
1.25
 45
0.0
 46
0.0
 47
0.0
 48
0.0
 49
2.5
140
2.5
141
2.5
142
0.0
143
0.03937007874
144
1.0
145
0.0
146
1.0
147
0.625
148
0.0
 69
0
 70
0
 71
0
 72
0
 73
0
 74
0
 75
0
 76
0
 77
1
 78
8
 79
3
170
0
171
3
172
1
173
0
174
0
175
0
176
0
177
0
178
0
179
2
271
2
272
2
273
2
274
3
275
0
276
0
277
2
278
44
279
0
280
0
281
0
282
0
283
0
284
8
285
0
286
0
288
0
289
3
290
0
371
-2
372
-2
  0
DIMSTYLE
105
73
330
4
100
AcDbSymbolTableRecord
100
AcDbDimStyleTableRecord
  2
EZDXF
 70
0
 40
1.0
 41
0.175
 42
0.125
 43
3.75
 44
0.375
 45
0.0
 46
0.0
 47
0.0
 48
0.0
 49
2.5
140
0.25
141
2.5
142
0.0
143
0.03937007874
144
100.0
145
0.0
146
0.5
147
0.1
148
0.0
 69
0
 70
0
 71
0
 72
0
 73
0
 74
0
 75
0
 76
0
 77
1
 78
12
 79
3
170
0
171
3
172
1
173
0
174
0
175
0
176
0
177
0
178
0
179
2
271
2
272
2
273
2
274
3
275
0
276
0
277
2
278
46
279
2
280
0
281
0
282
0
283
0
284
8
285
0
286
0
288
1
289
3
290
0
340
4C
342
74
371
-2
372
-2
  0
DIMSTYLE
105
7C
330
4
100
AcDbSymbolTableRecord
100
AcDbDimStyleTableRecord
  2
EZ_M_100_H25_CM
 70
0
 40
1.0
 41
0.25
 42
0.125
 43
3.75
 44
0.375
 45
0.0
 46
0.0
 47
0.0
 48
0.0
 49
2.5
140
0.25
141
2.5
142
0.125
143
0.03937007874
144
100.0
145
0.0
146
0.5
147
0.1
148
0.0
 69
0
 70
0
 71
0
 72
0
 73
0
 74
0
 75
0
 76
0
 77
1
 78
12
 79
3
170
0
171
3
172
1
173
0
174
0
175
0
176
0
177
0
178
0
179
2
271
2
272
2
273
2
274
3
275
0
276
0
277
2
278
46
279
2
280
0
281
0
282
0
283
0
284
8
285
0
286
0
288
1
289
3
290
0
340
4C
371
-2
372
-2
  0
DIMSTYLE
105
7D
330
4
100
AcDbSymbolTableRecord
100
AcDbDimStyleTableRecord
  2
EZ_M_50_H25_CM
 70
0
 40
1.0
 41
0.125
 42
0.0625
 43
3.75
 44
0.1875
 45
0.0
 46
0.0
 47
0.0
 48
0.0
 49
2.5
140
0.125
141
2.5
142
0.0625
143
0.03937007874
144
100.0
145
0.0
146
0.5
147
0.05
148
0.0
 69
0
 70
0
 71
0
 72
0
 73
0
 74
0
 75
0
 76
0
 77
1
 78
12
 79
3
170
0
171
3
172
1
173
0
174
0
175
0
176
0
177
0
178
0
179
2
271
2
272
2
273
2
274
3
275
0
276
0
277
2
278
46
279
2
280
0
281
0
282
0
283
0
284
8
285
0
286
0
288
1
289
3
290
0
340
4C
371
-2
372
-2
  0
DIMSTYLE
105
7E
330
4
100
AcDbSymbolTableRecord
100
AcDbDimStyleTableRecord
  2
EZ_M_25_H25_CM
 70
0
 40
1.0
 41
0.0625
 42
0.03125
 43
3.75
 44
0.09375
 45
0.0
 46
0.0
 47
0.0
 48
0.0
 49
2.5
140
0.0625
141
2.5
142
0.03125
143
0.03937007874
144
100.0
145
0.0
146
0.5
147
0.025
148
0.0
 69
0
 70
0
 71
0
 72
0
 73
0
 74
0
 75
0
 76
0
 77
1
 78
12
 79
3
170
0
171
3
172
1
173
0
174
0
175
0
176
0
177
0
178
0
179
2
271
2
272
2
273
2
274
3
275
0
276
0
277
2
278
46
279
2
280
0
281
0
282
0
283
0
284
8
285
0
286
0
288
1
289
3
290
0
340
4C
371
-2
372
-2
  0
DIMSTYLE
105
7F
330
4
100
AcDbSymbolTableRecord
100
AcDbDimStyleTableRecord
  2
EZ_M_20_H25_CM
 70
0
 40
1.0
 41
0.05
 42
0.025
 43
3.75
 44
0.07500000000000001
 45
0.0
 46
0.0
 47
0.0
 48
0.0
 49
2.5
140
0.05
141
2.5
142
0.025
143
0.03937007874
144
100.0
145
0.0
146
0.5
147
0.020000000000000004
148
0.0
 69
0
 70
0
 71
0
 72
0
 73
0
 74
0
 75
0
 76
0
 77
1
 78
12
 79
3
170
0
171
3
172
1
173
0
174
0
175
0
176
0
177
0
178
0
179
2
271
2
272
2
273
2
274
3
275
0
276
0
277
2
278
46
279
2
280
0
281
0
282
0
283
0
284
8
285
0
286
0
288
1
289
3
290
0
340
4C
371
-2
372
-2
  0
DIMSTYLE
105
80
330
4
100
AcDbSymbolTableRecord
100
AcDbDimStyleTableRecord
  2
EZ_M_10_H25_CM
 70
0
 40
1.0
 41
0.025
 42
0.0125
 43
3.75
 44
0.037500000000000006
 45
0.0
 46
0.0
 47
0.0
 48
0.0
 49
2.5
140
0.025
141
2.5
142
0.0125
143
0.03937007874
144
100.0
145
0.0
146
0.5
147
0.010000000000000002
148
0.0
 69
0
 70
0
 71
0
 72
0
 73
0
 74
0
 75
0
 76
0
 77
1
 78
12
 79
3
170
0
171
3
172
1
173
0
174
0
175
0
176
0
177
0
178
0
179
2
271
2
272
2
273
2
274
3
275
0
276
0
277
2
278
46
279
2
280
0
281
0
282
0
283
0
284
8
285
0
286
0
288
1
289
3
290
0
340
4C
371
-2
372
-2
  0
DIMSTYLE
105
81
330
4
100
AcDbSymbolTableRecord
100
AcDbDimStyleTableRecord
  2
EZ_M_5_H25_CM
 70
0
 40
1.0
 41
0.0125
 42
0.00625
 43
3.75
 44
0.018750000000000003
 45
0.0
 46
0.0
 47
0.0
 48
0.0
 49
2.5
140
0.0125
141
2.5
142
0.00625
143
0.03937007874
144
100.0
145
0.0
146
0.5
147
0.005000000000000001
148
0.0
 69
0
 70
0
 71
0
 72
0
 73
0
 74
0
 75
0
 76
0
 77
1
 78
12
 79
3
170
0
171
3
172
1
173
0
174
0
175
0
176
0
177
0
178
0
179
2
271
2
272
2
273
2
274
3
275
0
276
0
277
2
278
46
279
2
280
0
281
0
282
0
283
0
284
8
285
0
286
0
288
1
289
3
290
0
340
4C
371
-2
372
-2
  0
DIMSTYLE
105
82
330
4
100
AcDbSymbolTableRecord
100
AcDbDimStyleTableRecord
  2
EZ_M_1_H25_CM
 70
0
 40
1.0
 41
0.0025
 42
0.00125
 43
3.75
 44
0.00375
 45
0.0
 46
0.0
 47
0.0
 48
0.0
 49
2.5
140
0.0025
141
2.5
142
0.00125
143
0.03937007874
144
100.0
145
0.0
146
0.5
147
0.001
148
0.0
 69
0
 70
0
 71
0
 72
0
 73
0
 74
0
 75
0
 76
0
 77
1
 78
12
 79
3
170
0
171
3
172
1
173
0
174
0
175
0
176
0
177
0
178
0
179
2
271
2
272
2
273
2
274
3
275
0
276
0
277
2
278
46
279
2
280
0
281
0
282
0
283
0
284
8
285
0
286
0
288
1
289
3
290
0
340
4C
371
-2
372
-2
  0
DIMSTYLE
105
83
330
4
100
AcDbSymbolTableRecord
100
AcDbDimStyleTableRecord
  2
EZ_RADIUS
 70
0
 40
1.0
 41
0.25
 42
0.125
 43
3.75
 44
0.375
 45
0.0
 46
0.0
 47
0.0
 48
0.0
 49
2.5
140
0.25
141
0.0
142
0.0
143
0.03937007874
144
100.0
145
0.0
146
0.5
147
0.1
148
0.0
 69
0
 70
0
 71
0
 72
0
 73
0
 74
0
 75
0
 76
0
 77
1
 78
12
 79
3
170
0
171
3
172
0
173
0
174
0
175
0
176
0
177
0
178
0
179
2
271
2
272
2
273
2
274
3
275
0
276
0
277
2
278
46
279
1
280
0
281
0
282
0
283
0
284
8
285
0
286
0
288
1
289
3
290
0
340
4C
342
84
371
-2
372
-2
  0
DIMSTYLE
105
88
330
4
100
AcDbSymbolTableRecord
100
AcDbDimStyleTableRecord
  2
EZ_RADIUS_INSIDE
 70
0
 40
1.0
 41
0.25
 42
0.125
 43
3.75
 44
0.375
 45
0.0
 46
0.0
 47
0.0
 48
0.0
 49
2.5
140
0.25
141
0.0
142
0.0
143
0.03937007874
144
100.0
145
0.0
146
0.5
147
0.1
148
0.0
 69
0
 70
0
 71
0
 72
0
 73
0
 74
0
 75
0
 76
0
 77
0
 78
12
 79
3
170
0
171
3
172
0
173
0
174
1
175
0
176
0
177
0
178
0
179
2
271
2
272
2
273
2
274
3
275
0
276
0
277
2
278
46
279
0
280
0
281
0
282
0
283
0
284
8
285
0
286
0
288
1
289
0
290
0
340
4C
342
84
371
-2
372
-2
  0
DIMSTYLE
105
89
330
4
100
AcDbSymbolTableRecord
100
AcDbDimStyleTableRecord
  2
EZ_CURVED
 70
0
 40
1.0
 41
0.25
 42
0.125
 43
3.75
 44
0.375
 45
0.0
 46
0.0
 47
0.0
 48
0.0
 49
2.5
140
0.25
141
2.5
142
0.0
143
0.03937007874
144
100.0
145
0.0
146
0.5
147
0.1
148
0.0
 69
0
 70
0
 71
0
 72
0
 73
0
 74
0
 75
0
 76
0
 77
1
 78
12
 79
2
 90
2
170
0
171
3
172
1
173
0
174
0
175
0
176
0
177
0
178
0
179
2
271
2
272
2
273
2
274
3
275
0
276
0
277
2
278
46
279
2
280
0
281
0
282
0
283
0
284
8
285
0
286
0
288
1
289
3
290
0
340
4C
371
-2
372
-2
  0
ENDTAB
  0
TABLE
  2
BLOCK_RECORD
  5
9
330
0
100
AcDbSymbolTable
 70
5
  0
BLOCK_RECORD
  5
17
330
9
100
AcDbSymbolTableRecord
100
AcDbBlockTableRecord
  2
*Model_Space
340
1A
 70
0
280
1
281
0
  0
BLOCK_RECORD
  5
1B
330
9
100
AcDbSymbolTableRecord
100
AcDbBlockTableRecord
  2
*Paper_Space
340
1E
 70
0
280
1
281
0
  0
BLOCK_RECORD
  5
74
330
9
100
AcDbSymbolTableRecord
100
AcDbBlockTableRecord
  2
_ARCHTICK
340
0
 70
0
280
1
281
0
  0
BLOCK_RECORD
  5
78
330
9
100
AcDbSymbolTableRecord
100
AcDbBlockTableRecord
  2
_CLOSEDFILLED
340
0
 70
0
280
1
281
0
  0
BLOCK_RECORD
  5
84
330
9
100
AcDbSymbolTableRecord
100
AcDbBlockTableRecord
  2
_CLOSEDBLANK
340
0
 70
0
280
1
281
0
  0
ENDTAB
  0
ENDSEC
  0
SECTION
  2
BLOCKS
  0
BLOCK
  5
18
330
17
100
AcDbEntity
  8
0
100
AcDbBlockBegin
  2
*Model_Space
 70
0
 10
0.0
 20
0.0
 30
0.0
  3
*Model_Space
  1

  0
ENDBLK
  5
19
330
17
100
AcDbEntity
  8
0
100
AcDbBlockEnd
  0
BLOCK
  5
1C
330
1B
100
AcDbEntity
  8
0
100
AcDbBlockBegin
  2
*Paper_Space
 70
0
 10
0.0
 20
0.0
 30
0.0
  3
*Paper_Space
  1

  0
ENDBLK
  5
1D
330
1B
100
AcDbEntity
  8
0
100
AcDbBlockEnd
  0
BLOCK
  5
75
330
74
100
AcDbEntity
  8
0
100
AcDbBlockBegin
  2
_ARCHTICK
 70
0
 10
0.0
 20
0.0
 30
0.0
  3
_ARCHTICK
  1

  0
LWPOLYLINE
  5
77
330
74
100
AcDbEntity
  8
0
  6
BYBLOCK
 62
0
100
AcDbPolyline
 90
2
 70
0
 43
0.15
 10
-0.5
 20
-0.5
 10
0.5
 20
0.5
  0
ENDBLK
  5
76
330
74
100
AcDbEntity
  8
0
100
AcDbBlockEnd
  0
BLOCK
  5
79
330
78
100
AcDbEntity
  8
0
100
AcDbBlockBegin
  2
_CLOSEDFILLED
 70
0
 10
0.0
 20
0.0
 30
0.0
  3
_CLOSEDFILLED
  1

  0
SOLID
  5
7B
330
78
100
AcDbEntity
  8
0
  6
BYBLOCK
 62
0
100
AcDbTrace
 10
-1.0
 20
0.16439898372402537
 30
0.0
 11
0.0
 21
0.0
 31
0.0
 12
-1.0
 22
-0.16439898372402537
 32
0.0
 13
-1.0
 23
-0.16439898372402537
 33
0.0
  0
ENDBLK
  5
7A
330
78
100
AcDbEntity
  8
0
100
AcDbBlockEnd
  0
BLOCK
  5
85
330
84
100
AcDbEntity
  8
0
100
AcDbBlockBegin
  2
_CLOSEDBLANK
 70
0
 10
0.0
 20
0.0
 30
0.0
  3
_CLOSEDBLANK
  1

  0
LWPOLYLINE
  5
87
330
84
100
AcDbEntity
  8
0
  6
BYBLOCK
 62
0
100
AcDbPolyline
 90
3
 70
1
 10
-1.0
 20
0.16439898372402537
 10
0.0
 20
0.0
 10
-1.0
 20
-0.16439898372402537
  0
ENDBLK
  5
86
330
84
100
AcDbEntity
  8
0
100
AcDbBlockEnd
  0
ENDSEC
  0
SECTION
  2
ENTITIES
  0
HATCH
  5
94
330
17
100
AcDbEntity
  8
A-HATCH
 62
7
100
AcDbHatch
 10
0.0
 20
0.0
 30
0.0
210
0.0
220
0.0
230
1.0
  2
EARTH
 70
0
 71
0
 91
1
 92
3
 72
0
 73
1
 93
5
 10
34.0
 20
-1.05
 10
34.0
 20
-0.15
 10
-2.0
 20
-0.15
 10
-2.0
 20
-1.05
 10
34.0
 20
-1.05
 97
0
 75
1
 76
1
 52
0.0
 41
0.15
 77
0
 78
6
 53
0.0
 43
0.0
 44
0.0
 45
0.9525
 46
0.9525
 79
2
 49
0.9525
 49
-0.9525
 53
0.0
 43
0.0
 44
0.3571875
 45
0.9525
 46
0.9525
 79
2
 49
0.9525
 49
-0.9525
 53
0.0
 43
0.0
 44
0.714375
 45
0.9525
 46
0.9525
 79
2
 49
0.9525
 49
-0.9525
 53
90.0
 43
0.1190625
 44
0.8334375
 45
-0.9525
 46
0.9525
 79
2
 49
0.9525
 49
-0.9525
 53
90.0
 43
0.47625
 44
0.8334375
 45
-0.9525
 46
0.9525
 79
2
 49
0.9525
 49
-0.9525
 53
90.0
 43
0.8334375
 44
0.8334375
 45
-0.9525
 46
0.9525
 79
2
 49
0.9525
 49
-0.9525
 98
0
  0
LINE
  5
95
330
17
100
AcDbEntity
  8
A-CUT
100
AcDbLine
 10
-2.0
 20
-0.15
 30
0.0
 11
34.0
 21
-0.15
 31
0.0
  0
LINE
  5
96
330
17
100
AcDbEntity
  8
A-THIN
100
AcDbLine
 10
3.0
 20
-0.15
 30
0.0
 11
2.9
 21
2.3430000000000004
 31
0.0
  0
LINE
  5
97
330
17
100
AcDbEntity
  8
A-THIN
100
AcDbLine
 10
2.9
 20
2.3430000000000004
 30
0.0
 11
2.4
 21
3.7280000000000006
 31
0.0
  0
LINE
  5
98
330
17
100
AcDbEntity
  8
A-THIN
100
AcDbLine
 10
2.9
 20
2.3430000000000004
 30
0.0
 11
3.5
 21
4.005000000000001
 31
0.0
  0
CIRCLE
  5
99
330
17
100
AcDbEntity
  8
A-THIN
100
AcDbCircle
 10
3.6665255188361505
 20
4.287305149736277
 30
0.0
 40
1.3283815801339485
  0
CIRCLE
  5
9A
330
17
100
AcDbEntity
  8
A-THIN
100
AcDbCircle
 10
1.7367850090145405
 20
4.47302536715005
 30
0.0
 40
0.9606508629760425
  0
CIRCLE
  5
9B
330
17
100
AcDbEntity
  8
A-THIN
100
AcDbCircle
 10
2.917953486904997
 20
4.579029112194388
 30
0.0
 40
0.9978580833944372
  0
CIRCLE
  5
9C
330
17
100
AcDbEntity
  8
A-THIN
100
AcDbCircle
 10
2.3782230958175408
 20
4.355882191636888
 30
0.0
 40
1.3157149942069013
  0
CIRCLE
  5
9D
330
17
100
AcDbEntity
  8
A-THIN
100
AcDbCircle
 10
3.7657415474400615
 20
3.4076801757671555
 30
0.0
 40
1.0709776671689828
  0
CIRCLE
  5
9E
330
17
100
AcDbEntity
  8
A-THIN
100
AcDbCircle
 10
2.8785251745869447
 20
4.309660145211223
 30
0.0
 40
1.1605332403753288
  0
CIRCLE
  5
9F
330
17
100
AcDbEntity
  8
A-THIN
100
AcDbCircle
 10
1.9005372483131366
 20
4.4616753760831385
 30
0.0
 40
1.3964994765888445
  0
CIRCLE
  5
A0
330
17
100
AcDbEntity
  8
A-THIN
100
AcDbCircle
 10
2.4858666908584417
 20
4.105042770941893
 30
0.0
 40
1.1064415107882841
  0
CIRCLE
  5
A1
330
17
100
AcDbEntity
  8
A-THIN
100
AcDbCircle
 10
3.725896471170451
 20
3.8772223306872147
 30
0.0
 40
1.1633302893129571
  0
LINE
  5
A2
330
17
100
AcDbEntity
  8
A-THIN
100
AcDbLine
 10
3.2
 20
-0.15
 30
0.0
 11
3.1
 21
2.2620000000000005
 31
0.0
  0
LINE
  5
A3
330
17
100
AcDbEntity
  8
A-THIN
100
AcDbLine
 10
3.1
 20
2.2620000000000005
 30
0.0
 11
2.6
 21
3.602
 31
0.0
  0
LINE
  5
A4
330
17
100
AcDbEntity
  8
A-THIN
100
AcDbLine
 10
3.1
 20
2.2620000000000005
 30
0.0
 11
3.7
 21
3.8700000000000006
 31
0.0
  0
CIRCLE
  5
A5
330
17
100
AcDbEntity
  8
A-THIN
100
AcDbCircle
 10
2.7878337633550845
 20
4.093072103214536
 30
0.0
 40
1.267238794602699
  0
CIRCLE
  5
A6
330
17
100
AcDbEntity
  8
A-THIN
100
AcDbCircle
 10
4.332412697893688
 20
3.449611583515539
 30
0.0
 40
1.1664676802191238
  0
CIRCLE
  5
A7
330
17
100
AcDbEntity
  8
A-THIN
100
AcDbCircle
 10
2.5779948521088807
 20
3.5978060680959083
 30
0.0
 40
1.0343812481108192
  0
CIRCLE
  5
A8
330
17
100
AcDbEntity
  8
A-THIN
100
AcDbCircle
 10
2.835964896177573
 20
3.521147311698475
 30
0.0
 40
1.1130931929298324
  0
CIRCLE
  5
A9
330
17
100
AcDbEntity
  8
A-THIN
100
AcDbCircle
 10
2.601261801390865
 20
4.070372941288322
 30
0.0
 40
1.0161698050940042
  0
CIRCLE
  5
AA
330
17
100
AcDbEntity
  8
A-THIN
100
AcDbCircle
 10
3.1987066500959878
 20
3.205808593377341
 30
0.0
 40
1.148578850403601
  0
CIRCLE
  5
AB
330
17
100
AcDbEntity
  8
A-THIN
100
AcDbCircle
 10
3.5560067570389493
 20
4.050523043725299
 30
0.0
 40
1.0100080322902791
  0
CIRCLE
  5
AC
330
17
100
AcDbEntity
  8
A-THIN
100
AcDbCircle
 10
4.423519424327816
 20
3.7413293926861426
 30
0.0
 40
1.1831386396677175
  0
CIRCLE
  5
AD
330
17
100
AcDbEntity
  8
A-THIN
100
AcDbCircle
 10
3.059172184566547
 20
3.476767975880298
 30
0.0
 40
1.0884239174257957
  0
LINE
  5
AE
330
17
100
AcDbEntity
  8
A-THIN
100
AcDbLine
 10
17.6
 20
-0.15
 30
0.0
 11
17.5
 21
1.2000000000000002
 31
0.0
  0
LINE
  5
AF
330
17
100
AcDbEntity
  8
A-THIN
100
AcDbLine
 10
17.5
 20
1.2000000000000002
 30
0.0
 11
17.0
 21
1.9499999999999997
 31
0.0
  0
LINE
  5
B0
330
17
100
AcDbEntity
  8
A-THIN
100
AcDbLine
 10
17.5
 20
1.2000000000000002
 30
0.0
 11
18.1
 21
2.1
 31
0.0
  0
CIRCLE
  5
B1
330
17
100
AcDbEntity
  8
A-THIN
100
AcDbCircle
 10
17.316396275145053
 20
1.9541839102824334
 30
0.0
 40
0.8570108671183313
  0
CIRCLE
  5
B2
330
17
100
AcDbEntity
  8
A-THIN
100
AcDbCircle
 10
17.346678339557076
 20
2.287269513719577
 30
0.0
 40
0.7995712339047865
  0
CIRCLE
  5
B3
330
17
100
AcDbEntity
  8
A-THIN
100
AcDbCircle
 10
17.800295484841275
 20
1.9068102591213596
 30
0.0
 40
0.8399344491918808
  0
CIRCLE
  5
B4
330
17
100
AcDbEntity
  8
A-THIN
100
AcDbCircle
 10
17.5572940786642
 20
1.6988808909392874
 30
0.0
 40
0.7878112012281813
  0
CIRCLE
  5
B5
330
17
100
AcDbEntity
  8
A-THIN
100
AcDbCircle
 10
17.72910836822354
 20
2.4990574014323315
 30
0.0
 40
0.676120256247576
  0
CIRCLE
  5
B6
330
17
100
AcDbEntity
  8
A-THIN
100
AcDbCircle
 10
17.967862328870847
 20
2.3926375431577758
 30
0.0
 40
0.8181445863995264
  0
CIRCLE
  5
B7
330
17
100
AcDbEntity
  8
A-THIN
100
AcDbCircle
 10
17.451229493834877
 20
2.3834660833598433
 30
0.0
 40
0.7002003296583097
  0
CIRCLE
  5
B8
330
17
100
AcDbEntity
  8
A-THIN
100
AcDbCircle
 10
17.394970157749743
 20
1.6249781128547793
 30
0.0
 40
0.8758137125984726
  0
CIRCLE
  5
B9
330
17
100
AcDbEntity
  8
A-THIN
100
AcDbCircle
 10
18.211861084197757
 20
2.5043389794315405
 30
0.0
 40
0.8393722402494301
  0
LINE
  5
BA
330
17
100
AcDbEntity
  8
A-THIN
100
AcDbLine
 10
27.6
 20
-0.15
 30
0.0
 11
27.5
 21
1.9785000000000004
 31
0.0
  0
LINE
  5
BB
330
17
100
AcDbEntity
  8
A-THIN
100
AcDbLine
 10
27.5
 20
1.9785000000000004
 30
0.0
 11
27.0
 21
3.161
 31
0.0
  0
LINE
  5
BC
330
17
100
AcDbEntity
  8
A-THIN
100
AcDbLine
 10
27.5
 20
1.9785000000000004
 30
0.0
 11
28.1
 21
3.3975000000000004
 31
0.0
  0
CIRCLE
  5
BD
330
17
100
AcDbEntity
  8
A-THIN
100
AcDbCircle
 10
26.788498027547625
 20
3.1055117599778588
 30
0.0
 40
0.790569845151786
  0
CIRCLE
  5
BE
330
17
100
AcDbEntity
  8
A-THIN
100
AcDbCircle
 10
27.04199772053386
 20
3.5048130253262557
 30
0.0
 40
0.7367703486637665
  0
CIRCLE
  5
BF
330
17
100
AcDbEntity
  8
A-THIN
100
AcDbCircle
 10
27.370223165364685
 20
3.630194972072347
 30
0.0
 40
0.6887827409399978
  0
CIRCLE
  5
C0
330
17
100
AcDbEntity
  8
A-THIN
100
AcDbCircle
 10
27.4816467716467
 20
3.6589823574036573
 30
0.0
 40
0.849017241807115
  0
CIRCLE
  5
C1
330
17
100
AcDbEntity
  8
A-THIN
100
AcDbCircle
 10
27.02302243146569
 20
3.250761519008678
 30
0.0
 40
0.6828278475253268
  0
CIRCLE
  5
C2
330
17
100
AcDbEntity
  8
A-THIN
100
AcDbCircle
 10
27.535495987790934
 20
3.726062083030158
 30
0.0
 40
0.8156772642721324
  0
CIRCLE
  5
C3
330
17
100
AcDbEntity
  8
A-THIN
100
AcDbCircle
 10
26.881479560961218
 20
3.1088016899116044
 30
0.0
 40
0.6280905505465952
  0
CIRCLE
  5
C4
330
17
100
AcDbEntity
  8
A-THIN
100
AcDbCircle
 10
28.30985518932133
 20
3.6262053815438122
 30
0.0
 40
0.6427104827195755
  0
CIRCLE
  5
C5
330
17
100
AcDbEntity
  8
A-THIN
100
AcDbCircle
 10
26.935683065722287
 20
3.5923721566963702
 30
0.0
 40
0.8700530873255555
  0
LINE
  5
C6
330
17
100
AcDbEntity
  8
A-THIN
100
AcDbLine
 10
2.0
 20
-0.15
 30
0.0
 11
1.9
 21
2.1810000000000005
 31
0.0
  0
LINE
  5
C7
330
17
100
AcDbEntity
  8
A-THIN
100
AcDbLine
 10
1.9
 20
2.1810000000000005
 30
0.0
 11
1.4
 21
3.4760000000000004
 31
0.0
  0
LINE
  5
C8
330
17
100
AcDbEntity
  8
A-THIN
100
AcDbLine
 10
1.9
 20
2.1810000000000005
 30
0.0
 11
2.5
 21
3.7350000000000008
 31
0.0
  0
CIRCLE
  5
C9
330
17
100
AcDbEntity
  8
A-THIN
100
AcDbCircle
 10
2.116509033301453
 20
3.384958260030364
 30
0.0
 40
0.9046956230243267
  0
CIRCLE
  5
CA
330
17
100
AcDbEntity
  8
A-THIN
100
AcDbCircle
 10
2.6255649134672603
 20
3.7988270389751855
 30
0.0
 40
1.0956898569829463
  0
CIRCLE
  5
CB
330
17
100
AcDbEntity
  8
A-THIN
100
AcDbCircle
 10
1.5279591159858257
 20
3.8353385585534507
 30
0.0
 40
0.7771493804816157
  0
CIRCLE
  5
CC
330
17
100
AcDbEntity
  8
A-THIN
100
AcDbCircle
 10
2.462859113309062
 20
3.6274723406332554
 30
0.0
 40
0.9857778386359066
  0
CIRCLE
  5
CD
330
17
100
AcDbEntity
  8
A-THIN
100
AcDbCircle
 10
1.2405047818026875
 20
3.6945194172070424
 30
0.0
 40
0.8799653439569458
  0
CIRCLE
  5
CE
330
17
100
AcDbEntity
  8
A-THIN
100
AcDbCircle
 10
1.575391925517514
 20
4.12461908072102
 30
0.0
 40
0.964290518214305
  0
CIRCLE
  5
CF
330
17
100
AcDbEntity
  8
A-THIN
100
AcDbCircle
 10
2.9968573277752393
 20
3.3357453828324735
 30
0.0
 40
0.7977104765006654
  0
CIRCLE
  5
D0
330
17
100
AcDbEntity
  8
A-THIN
100
AcDbCircle
 10
1.9273024450956788
 20
3.985430197159663
 30
0.0
 40
0.9944941059545452
  0
CIRCLE
  5
D1
330
17
100
AcDbEntity
  8
A-THIN
100
AcDbCircle
 10
1.5338250179884338
 20
3.3210140047746073
 30
0.0
 40
0.8089908174452765
  0
LINE
  5
D2
330
17
100
AcDbEntity
  8
A-THIN
100
AcDbLine
 10
10.0
 20
-0.15
 30
0.0
 11
10.15
 21
7.35
 31
0.0
  0
LINE
  5
D3
330
17
100
AcDbEntity
  8
A-THIN
100
AcDbLine
 10
16.0
 20
-0.15
 30
0.0
 11
16.15
 21
7.35
 31
0.0
  0
LINE
  5
D4
330
17
100
AcDbEntity
  8
A-THIN
100
AcDbLine
 10
22.0
 20
-0.15
 30
0.0
 11
22.15
 21
7.35
 31
0.0
  0
LINE
  5
D5
330
17
100
AcDbEntity
  8
A-THIN
100
AcDbLine
 10
27.5
 20
-0.15
 30
0.0
 11
27.65
 21
7.35
 31
0.0
  0
LINE
  5
D6
330
17
100
AcDbEntity
  8
A-THIN
100
AcDbLine
 10
26.0
 20
-0.15
 30
0.0
 11
25.9
 21
2.3430000000000004
 31
0.0
  0
LINE
  5
D7
330
17
100
AcDbEntity
  8
A-THIN
100
AcDbLine
 10
25.9
 20
2.3430000000000004
 30
0.0
 11
25.4
 21
3.7280000000000006
 31
0.0
  0
LINE
  5
D8
330
17
100
AcDbEntity
  8
A-THIN
100
AcDbLine
 10
25.9
 20
2.3430000000000004
 30
0.0
 11
26.5
 21
4.005000000000001
 31
0.0
  0
CIRCLE
  5
D9
330
17
100
AcDbEntity
  8
A-THIN
100
AcDbCircle
 10
26.285958616655023
 20
3.5782870771812814
 30
0.0
 40
1.0621293204425846
  0
CIRCLE
  5
DA
330
17
100
AcDbEntity
  8
A-THIN
100
AcDbCircle
 10
26.79199875272699
 20
3.6702715390666536
 30
0.0
 40
0.9134993095635893
  0
CIRCLE
  5
DB
330
17
100
AcDbEntity
  8
A-THIN
100
AcDbCircle
 10
25.222579955101523
 20
3.4183832442169333
 30
0.0
 40
1.3729477475131293
  0
CIRCLE
  5
DC
330
17
100
AcDbEntity
  8
A-THIN
100
AcDbCircle
 10
26.30826886506007
 20
4.363389188009541
 30
0.0
 40
0.9498958430081228
  0
CIRCLE
  5
DD
330
17
100
AcDbEntity
  8
A-THIN
100
AcDbCircle
 10
26.833553575057433
 20
4.518388121802978
 30
0.0
 40
1.310444825086331
  0
CIRCLE
  5
DE
330
17
100
AcDbEntity
  8
A-THIN
100
AcDbCircle
 10
25.316513646799226
 20
4.238161374104386
 30
0.0
 40
1.3124783134968883
  0
CIRCLE
  5
DF
330
17
100
AcDbEntity
  8
A-THIN
100
AcDbCircle
 10
26.141137454826563
 20
4.547452597495349
 30
0.0
 40
1.1664190356361837
  0
CIRCLE
  5
E0
330
17
100
AcDbEntity
  8
A-THIN
100
AcDbCircle
 10
26.94480571306453
 20
4.392404796279685
 30
0.0
 40
1.4009198607665014
  0
CIRCLE
  5
E1
330
17
100
AcDbEntity
  8
A-THIN
100
AcDbCircle
 10
26.703666869251343
 20
3.243586633739218
 30
0.0
 40
1.3112123762514973
  0
LINE
  5
E2
330
17
100
AcDbEntity
  8
A-THIN
100
AcDbLine
 10
12.0
 20
-0.15
 30
0.0
 11
12.15
 21
7.35
 31
0.0
  0
LINE
  5
E3
330
17
100
AcDbEntity
  8
A-THIN
100
AcDbLine
 10
18.0
 20
-0.15
 30
0.0
 11
18.15
 21
7.35
 31
0.0
  0
LWPOLYLINE
  5
E4
330
17
100
AcDbEntity
  8
A-THIN
100
AcDbPolyline
 90
5
 70
1
 10
12.850000000000001
 20
-0.15
 10
12.850000000000001
 20
-0.04999999999999999
 10
6.1499999999999995
 20
-0.04999999999999999
 10
6.1499999999999995
 20
-0.15
 10
12.850000000000001
 20
-0.15
  0
LWPOLYLINE
  5
E5
330
17
100
AcDbEntity
  8
A-THIN
100
AcDbPolyline
 90
5
 70
1
 10
12.4
 20
-0.04999999999999999
 10
12.4
 20
0.8999999999999999
 10
6.6
 20
0.8999999999999999
 10
6.6
 20
-0.04999999999999999
 10
12.4
 20
-0.04999999999999999
  0
LWPOLYLINE
  5
E6
330
17
100
AcDbEntity
  8
A-THIN
100
AcDbPolyline
 90
5
 70
1
 10
12.4
 20
0.8699999999999999
 10
12.4
 20
0.8999999999999999
 10
6.6
 20
0.8999999999999999
 10
6.6
 20
0.8699999999999999
 10
12.4
 20
0.8699999999999999
  0
LWPOLYLINE
  5
E7
330
17
100
AcDbEntity
  8
A-THIN
100
AcDbPolyline
 90
5
 70
1
 10
6.59
 20
-0.04999999999999999
 10
6.59
 20
0.8999999999999999
 10
6.609999999999999
 20
0.8999999999999999
 10
6.609999999999999
 20
-0.04999999999999999
 10
6.59
 20
-0.04999999999999999
  0
LWPOLYLINE
  5
E8
330
17
100
AcDbEntity
  8
A-THIN
100
AcDbPolyline
 90
5
 70
1
 10
12.39
 20
-0.04999999999999999
 10
12.39
 20
0.8999999999999999
 10
12.41
 20
0.8999999999999999
 10
12.41
 20
-0.04999999999999999
 10
12.39
 20
-0.04999999999999999
  0
LWPOLYLINE
  5
E9
330
17
100
AcDbEntity
  8
A-THIN
100
AcDbPolyline
 90
5
 70
1
 10
6.569999999999999
 20
0.8699999999999999
 10
6.569999999999999
 20
0.8999999999999999
 10
6.63
 20
0.8999999999999999
 10
6.63
 20
0.8699999999999999
 10
6.569999999999999
 20
0.8699999999999999
  0
LWPOLYLINE
  5
EA
330
17
100
AcDbEntity
  8
A-THIN
100
AcDbPolyline
 90
5
 70
1
 10
12.370000000000001
 20
0.8699999999999999
 10
12.370000000000001
 20
0.8999999999999999
 10
12.43
 20
0.8999999999999999
 10
12.43
 20
0.8699999999999999
 10
12.370000000000001
 20
0.8699999999999999
  0
LWPOLYLINE
  5
EB
330
17
100
AcDbEntity
  8
A-THIN
100
AcDbPolyline
 90
21
 70
1
 10
6.0
 20
-0.15
 10
6.0
 20
3.55
 10
7.2
 20
3.55
 10
7.8
 20
3.55
 10
11.5
 20
3.55
 10
12.1
 20
3.55
 10
13.4
 20
3.55
 10
15.3
 20
3.55
 10
19.6
 20
3.55
 10
24.4
 20
3.55
 10
25.0
 20
3.55
 10
25.0
 20
-0.15
 10
24.4
 20
-0.15
 10
19.6
 20
-0.15
 10
15.3
 20
-0.15
 10
13.4
 20
-0.15
 10
12.1
 20
-0.15
 10
11.5
 20
-0.15
 10
7.8
 20
-0.15
 10
7.2
 20
-0.15
 10
6.0
 20
-0.15
  0
LWPOLYLINE
  5
EC
330
17
100
AcDbEntity
  8
A-THIN
100
AcDbPolyline
 90
5
 70
1
 10
11.5
 20
0.3
 10
12.1
 20
0.3
 10
12.1
 20
3.0
 10
11.5
 20
3.0
 10
11.5
 20
0.3
  0
LWPOLYLINE
  5
ED
330
17
100
AcDbEntity
  8
A-THIN
100
AcDbPolyline
 90
5
 70
1
 10
13.4
 20
0.0
 10
15.3
 20
0.0
 10
15.3
 20
3.2
 10
13.4
 20
3.2
 10
13.4
 20
0.0
  0
LWPOLYLINE
  5
EE
330
17
100
AcDbEntity
  8
A-THIN
100
AcDbPolyline
 90
5
 70
1
 10
7.8
 20
0.3
 10
7.8
 20
3.0
 10
7.2
 20
3.0
 10
7.2
 20
0.3
 10
7.8
 20
0.3
  0
LWPOLYLINE
  5
EF
330
17
100
AcDbEntity
  8
A-THIN
100
AcDbPolyline
 90
5
 70
1
 10
24.4
 20
3.0
 10
19.6
 20
3.0
 10
19.6
 20
2.1
 10
24.4
 20
2.1
 10
24.4
 20
3.0
  0
LWPOLYLINE
  5
F0
330
17
100
AcDbEntity
  8
A-THIN
100
AcDbPolyline
 90
27
 70
1
 10
13.4
 20
3.1500000000000004
 10
12.7
 20
3.1500000000000004
 10
11.7
 20
3.1500000000000004
 10
11.2
 20
3.1500000000000004
 10
6.0
 20
3.1500000000000004
 10
6.0
 20
7.5
 10
11.2
 20
7.5
 10
11.7
 20
7.5
 10
12.7
 20
7.5
 10
12.9
 20
7.5
 10
12.9
 20
10.2
 10
13.4
 20
10.2
 10
15.3
 20
10.2
 10
17.8
 20
10.2
 10
17.8
 20
7.5
 10
17.9
 20
7.5
 10
19.2
 20
7.5
 10
22.3
 20
7.5
 10
24.2
 20
7.5
 10
25.0
 20
7.5
 10
25.0
 20
3.1500000000000004
 10
24.2
 20
3.1500000000000004
 10
22.3
 20
3.1500000000000004
 10
19.2
 20
3.1500000000000004
 10
17.9
 20
3.1500000000000004
 10
15.3
 20
3.1500000000000004
 10
13.4
 20
3.1500000000000004
  0
LWPOLYLINE
  5
F1
330
17
100
AcDbEntity
  8
A-THIN
100
AcDbPolyline
 90
5
 70
1
 10
13.4
 20
7.5
 10
15.3
 20
7.5
 10
15.3
 20
9.2
 10
13.4
 20
9.2
 10
13.4
 20
7.5
  0
LWPOLYLINE
  5
F2
330
17
100
AcDbEntity
  8
A-THIN
100
AcDbPolyline
 90
5
 70
1
 10
13.4
 20
6.800000000000001
 10
13.4
 20
3.2
 10
15.3
 20
3.2
 10
15.3
 20
6.800000000000001
 10
13.4
 20
6.800000000000001
  0
LWPOLYLINE
  5
F3
330
17
100
AcDbEntity
  8
A-THIN
100
AcDbPolyline
 90
5
 70
1
 10
12.7
 20
5.1
 10
12.7
 20
6.0
 10
11.7
 20
6.0
 10
11.7
 20
5.1
 10
12.7
 20
5.1
  0
LWPOLYLINE
  5
F4
330
17
100
AcDbEntity
  8
A-THIN
100
AcDbPolyline
 90
5
 70
1
 10
19.2
 20
5.0
 10
19.2
 20
6.0
 10
17.9
 20
6.0
 10
17.9
 20
5.0
 10
19.2
 20
5.0
  0
LWPOLYLINE
  5
F5
330
17
100
AcDbEntity
  8
A-THIN
100
AcDbPolyline
 90
5
 70
1
 10
24.2
 20
6.0
 10
22.3
 20
6.0
 10
22.3
 20
5.1
 10
24.2
 20
5.1
 10
24.2
 20
6.0
  0
LWPOLYLINE
  5
F6
330
17
100
AcDbEntity
  8
A-THIN
100
AcDbPolyline
 90
5
 70
1
 10
13.450000000000001
 20
3.1500000000000004
 10
15.25
 20
3.1500000000000004
 10
15.25
 20
0.05
 10
13.450000000000001
 20
0.05
 10
13.450000000000001
 20
3.1500000000000004
  0
LWPOLYLINE
  5
F7
330
17
100
AcDbEntity
  8
A-THIN
100
AcDbPolyline
 90
5
 70
1
 10
7.75
 20
2.95
 10
7.75
 20
0.35
 10
7.25
 20
0.35
 10
7.25
 20
2.95
 10
7.75
 20
2.95
  0
LWPOLYLINE
  5
F8
330
17
100
AcDbEntity
  8
A-THIN
100
AcDbPolyline
 90
5
 70
1
 10
12.049999999999999
 20
2.95
 10
12.049999999999999
 20
0.35
 10
11.55
 20
0.35
 10
11.55
 20
2.95
 10
12.049999999999999
 20
2.95
  0
LWPOLYLINE
  5
F9
330
17
100
AcDbEntity
  8
A-THIN
100
AcDbPolyline
 90
5
 70
1
 10
24.33
 20
2.93
 10
24.33
 20
2.17
 10
19.67
 20
2.17
 10
19.67
 20
2.93
 10
24.33
 20
2.93
  0
LWPOLYLINE
  5
FA
330
17
100
AcDbEntity
  8
A-THIN
100
AcDbPolyline
 90
5
 70
1
 10
15.25
 20
6.750000000000001
 10
15.25
 20
3.25
 10
13.450000000000001
 20
3.25
 10
13.450000000000001
 20
6.750000000000001
 10
15.25
 20
6.750000000000001
  0
LWPOLYLINE
  5
FB
330
17
100
AcDbEntity
  8
A-THIN
100
AcDbPolyline
 90
5
 70
1
 10
19.13
 20
5.93
 10
19.13
 20
5.07
 10
17.97
 20
5.07
 10
17.97
 20
5.93
 10
19.13
 20
5.93
  0
LWPOLYLINE
  5
FC
330
17
100
AcDbEntity
  8
A-THIN
100
AcDbPolyline
 90
5
 70
1
 10
15.25
 20
9.149999999999999
 10
15.25
 20
6.85
 10
13.450000000000001
 20
6.85
 10
13.450000000000001
 20
9.149999999999999
 10
15.25
 20
9.149999999999999
  0
LWPOLYLINE
  5
FD
330
17
100
AcDbEntity
  8
A-THIN
100
AcDbPolyline
 90
5
 70
1
 10
11.77
 20
5.17
 10
11.77
 20
5.93
 10
12.629999999999999
 20
5.93
 10
12.629999999999999
 20
5.17
 10
11.77
 20
5.17
  0
LWPOLYLINE
  5
FE
330
17
100
AcDbEntity
  8
A-THIN
100
AcDbPolyline
 90
5
 70
1
 10
22.37
 20
5.17
 10
22.37
 20
5.93
 10
24.13
 20
5.93
 10
24.13
 20
5.17
 10
22.37
 20
5.17
  0
LWPOLYLINE
  5
FF
330
17
100
AcDbEntity
  8
A-THIN
100
AcDbPolyline
 90
27
 70
1
 10
15.3
 20
0.0
 10
15.25
 20
0.0
 10
13.450000000000001
 20
0.0
 10
13.4
 20
0.0
 10
13.4
 20
0.05
 10
13.4
 20
3.1500000000000004
 10
13.4
 20
3.2
 10
13.4
 20
3.25
 10
13.4
 20
6.750000000000001
 10
13.4
 20
6.8
 10
13.4
 20
6.800000000000001
 10
13.4
 20
6.85
 10
13.4
 20
9.149999999999999
 10
13.4
 20
9.2
 10
13.450000000000001
 20
9.2
 10
15.25
 20
9.2
 10
15.3
 20
9.2
 10
15.3
 20
9.149999999999999
 10
15.3
 20
6.85
 10
15.3
 20
6.800000000000001
 10
15.3
 20
6.8
 10
15.3
 20
6.750000000000001
 10
15.3
 20
3.25
 10
15.3
 20
3.2
 10
15.3
 20
3.1500000000000004
 10
15.3
 20
0.05
 10
15.3
 20
0.0
  0
LWPOLYLINE
  5
100
330
17
100
AcDbEntity
  8
A-THIN
100
AcDbPolyline
 90
5
 70
1
 10
15.25
 20
0.05
 10
15.25
 20
3.1500000000000004
 10
13.450000000000001
 20
3.1500000000000004
 10
13.450000000000001
 20
0.05
 10
15.25
 20
0.05
  0
LWPOLYLINE
  5
101
330
17
100
AcDbEntity
  8
A-THIN
100
AcDbPolyline
 90
5
 70
1
 10
13.450000000000001
 20
9.149999999999999
 10
13.450000000000001
 20
6.85
 10
15.25
 20
6.85
 10
15.25
 20
9.149999999999999
 10
13.450000000000001
 20
9.149999999999999
  0
LWPOLYLINE
  5
102
330
17
100
AcDbEntity
  8
A-THIN
100
AcDbPolyline
 90
5
 70
1
 10
13.450000000000001
 20
6.750000000000001
 10
13.450000000000001
 20
3.25
 10
15.25
 20
3.25
 10
15.25
 20
6.750000000000001
 10
13.450000000000001
 20
6.750000000000001
  0
LWPOLYLINE
  5
103
330
17
100
AcDbEntity
  8
A-THIN
100
AcDbPolyline
 90
13
 70
1
 10
7.25
 20
3.0
 10
7.75
 20
3.0
 10
7.8
 20
3.0
 10
7.8
 20
2.95
 10
7.8
 20
0.35
 10
7.8
 20
0.3
 10
7.75
 20
0.3
 10
7.25
 20
0.3
 10
7.2
 20
0.3
 10
7.2
 20
0.35
 10
7.2
 20
2.95
 10
7.2
 20
3.0
 10
7.25
 20
3.0
  0
LWPOLYLINE
  5
104
330
17
100
AcDbEntity
  8
A-THIN
100
AcDbPolyline
 90
5
 70
1
 10
7.75
 20
2.95
 10
7.25
 20
2.95
 10
7.25
 20
0.35
 10
7.75
 20
0.35
 10
7.75
 20
2.95
  0
LWPOLYLINE
  5
105
330
17
100
AcDbEntity
  8
A-THIN
100
AcDbPolyline
 90
13
 70
1
 10
11.55
 20
0.3
 10
11.5
 20
0.3
 10
11.5
 20
0.35
 10
11.5
 20
2.95
 10
11.5
 20
3.0
 10
11.55
 20
3.0
 10
12.049999999999999
 20
3.0
 10
12.1
 20
3.0
 10
12.1
 20
2.95
 10
12.1
 20
0.35
 10
12.1
 20
0.3
 10
12.049999999999999
 20
0.3
 10
11.55
 20
0.3
  0
LWPOLYLINE
  5
106
330
17
100
AcDbEntity
  8
A-THIN
100
AcDbPolyline
 90
5
 70
1
 10
11.55
 20
2.95
 10
11.55
 20
0.35
 10
12.049999999999999
 20
0.35
 10
12.049999999999999
 20
2.95
 10
11.55
 20
2.95
  0
LWPOLYLINE
  5
107
330
17
100
AcDbEntity
  8
A-THIN
100
AcDbPolyline
 90
13
 70
1
 10
11.7
 20
5.17
 10
11.7
 20
5.93
 10
11.7
 20
6.0
 10
11.77
 20
6.0
 10
12.629999999999999
 20
6.0
 10
12.7
 20
6.0
 10
12.7
 20
5.93
 10
12.7
 20
5.17
 10
12.7
 20
5.1
 10
12.629999999999999
 20
5.1
 10
11.77
 20
5.1
 10
11.7
 20
5.1
 10
11.7
 20
5.17
  0
LWPOLYLINE
  5
108
330
17
100
AcDbEntity
  8
A-THIN
100
AcDbPolyline
 90
5
 70
1
 10
12.629999999999999
 20
5.93
 10
11.77
 20
5.93
 10
11.77
 20
5.17
 10
12.629999999999999
 20
5.17
 10
12.629999999999999
 20
5.93
  0
LWPOLYLINE
  5
109
330
17
100
AcDbEntity
  8
A-THIN
100
AcDbPolyline
 90
25
 70
1
 10
23.23
 20
3.0
 10
24.33
 20
3.0
 10
24.4
 20
3.0
 10
24.4
 20
2.93
 10
24.4
 20
2.17
 10
24.4
 20
2.1
 10
24.33
 20
2.1
 10
23.23
 20
2.1
 10
23.169999999999998
 20
2.1
 10
22.03
 20
2.1
 10
21.97
 20
2.1
 10
20.830000000000002
 20
2.1
 10
20.77
 20
2.1
 10
19.67
 20
2.1
 10
19.6
 20
2.1
 10
19.6
 20
2.17
 10
19.6
 20
2.93
 10
19.6
 20
3.0
 10
19.67
 20
3.0
 10
20.77
 20
3.0
 10
20.830000000000002
 20
3.0
 10
21.97
 20
3.0
 10
22.03
 20
3.0
 10
23.169999999999998
 20
3.0
 10
23.23
 20
3.0
  0
LWPOLYLINE
  5
10A
330
17
100
AcDbEntity
  8
A-THIN
100
AcDbPolyline
 90
5
 70
1
 10
19.67
 20
2.93
 10
19.67
 20
2.17
 10
20.77
 20
2.17
 10
20.77
 20
2.93
 10
19.67
 20
2.93
  0
LWPOLYLINE
  5
10B
330
17
100
AcDbEntity
  8
A-THIN
100
AcDbPolyline
 90
5
 70
1
 10
20.830000000000002
 20
2.93
 10
20.830000000000002
 20
2.17
 10
21.97
 20
2.17
 10
21.97
 20
2.93
 10
20.830000000000002
 20
2.93
  0
LWPOLYLINE
  5
10C
330
17
100
AcDbEntity
  8
A-THIN
100
AcDbPolyline
 90
5
 70
1
 10
23.169999999999998
 20
2.93
 10
22.03
 20
2.93
 10
22.03
 20
2.17
 10
23.169999999999998
 20
2.17
 10
23.169999999999998
 20
2.93
  0
LWPOLYLINE
  5
10D
330
17
100
AcDbEntity
  8
A-THIN
100
AcDbPolyline
 90
5
 70
1
 10
24.33
 20
2.93
 10
23.23
 20
2.93
 10
23.23
 20
2.17
 10
24.33
 20
2.17
 10
24.33
 20
2.93
  0
LWPOLYLINE
  5
10E
330
17
100
AcDbEntity
  8
A-THIN
100
AcDbPolyline
 90
13
 70
1
 10
17.97
 20
6.0
 10
19.13
 20
6.0
 10
19.2
 20
6.0
 10
19.2
 20
5.93
 10
19.2
 20
5.07
 10
19.2
 20
5.0
 10
19.13
 20
5.0
 10
17.97
 20
5.0
 10
17.9
 20
5.0
 10
17.9
 20
5.07
 10
17.9
 20
5.93
 10
17.9
 20
6.0
 10
17.97
 20
6.0
  0
LWPOLYLINE
  5
10F
330
17
100
AcDbEntity
  8
A-THIN
100
AcDbPolyline
 90
5
 70
1
 10
19.13
 20
5.93
 10
17.97
 20
5.93
 10
17.97
 20
5.07
 10
19.13
 20
5.07
 10
19.13
 20
5.93
  0
LWPOLYLINE
  5
110
330
17
100
AcDbEntity
  8
A-THIN
100
AcDbPolyline
 90
17
 70
1
 10
22.37
 20
6.0
 10
23.22
 20
6.0
 10
23.28
 20
6.0
 10
24.13
 20
6.0
 10
24.2
 20
6.0
 10
24.2
 20
5.93
 10
24.2
 20
5.17
 10
24.2
 20
5.1
 10
24.13
 20
5.1
 10
23.28
 20
5.1
 10
23.22
 20
5.1
 10
22.37
 20
5.1
 10
22.3
 20
5.1
 10
22.3
 20
5.17
 10
22.3
 20
5.93
 10
22.3
 20
6.0
 10
22.37
 20
6.0
  0
LWPOLYLINE
  5
111
330
17
100
AcDbEntity
  8
A-THIN
100
AcDbPolyline
 90
5
 70
1
 10
23.22
 20
5.93
 10
22.37
 20
5.93
 10
22.37
 20
5.17
 10
23.22
 20
5.17
 10
23.22
 20
5.93
  0
LWPOLYLINE
  5
112
330
17
100
AcDbEntity
  8
A-THIN
100
AcDbPolyline
 90
5
 70
1
 10
23.28
 20
5.93
 10
23.28
 20
5.17
 10
24.13
 20
5.17
 10
24.13
 20
5.93
 10
23.28
 20
5.93
  0
LWPOLYLINE
  5
113
330
17
100
AcDbEntity
  8
A-THIN
100
AcDbPolyline
 90
5
 70
1
 10
6.0
 20
6.9
 10
6.0
 20
7.5
 10
12.9
 20
7.5
 10
12.9
 20
6.9
 10
6.0
 20
6.9
  0
LWPOLYLINE
  5
114
330
17
100
AcDbEntity
  8
A-THIN
100
AcDbPolyline
 90
5
 70
1
 10
17.8
 20
6.9
 10
17.8
 20
7.5
 10
25.0
 20
7.5
 10
25.0
 20
6.9
 10
17.8
 20
6.9
  0
LWPOLYLINE
  5
115
330
17
100
AcDbEntity
  8
A-THIN
100
AcDbPolyline
 90
5
 70
1
 10
24.8
 20
7.5
 10
24.8
 20
8.1
 10
17.9
 20
8.1
 10
17.9
 20
7.5
 10
24.8
 20
7.5
  0
LWPOLYLINE
  5
116
330
17
100
AcDbEntity
  8
A-THIN
100
AcDbPolyline
 90
5
 70
1
 10
24.8
 20
8.07
 10
24.8
 20
8.1
 10
17.9
 20
8.1
 10
17.9
 20
8.07
 10
24.8
 20
8.07
  0
LWPOLYLINE
  5
117
330
17
100
AcDbEntity
  8
A-THIN
100
AcDbPolyline
 90
5
 70
1
 10
6.299999999999999
 20
-0.15
 10
6.299999999999999
 20
-0.04999999999999999
 10
6.6
 20
-0.04999999999999999
 10
6.6
 20
-0.15
 10
6.299999999999999
 20
-0.15
  0
LWPOLYLINE
  5
118
330
17
100
AcDbEntity
  8
A-THIN
100
AcDbPolyline
 90
5
 70
1
 10
12.4
 20
-0.15
 10
12.4
 20
-0.04999999999999999
 10
12.700000000000001
 20
-0.04999999999999999
 10
12.700000000000001
 20
-0.15
 10
12.4
 20
-0.15
  0
LWPOLYLINE
  5
119
330
17
100
AcDbEntity
  8
A-THIN
100
AcDbPolyline
 90
23
 70
1
 10
6.0
 20
3.2
 10
7.2
 20
3.2
 10
7.8
 20
3.2
 10
11.5
 20
3.2
 10
12.1
 20
3.2
 10
13.4
 20
3.2
 10
13.4
 20
0.0
 10
15.3
 20
0.0
 10
15.3
 20
3.2
 10
19.6
 20
3.2
 10
24.4
 20
3.2
 10
25.0
 20
3.2
 10
25.0
 20
-0.1
 10
24.4
 20
-0.1
 10
19.6
 20
-0.1
 10
15.3
 20
-0.1
 10
13.4
 20
-0.1
 10
12.1
 20
-0.1
 10
11.5
 20
-0.1
 10
7.8
 20
-0.1
 10
7.2
 20
-0.1
 10
6.0
 20
-0.1
 10
6.0
 20
3.2
  0
LWPOLYLINE
  5
11A
330
17
100
AcDbEntity
  8
A-THIN
100
AcDbPolyline
 90
5
 70
1
 10
12.1
 20
0.3
 10
12.1
 20
3.0
 10
11.5
 20
3.0
 10
11.5
 20
0.3
 10
12.1
 20
0.3
  0
LWPOLYLINE
  5
11B
330
17
100
AcDbEntity
  8
A-THIN
100
AcDbPolyline
 90
5
 70
1
 10
7.8
 20
3.0
 10
7.2
 20
3.0
 10
7.2
 20
0.3
 10
7.8
 20
0.3
 10
7.8
 20
3.0
  0
LWPOLYLINE
  5
11C
330
17
100
AcDbEntity
  8
A-THIN
100
AcDbPolyline
 90
5
 70
1
 10
24.4
 20
3.0
 10
19.6
 20
3.0
 10
19.6
 20
2.1
 10
24.4
 20
2.1
 10
24.4
 20
3.0
  0
LWPOLYLINE
  5
11D
330
17
100
AcDbEntity
  8
A-THIN
100
AcDbPolyline
 90
9
 70
1
 10
11.2
 20
6.6000000000000005
 10
11.7
 20
6.6000000000000005
 10
12.7
 20
6.6000000000000005
 10
13.4
 20
6.6000000000000005
 10
13.4
 20
3.5
 10
12.7
 20
3.5
 10
11.7
 20
3.5
 10
11.2
 20
3.5
 10
11.2
 20
6.6000000000000005
  0
LWPOLYLINE
  5
11E
330
17
100
AcDbEntity
  8
A-THIN
100
AcDbPolyline
 90
5
 70
1
 10
12.7
 20
6.0
 10
11.7
 20
6.0
 10
11.7
 20
5.1
 10
12.7
 20
5.1
 10
12.7
 20
6.0
  0
LWPOLYLINE
  5
11F
330
17
100
AcDbEntity
  8
A-THIN
100
AcDbPolyline
 90
11
 70
1
 10
15.3
 20
9.7
 10
17.8
 20
9.7
 10
17.8
 20
6.9
 10
15.3
 20
6.9
 10
15.3
 20
9.2
 10
13.4
 20
9.2
 10
13.4
 20
6.9
 10
12.9
 20
6.9
 10
12.9
 20
9.7
 10
13.4
 20
9.7
 10
15.3
 20
9.7
  0
LWPOLYLINE
  5
120
330
17
100
AcDbEntity
  8
A-THIN
100
AcDbPolyline
 90
13
 70
1
 10
15.3
 20
3.5
 10
15.3
 20
6.6000000000000005
 10
17.9
 20
6.6000000000000005
 10
19.2
 20
6.6000000000000005
 10
22.3
 20
6.6000000000000005
 10
24.2
 20
6.6000000000000005
 10
25.0
 20
6.6000000000000005
 10
25.0
 20
3.5
 10
24.2
 20
3.5
 10
22.3
 20
3.5
 10
19.2
 20
3.5
 10
17.9
 20
3.5
 10
15.3
 20
3.5
  0
LWPOLYLINE
  5
121
330
17
100
AcDbEntity
  8
A-THIN
100
AcDbPolyline
 90
5
 70
1
 10
19.2
 20
6.0
 10
17.9
 20
6.0
 10
17.9
 20
5.0
 10
19.2
 20
5.0
 10
19.2
 20
6.0
  0
LWPOLYLINE
  5
122
330
17
100
AcDbEntity
  8
A-THIN
100
AcDbPolyline
 90
5
 70
1
 10
24.2
 20
6.0
 10
22.3
 20
6.0
 10
22.3
 20
5.1
 10
24.2
 20
5.1
 10
24.2
 20
6.0
  0
LWPOLYLINE
  5
123
330
17
100
AcDbEntity
  8
A-THIN
100
AcDbPolyline
 90
5
 70
1
 10
13.0
 20
-0.1
 10
15.7
 20
-0.1
 10
15.7
 20
-0.15
 10
13.0
 20
-0.15
 10
13.0
 20
-0.1
  0
LWPOLYLINE
  5
124
330
17
100
AcDbEntity
  8
A-THIN
100
AcDbPolyline
 90
5
 70
1
 10
17.3
 20
-0.1
 10
17.3
 20
-0.15
 10
15.9
 20
-0.15
 10
15.9
 20
-0.1
 10
17.3
 20
-0.1
  0
LWPOLYLINE
  5
125
330
17
100
AcDbEntity
  8
A-THIN
100
AcDbPolyline
 90
5
 70
1
 10
15.7
 20
3.5
 10
15.7
 20
3.2
 10
13.1
 20
3.2
 10
13.1
 20
3.5
 10
15.7
 20
3.5
  0
LWPOLYLINE
  5
126
330
17
100
AcDbEntity
  8
A-THIN
100
AcDbPolyline
 90
5
 70
1
 10
17.3
 20
3.5
 10
17.3
 20
3.2
 10
15.9
 20
3.2
 10
15.9
 20
3.5
 10
17.3
 20
3.5
  0
LWPOLYLINE
  5
127
330
17
100
AcDbEntity
  8
A-THIN
100
AcDbPolyline
 90
5
 70
1
 10
11.2
 20
6.6000000000000005
 10
11.2
 20
3.5
 10
6.0
 20
3.5
 10
6.0
 20
6.6000000000000005
 10
11.2
 20
6.6000000000000005
  0
LWPOLYLINE
  5
128
330
17
100
AcDbEntity
  8
A-THIN
100
AcDbPolyline
 90
5
 70
1
 10
15.7
 20
6.9
 10
15.7
 20
6.6000000000000005
 10
13.1
 20
6.6000000000000005
 10
13.1
 20
6.9
 10
15.7
 20
6.9
  0
LWPOLYLINE
  5
129
330
17
100
AcDbEntity
  8
A-THIN
100
AcDbPolyline
 90
5
 70
1
 10
17.3
 20
6.9
 10
17.3
 20
6.6000000000000005
 10
15.9
 20
6.6000000000000005
 10
15.9
 20
6.9
 10
17.3
 20
6.9
  0
LWPOLYLINE
  5
12A
330
17
100
AcDbEntity
  8
A-THIN
100
AcDbPolyline
 90
5
 70
1
 10
13.0
 20
0.0
 10
15.7
 20
0.0
 10
15.7
 20
-0.1
 10
13.0
 20
-0.1
 10
13.0
 20
0.0
  0
LWPOLYLINE
  5
12B
330
17
100
AcDbEntity
  8
A-THIN
100
AcDbPolyline
 90
5
 70
1
 10
15.9
 20
0.0
 10
17.3
 20
0.0
 10
17.3
 20
-0.1
 10
15.9
 20
-0.1
 10
15.9
 20
0.0
  0
LWPOLYLINE
  5
12C
330
17
100
AcDbEntity
  8
A-THIN
100
AcDbPolyline
 90
5
 70
1
 10
13.1
 20
3.6
 10
15.7
 20
3.6
 10
15.7
 20
3.5
 10
13.1
 20
3.5
 10
13.1
 20
3.6
  0
LWPOLYLINE
  5
12D
330
17
100
AcDbEntity
  8
A-THIN
100
AcDbPolyline
 90
5
 70
1
 10
15.9
 20
3.6
 10
17.3
 20
3.6
 10
17.3
 20
3.5
 10
15.9
 20
3.5
 10
15.9
 20
3.6
  0
LWPOLYLINE
  5
12E
330
17
100
AcDbEntity
  8
A-THIN
100
AcDbPolyline
 90
5
 70
1
 10
13.1
 20
6.9
 10
13.1
 20
7.0200000000000005
 10
15.7
 20
7.0200000000000005
 10
15.7
 20
6.9
 10
13.1
 20
6.9
  0
LWPOLYLINE
  5
12F
330
17
100
AcDbEntity
  8
A-THIN
100
AcDbPolyline
 90
5
 70
1
 10
15.9
 20
6.9
 10
15.9
 20
7.0200000000000005
 10
17.3
 20
7.0200000000000005
 10
17.3
 20
6.9
 10
15.9
 20
6.9
  0
LWPOLYLINE
  5
130
330
17
100
AcDbEntity
  8
A-THIN
100
AcDbPolyline
 90
5
 70
1
 10
10.9
 20
3.5
 10
10.9
 20
6.6000000000000005
 10
6.3
 20
6.6000000000000005
 10
6.3
 20
3.5
 10
10.9
 20
3.5
  0
LWPOLYLINE
  5
131
330
17
100
AcDbEntity
  8
A-THIN
100
AcDbPolyline
 90
5
 70
1
 10
24.7
 20
9.7
 10
24.7
 20
9.92
 10
18.2
 20
9.92
 10
18.2
 20
9.7
 10
24.7
 20
9.7
  0
LWPOLYLINE
  5
132
330
17
100
AcDbEntity
  8
A-THIN
100
AcDbPolyline
 90
5
 70
1
 10
24.900000000000002
 20
-0.1
 10
24.900000000000002
 20
3.2
 10
24.700000000000003
 20
3.2
 10
24.700000000000003
 20
-0.1
 10
24.900000000000002
 20
-0.1
  0
LWPOLYLINE
  5
133
330
17
100
AcDbEntity
  8
A-THIN
100
AcDbPolyline
 90
5
 70
1
 10
25.0
 20
-0.15
 10
25.0
 20
3.55
 10
24.900000000000002
 20
3.55
 10
24.900000000000002
 20
-0.15
 10
25.0
 20
-0.15
  0
LWPOLYLINE
  5
134
330
17
100
AcDbEntity
  8
A-THIN
100
AcDbPolyline
 90
5
 70
1
 10
24.58
 20
9.739999999999998
 10
24.58
 20
9.899999999999999
 10
18.32
 20
9.899999999999999
 10
18.32
 20
9.739999999999998
 10
24.58
 20
9.739999999999998
  0
LWPOLYLINE
  5
135
330
17
100
AcDbEntity
  8
A-THIN
100
AcDbPolyline
 90
5
 70
1
 10
18.275000000000002
 20
7.0
 10
18.275000000000002
 20
9.7
 10
18.425
 20
9.7
 10
18.425
 20
7.0
 10
18.275000000000002
 20
7.0
  0
LWPOLYLINE
  5
136
330
17
100
AcDbEntity
  8
A-THIN
100
AcDbPolyline
 90
5
 70
1
 10
24.475
 20
7.0
 10
24.475
 20
9.7
 10
24.625
 20
9.7
 10
24.625
 20
7.0
 10
24.475
 20
7.0
  0
LWPOLYLINE
  5
137
330
17
100
AcDbEntity
  8
A-THIN
100
AcDbPolyline
 90
5
 70
1
 10
24.860000000000003
 20
0.0
 10
24.860000000000003
 20
2.9
 10
24.8
 20
2.9
 10
24.8
 20
0.0
 10
24.860000000000003
 20
0.0
  0
LWPOLYLINE
  5
138
330
17
100
AcDbEntity
  8
A-THIN
100
AcDbPolyline
 90
5
 70
1
 10
24.58
 20
9.739999999999998
 10
24.58
 20
9.899999999999999
 10
18.32
 20
9.899999999999999
 10
18.32
 20
9.739999999999998
 10
24.58
 20
9.739999999999998
  0
LWPOLYLINE
  5
139
330
17
100
AcDbEntity
  8
A-THIN
100
AcDbPolyline
 90
5
 70
1
 10
10.85
 20
0.0
 10
10.85
 20
1.0
 10
8.45
 20
1.0
 10
8.45
 20
0.0
 10
10.85
 20
0.0
  0
LWPOLYLINE
  5
13A
330
17
100
AcDbEntity
  8
A-THIN
100
AcDbPolyline
 90
5
 70
1
 10
24.5
 20
0.0
 10
24.5
 20
0.45
 10
23.0
 20
0.45
 10
23.0
 20
0.0
 10
24.5
 20
0.0
  0
LWPOLYLINE
  5
13B
330
17
100
AcDbEntity
  8
A-THIN
100
AcDbPolyline
 90
5
 70
1
 10
22.65
 20
3.6
 10
22.65
 20
4.45
 10
21.25
 20
4.45
 10
21.25
 20
3.6
 10
22.65
 20
3.6
  0
LWPOLYLINE
  5
13C
330
17
100
AcDbEntity
  8
A-THIN
100
AcDbPolyline
 90
5
 70
1
 10
19.0
 20
0.0
 10
19.0
 20
2.6
 10
17.62
 20
2.6
 10
17.62
 20
0.0
 10
19.0
 20
0.0
  0
LWPOLYLINE
  5
13D
330
17
100
AcDbEntity
  8
A-THIN
100
AcDbPolyline
 90
5
 70
1
 10
22.900000000000002
 20
0.0
 10
22.900000000000002
 20
2.6
 10
19.3
 20
2.6
 10
19.3
 20
0.0
 10
22.900000000000002
 20
0.0
  0
LWPOLYLINE
  5
13E
330
17
100
AcDbEntity
  8
A-THIN
100
AcDbPolyline
 90
5
 70
1
 10
19.5
 20
3.6
 10
19.5
 20
4.5200000000000005
 10
17.7
 20
4.5200000000000005
 10
17.7
 20
3.6
 10
19.5
 20
3.6
  0
LWPOLYLINE
  5
13F
330
17
100
AcDbEntity
  8
A-THIN
100
AcDbPolyline
 90
5
 70
1
 10
10.6
 20
3.6
 10
10.6
 20
4.35
 10
9.0
 20
4.35
 10
9.0
 20
3.6
 10
10.6
 20
3.6
  0
LWPOLYLINE
  5
140
330
17
100
AcDbEntity
  8
A-THIN
100
AcDbPolyline
 90
5
 70
1
 10
24.58
 20
9.739999999999998
 10
24.58
 20
9.899999999999999
 10
18.32
 20
9.899999999999999
 10
18.32
 20
9.739999999999998
 10
24.58
 20
9.739999999999998
  0
LWPOLYLINE
  5
141
330
17
100
AcDbEntity
  8
A-THIN
100
AcDbPolyline
 90
5
 70
1
 10
24.842000000000002
 20
0.05
 10
24.842000000000002
 20
2.85
 10
24.818
 20
2.85
 10
24.818
 20
0.05
 10
24.842000000000002
 20
0.05
  0
LWPOLYLINE
  5
142
330
17
100
AcDbEntity
  8
A-THIN
100
AcDbPolyline
 90
5
 70
1
 10
24.700000000000003
 20
-0.1
 10
24.700000000000003
 20
0.0
 10
24.900000000000002
 20
0.0
 10
24.900000000000002
 20
-0.1
 10
24.700000000000003
 20
-0.1
  0
LWPOLYLINE
  5
143
330
17
100
AcDbEntity
  8
A-THIN
100
AcDbPolyline
 90
5
 70
1
 10
24.700000000000003
 20
2.9
 10
24.700000000000003
 20
3.2
 10
24.900000000000002
 20
3.2
 10
24.900000000000002
 20
2.9
 10
24.700000000000003
 20
2.9
  0
LWPOLYLINE
  5
144
330
17
100
AcDbEntity
  8
A-THIN
100
AcDbPolyline
 90
5
 70
1
 10
24.900000000000002
 20
-0.15
 10
24.900000000000002
 20
0.0
 10
25.0
 20
0.0
 10
25.0
 20
-0.15
 10
24.900000000000002
 20
-0.15
  0
LWPOLYLINE
  5
145
330
17
100
AcDbEntity
  8
A-THIN
100
AcDbPolyline
 90
5
 70
1
 10
24.900000000000002
 20
2.9
 10
24.900000000000002
 20
3.55
 10
25.0
 20
3.55
 10
25.0
 20
2.9
 10
24.900000000000002
 20
2.9
  0
LWPOLYLINE
  5
146
330
17
100
AcDbEntity
  8
A-THIN
100
AcDbPolyline
 90
9
 70
1
 10
24.860000000000003
 20
0.0
 10
24.8
 20
0.0
 10
24.8
 20
0.05
 10
24.8
 20
2.85
 10
24.8
 20
2.9
 10
24.860000000000003
 20
2.9
 10
24.860000000000003
 20
2.85
 10
24.860000000000003
 20
0.05
 10
24.860000000000003
 20
0.0
  0
LWPOLYLINE
  5
147
330
17
100
AcDbEntity
  8
A-THIN
100
AcDbPolyline
 90
5
 70
1
 10
24.58
 20
9.739999999999998
 10
24.58
 20
9.899999999999999
 10
18.32
 20
9.899999999999999
 10
18.32
 20
9.739999999999998
 10
24.58
 20
9.739999999999998
  0
LWPOLYLINE
  5
148
330
17
100
AcDbEntity
  8
A-THIN
100
AcDbPolyline
 90
5
 70
1
 10
24.900000000000002
 20
-0.1
 10
24.900000000000002
 20
3.2
 10
24.700000000000003
 20
3.2
 10
24.700000000000003
 20
-0.1
 10
24.900000000000002
 20
-0.1
  0
LWPOLYLINE
  5
149
330
17
100
AcDbEntity
  8
A-THIN
100
AcDbPolyline
 90
5
 70
1
 10
25.0
 20
-0.15
 10
25.0
 20
3.55
 10
24.900000000000002
 20
3.55
 10
24.900000000000002
 20
-0.15
 10
25.0
 20
-0.15
  0
LWPOLYLINE
  5
14A
330
17
100
AcDbEntity
  8
A-THIN
100
AcDbPolyline
 90
5
 70
1
 10
13.1
 20
1.6357142857142857
 10
13.1
 20
1.8857142857142857
 10
15.599999999999998
 20
1.8857142857142857
 10
15.599999999999998
 20
1.6357142857142857
 10
13.1
 20
1.6357142857142857
  0
LWPOLYLINE
  5
14B
330
17
100
AcDbEntity
  8
A-THIN
100
AcDbPolyline
 90
5
 70
1
 10
13.1
 20
5.05
 10
13.1
 20
5.3
 10
15.599999999999998
 20
5.3
 10
15.599999999999998
 20
5.05
 10
13.1
 20
5.05
  0
LWPOLYLINE
  5
14C
330
17
100
AcDbEntity
  8
A-THIN
100
AcDbPolyline
 90
5
 70
1
 10
13.1
 20
1.8657142857142857
 10
13.1
 20
1.8857142857142857
 10
15.599999999999998
 20
1.8857142857142857
 10
15.599999999999998
 20
1.8657142857142857
 10
13.1
 20
1.8657142857142857
  0
LWPOLYLINE
  5
14D
330
17
100
AcDbEntity
  8
A-THIN
100
AcDbPolyline
 90
5
 70
1
 10
13.1
 20
5.28
 10
13.1
 20
5.3
 10
15.599999999999998
 20
5.3
 10
15.599999999999998
 20
5.28
 10
13.1
 20
5.28
  0
LWPOLYLINE
  5
14E
330
17
100
AcDbEntity
  8
A-THIN
100
AcDbPolyline
 90
5
 70
1
 10
24.58
 20
9.739999999999998
 10
24.58
 20
9.899999999999999
 10
18.32
 20
9.899999999999999
 10
18.32
 20
9.739999999999998
 10
24.58
 20
9.739999999999998
  0
LWPOLYLINE
  5
14F
330
17
100
AcDbEntity
  8
A-THIN
100
AcDbPolyline
 90
5
 70
1
 10
13.1
 20
1.7142857142857144
 10
14.299999999999999
 20
1.7142857142857144
 10
14.299999999999999
 20
1.6642857142857144
 10
13.1
 20
1.6642857142857144
 10
13.1
 20
1.7142857142857144
  0
LWPOLYLINE
  5
150
330
17
100
AcDbEntity
  8
A-THIN
100
AcDbPolyline
 90
5
 70
1
 10
14.399999999999999
 20
2.057142857142857
 10
15.599999999999998
 20
2.057142857142857
 10
15.599999999999998
 20
2.007142857142857
 10
14.399999999999999
 20
2.007142857142857
 10
14.399999999999999
 20
2.057142857142857
  0
LWPOLYLINE
  5
151
330
17
100
AcDbEntity
  8
A-THIN
100
AcDbPolyline
 90
5
 70
1
 10
13.1
 20
5.13
 10
14.299999999999999
 20
5.13
 10
14.299999999999999
 20
5.08
 10
13.1
 20
5.08
 10
13.1
 20
5.13
  0
LWPOLYLINE
  5
152
330
17
100
AcDbEntity
  8
A-THIN
100
AcDbPolyline
 90
5
 70
1
 10
14.399999999999999
 20
5.47
 10
15.599999999999998
 20
5.47
 10
15.599999999999998
 20
5.42
 10
14.399999999999999
 20
5.42
 10
14.399999999999999
 20
5.47
  0
LWPOLYLINE
  5
153
330
17
100
AcDbEntity
  8
A-THIN
100
AcDbPolyline
 90
5
 70
1
 10
13.1
 20
1.6642857142857144
 10
14.299999999999999
 20
1.6642857142857144
 10
14.299999999999999
 20
1.4642857142857144
 10
13.1
 20
1.4642857142857144
 10
13.1
 20
1.6642857142857144
  0
LWPOLYLINE
  5
154
330
17
100
AcDbEntity
  8
A-THIN
100
AcDbPolyline
 90
5
 70
1
 10
14.399999999999999
 20
2.007142857142857
 10
15.599999999999998
 20
2.007142857142857
 10
15.599999999999998
 20
1.807142857142857
 10
14.399999999999999
 20
1.807142857142857
 10
14.399999999999999
 20
2.007142857142857
  0
LWPOLYLINE
  5
155
330
17
100
AcDbEntity
  8
A-THIN
100
AcDbPolyline
 90
5
 70
1
 10
13.1
 20
5.08
 10
14.299999999999999
 20
5.08
 10
14.299999999999999
 20
4.88
 10
13.1
 20
4.88
 10
13.1
 20
5.08
  0
LWPOLYLINE
  5
156
330
17
100
AcDbEntity
  8
A-THIN
100
AcDbPolyline
 90
5
 70
1
 10
14.399999999999999
 20
5.42
 10
15.599999999999998
 20
5.42
 10
15.599999999999998
 20
5.22
 10
14.399999999999999
 20
5.22
 10
14.399999999999999
 20
5.42
  0
LWPOLYLINE
  5
157
330
17
100
AcDbEntity
  8
A-THIN
100
AcDbPolyline
 90
5
 70
1
 10
24.58
 20
9.739999999999998
 10
24.58
 20
9.899999999999999
 10
18.32
 20
9.899999999999999
 10
18.32
 20
9.739999999999998
 10
24.58
 20
9.739999999999998
  0
LWPOLYLINE
  5
158
330
17
100
AcDbEntity
  8
A-THIN
100
AcDbPolyline
 90
5
 70
1
 10
13.1
 20
1.542857142857143
 10
14.299999999999999
 20
1.542857142857143
 10
14.299999999999999
 20
1.4928571428571429
 10
13.1
 20
1.4928571428571429
 10
13.1
 20
1.542857142857143
  0
LWPOLYLINE
  5
159
330
17
100
AcDbEntity
  8
A-THIN
100
AcDbPolyline
 90
5
 70
1
 10
14.399999999999999
 20
2.2285714285714286
 10
15.599999999999998
 20
2.2285714285714286
 10
15.599999999999998
 20
2.178571428571429
 10
14.399999999999999
 20
2.178571428571429
 10
14.399999999999999
 20
2.2285714285714286
  0
LWPOLYLINE
  5
15A
330
17
100
AcDbEntity
  8
A-THIN
100
AcDbPolyline
 90
5
 70
1
 10
13.1
 20
4.96
 10
14.299999999999999
 20
4.96
 10
14.299999999999999
 20
4.91
 10
13.1
 20
4.91
 10
13.1
 20
4.96
  0
LWPOLYLINE
  5
15B
330
17
100
AcDbEntity
  8
A-THIN
100
AcDbPolyline
 90
5
 70
1
 10
14.399999999999999
 20
5.64
 10
15.599999999999998
 20
5.64
 10
15.599999999999998
 20
5.59
 10
14.399999999999999
 20
5.59
 10
14.399999999999999
 20
5.64
  0
LWPOLYLINE
  5
15C
330
17
100
AcDbEntity
  8
A-THIN
100
AcDbPolyline
 90
5
 70
1
 10
13.1
 20
1.4928571428571429
 10
14.299999999999999
 20
1.4928571428571429
 10
14.299999999999999
 20
1.292857142857143
 10
13.1
 20
1.292857142857143
 10
13.1
 20
1.4928571428571429
  0
LWPOLYLINE
  5
15D
330
17
100
AcDbEntity
  8
A-THIN
100
AcDbPolyline
 90
5
 70
1
 10
14.399999999999999
 20
2.178571428571429
 10
15.599999999999998
 20
2.178571428571429
 10
15.599999999999998
 20
1.9785714285714286
 10
14.399999999999999
 20
1.9785714285714286
 10
14.399999999999999
 20
2.178571428571429
  0
LWPOLYLINE
  5
15E
330
17
100
AcDbEntity
  8
A-THIN
100
AcDbPolyline
 90
5
 70
1
 10
13.1
 20
4.91
 10
14.299999999999999
 20
4.91
 10
14.299999999999999
 20
4.71
 10
13.1
 20
4.71
 10
13.1
 20
4.91
  0
LWPOLYLINE
  5
15F
330
17
100
AcDbEntity
  8
A-THIN
100
AcDbPolyline
 90
5
 70
1
 10
14.399999999999999
 20
5.59
 10
15.599999999999998
 20
5.59
 10
15.599999999999998
 20
5.39
 10
14.399999999999999
 20
5.39
 10
14.399999999999999
 20
5.59
  0
LWPOLYLINE
  5
160
330
17
100
AcDbEntity
  8
A-THIN
100
AcDbPolyline
 90
5
 70
1
 10
17.5
 20
-0.1
 10
17.5
 20
3.2
 10
17.619999999999997
 20
3.2
 10
17.619999999999997
 20
-0.1
 10
17.5
 20
-0.1
  0
LWPOLYLINE
  5
161
330
17
100
AcDbEntity
  8
A-THIN
100
AcDbPolyline
 90
5
 70
1
 10
17.5
 20
3.5
 10
17.5
 20
6.6000000000000005
 10
17.619999999999997
 20
6.6000000000000005
 10
17.619999999999997
 20
3.5
 10
17.5
 20
3.5
  0
LWPOLYLINE
  5
162
330
17
100
AcDbEntity
  8
A-THIN
100
AcDbPolyline
 90
7
 70
1
 10
16.15
 20
-0.1
 10
15.899999999999999
 20
-0.1
 10
15.7
 20
-0.1
 10
15.7
 20
3.2
 10
15.899999999999999
 20
3.2
 10
16.15
 20
3.2
 10
16.15
 20
-0.1
  0
LWPOLYLINE
  5
163
330
17
100
AcDbEntity
  8
A-THIN
100
AcDbPolyline
 90
7
 70
1
 10
16.15
 20
6.6000000000000005
 10
16.15
 20
3.5
 10
15.899999999999999
 20
3.5
 10
15.7
 20
3.5
 10
15.7
 20
6.6000000000000005
 10
15.899999999999999
 20
6.6000000000000005
 10
16.15
 20
6.6000000000000005
  0
LWPOLYLINE
  5
164
330
17
100
AcDbEntity
  8
A-THIN
100
AcDbPolyline
 90
7
 70
1
 10
15.899999999999999
 20
6.9
 10
15.7
 20
6.9
 10
15.7
 20
9.7
 10
15.899999999999999
 20
9.7
 10
16.15
 20
9.7
 10
16.15
 20
6.9
 10
15.899999999999999
 20
6.9
  0
LWPOLYLINE
  5
165
330
17
100
AcDbEntity
  8
A-THIN
100
AcDbPolyline
 90
7
 70
1
 10
17.05
 20
-0.1
 10
17.05
 20
3.2
 10
17.299999999999997
 20
3.2
 10
17.5
 20
3.2
 10
17.5
 20
-0.1
 10
17.299999999999997
 20
-0.1
 10
17.05
 20
-0.1
  0
LWPOLYLINE
  5
166
330
17
100
AcDbEntity
  8
A-THIN
100
AcDbPolyline
 90
7
 70
1
 10
17.5
 20
6.6000000000000005
 10
17.5
 20
3.5
 10
17.299999999999997
 20
3.5
 10
17.05
 20
3.5
 10
17.05
 20
6.6000000000000005
 10
17.299999999999997
 20
6.6000000000000005
 10
17.5
 20
6.6000000000000005
  0
LWPOLYLINE
  5
167
330
17
100
AcDbEntity
  8
A-THIN
100
AcDbPolyline
 90
7
 70
1
 10
17.05
 20
9.7
 10
17.299999999999997
 20
9.7
 10
17.5
 20
9.7
 10
17.5
 20
6.9
 10
17.299999999999997
 20
6.9
 10
17.05
 20
6.9
 10
17.05
 20
9.7
  0
LWPOLYLINE
  5
168
330
17
100
AcDbEntity
  8
A-THIN
100
AcDbPolyline
 90
5
 70
1
 10
24.58
 20
9.739999999999998
 10
24.58
 20
9.899999999999999
 10
18.32
 20
9.899999999999999
 10
18.32
 20
9.739999999999998
 10
24.58
 20
9.739999999999998
  0
LWPOLYLINE
  5
169
330
17
100
AcDbEntity
  8
A-THIN
100
AcDbPolyline
 90
5
 70
1
 10
13.1
 20
1.3714285714285714
 10
14.299999999999999
 20
1.3714285714285714
 10
14.299999999999999
 20
1.3214285714285714
 10
13.1
 20
1.3214285714285714
 10
13.1
 20
1.3714285714285714
  0
LWPOLYLINE
  5
16A
330
17
100
AcDbEntity
  8
A-THIN
100
AcDbPolyline
 90
5
 70
1
 10
14.399999999999999
 20
2.4
 10
15.599999999999998
 20
2.4
 10
15.599999999999998
 20
2.35
 10
14.399999999999999
 20
2.35
 10
14.399999999999999
 20
2.4
  0
LWPOLYLINE
  5
16B
330
17
100
AcDbEntity
  8
A-THIN
100
AcDbPolyline
 90
5
 70
1
 10
13.1
 20
4.79
 10
14.299999999999999
 20
4.79
 10
14.299999999999999
 20
4.74
 10
13.1
 20
4.74
 10
13.1
 20
4.79
  0
LWPOLYLINE
  5
16C
330
17
100
AcDbEntity
  8
A-THIN
100
AcDbPolyline
 90
5
 70
1
 10
14.399999999999999
 20
5.81
 10
15.599999999999998
 20
5.81
 10
15.599999999999998
 20
5.76
 10
14.399999999999999
 20
5.76
 10
14.399999999999999
 20
5.81
  0
LWPOLYLINE
  5
16D
330
17
100
AcDbEntity
  8
A-THIN
100
AcDbPolyline
 90
5
 70
1
 10
13.1
 20
1.3214285714285714
 10
14.299999999999999
 20
1.3214285714285714
 10
14.299999999999999
 20
1.1214285714285714
 10
13.1
 20
1.1214285714285714
 10
13.1
 20
1.3214285714285714
  0
LWPOLYLINE
  5
16E
330
17
100
AcDbEntity
  8
A-THIN
100
AcDbPolyline
 90
5
 70
1
 10
14.399999999999999
 20
2.35
 10
15.599999999999998
 20
2.35
 10
15.599999999999998
 20
2.15
 10
14.399999999999999
 20
2.15
 10
14.399999999999999
 20
2.35
  0
LWPOLYLINE
  5
16F
330
17
100
AcDbEntity
  8
A-THIN
100
AcDbPolyline
 90
5
 70
1
 10
13.1
 20
4.74
 10
14.299999999999999
 20
4.74
 10
14.299999999999999
 20
4.54
 10
13.1
 20
4.54
 10
13.1
 20
4.74
  0
LWPOLYLINE
  5
170
330
17
100
AcDbEntity
  8
A-THIN
100
AcDbPolyline
 90
5
 70
1
 10
14.399999999999999
 20
5.76
 10
15.599999999999998
 20
5.76
 10
15.599999999999998
 20
5.56
 10
14.399999999999999
 20
5.56
 10
14.399999999999999
 20
5.76
  0
LWPOLYLINE
  5
171
330
17
100
AcDbEntity
  8
A-THIN
100
AcDbPolyline
 90
5
 70
1
 10
19.1
 20
3.6
 10
19.1
 20
5.800000000000001
 10
18.3
 20
5.800000000000001
 10
18.3
 20
3.6
 10
19.1
 20
3.6
  0
LWPOLYLINE
  5
172
330
17
100
AcDbEntity
  8
A-THIN
100
AcDbPolyline
 90
5
 70
1
 10
6.300000000000001
 20
-0.1
 10
6.300000000000001
 20
3.2
 10
6.1000000000000005
 20
3.2
 10
6.1000000000000005
 20
-0.1
 10
6.300000000000001
 20
-0.1
  0
LWPOLYLINE
  5
173
330
17
100
AcDbEntity
  8
A-THIN
100
AcDbPolyline
 90
5
 70
1
 10
6.1000000000000005
 20
-0.15
 10
6.1000000000000005
 20
3.55
 10
6.0
 20
3.55
 10
6.0
 20
-0.15
 10
6.1000000000000005
 20
-0.15
  0
LWPOLYLINE
  5
174
330
17
100
AcDbEntity
  8
A-THIN
100
AcDbPolyline
 90
5
 70
1
 10
6.300000000000001
 20
3.5
 10
6.300000000000001
 20
6.6000000000000005
 10
6.1000000000000005
 20
6.6000000000000005
 10
6.1000000000000005
 20
3.5
 10
6.300000000000001
 20
3.5
  0
LWPOLYLINE
  5
175
330
17
100
AcDbEntity
  8
A-THIN
100
AcDbPolyline
 90
5
 70
1
 10
6.1000000000000005
 20
3.1500000000000004
 10
6.1000000000000005
 20
7.5
 10
6.0
 20
7.5
 10
6.0
 20
3.1500000000000004
 10
6.1000000000000005
 20
3.1500000000000004
  0
LWPOLYLINE
  5
176
330
17
100
AcDbEntity
  8
A-THIN
100
AcDbPolyline
 90
9
 70
1
 10
18.3
 20
3.5
 10
17.56
 20
3.5
 10
17.56
 20
6.6000000000000005
 10
18.3
 20
6.6000000000000005
 10
19.1
 20
6.6000000000000005
 10
19.66
 20
6.6000000000000005
 10
19.66
 20
3.5
 10
19.1
 20
3.5
 10
18.3
 20
3.5
  0
LWPOLYLINE
  5
177
330
17
100
AcDbEntity
  8
A-THIN
100
AcDbPolyline
 90
5
 70
1
 10
18.3
 20
3.6
 10
19.1
 20
3.6
 10
19.1
 20
5.800000000000001
 10
18.3
 20
5.800000000000001
 10
18.3
 20
3.6
  0
LWPOLYLINE
  5
178
330
17
100
AcDbEntity
  8
A-THIN
100
AcDbPolyline
 90
5
 70
1
 10
6.2
 20
0.45
 10
6.2
 20
3.0
 10
6.140000000000001
 20
3.0
 10
6.140000000000001
 20
0.45
 10
6.2
 20
0.45
  0
LWPOLYLINE
  5
179
330
17
100
AcDbEntity
  8
A-THIN
100
AcDbPolyline
 90
5
 70
1
 10
6.2
 20
4.6
 10
6.2
 20
5.6
 10
6.140000000000001
 20
5.6
 10
6.140000000000001
 20
4.6
 10
6.2
 20
4.6
  0
LWPOLYLINE
  5
17A
330
17
100
AcDbEntity
  8
A-THIN
100
AcDbPolyline
 90
5
 70
1
 10
21.3
 20
3.6
 10
21.3
 20
5.800000000000001
 10
20.5
 20
5.800000000000001
 10
20.5
 20
3.6
 10
21.3
 20
3.6
  0
LWPOLYLINE
  5
17B
330
17
100
AcDbEntity
  8
A-THIN
100
AcDbPolyline
 90
9
 70
1
 10
20.5
 20
3.5
 10
19.72
 20
3.5
 10
19.72
 20
6.6000000000000005
 10
20.5
 20
6.6000000000000005
 10
21.3
 20
6.6000000000000005
 10
24.7
 20
6.6000000000000005
 10
24.7
 20
3.5
 10
21.3
 20
3.5
 10
20.5
 20
3.5
  0
LWPOLYLINE
  5
17C
330
17
100
AcDbEntity
  8
A-THIN
100
AcDbPolyline
 90
5
 70
1
 10
20.5
 20
3.6
 10
21.3
 20
3.6
 10
21.3
 20
5.800000000000001
 10
20.5
 20
5.800000000000001
 10
20.5
 20
3.6
  0
LWPOLYLINE
  5
17D
330
17
100
AcDbEntity
  8
A-THIN
100
AcDbPolyline
 90
5
 70
1
 10
24.58
 20
9.739999999999998
 10
24.58
 20
9.899999999999999
 10
18.32
 20
9.899999999999999
 10
18.32
 20
9.739999999999998
 10
24.58
 20
9.739999999999998
  0
LWPOLYLINE
  5
17E
330
17
100
AcDbEntity
  8
A-THIN
100
AcDbPolyline
 90
5
 70
1
 10
8.2
 20
3.6
 10
8.2
 20
4.15
 10
7.0
 20
4.15
 10
7.0
 20
3.6
 10
8.2
 20
3.6
  0
LWPOLYLINE
  5
17F
330
17
100
AcDbEntity
  8
A-THIN
100
AcDbPolyline
 90
5
 70
1
 10
13.1
 20
1.2
 10
14.299999999999999
 20
1.2
 10
14.299999999999999
 20
1.15
 10
13.1
 20
1.15
 10
13.1
 20
1.2
  0
LWPOLYLINE
  5
180
330
17
100
AcDbEntity
  8
A-THIN
100
AcDbPolyline
 90
5
 70
1
 10
14.399999999999999
 20
2.571428571428571
 10
15.599999999999998
 20
2.571428571428571
 10
15.599999999999998
 20
2.5214285714285714
 10
14.399999999999999
 20
2.5214285714285714
 10
14.399999999999999
 20
2.571428571428571
  0
LWPOLYLINE
  5
181
330
17
100
AcDbEntity
  8
A-THIN
100
AcDbPolyline
 90
5
 70
1
 10
13.1
 20
4.62
 10
14.299999999999999
 20
4.62
 10
14.299999999999999
 20
4.57
 10
13.1
 20
4.57
 10
13.1
 20
4.62
  0
LWPOLYLINE
  5
182
330
17
100
AcDbEntity
  8
A-THIN
100
AcDbPolyline
 90
5
 70
1
 10
14.399999999999999
 20
5.9799999999999995
 10
15.599999999999998
 20
5.9799999999999995
 10
15.599999999999998
 20
5.93
 10
14.399999999999999
 20
5.93
 10
14.399999999999999
 20
5.9799999999999995
  0
LWPOLYLINE
  5
183
330
17
100
AcDbEntity
  8
A-THIN
100
AcDbPolyline
 90
5
 70
1
 10
13.1
 20
1.15
 10
14.299999999999999
 20
1.15
 10
14.299999999999999
 20
0.95
 10
13.1
 20
0.95
 10
13.1
 20
1.15
  0
LWPOLYLINE
  5
184
330
17
100
AcDbEntity
  8
A-THIN
100
AcDbPolyline
 90
5
 70
1
 10
14.399999999999999
 20
2.5214285714285714
 10
15.599999999999998
 20
2.5214285714285714
 10
15.599999999999998
 20
2.321428571428571
 10
14.399999999999999
 20
2.321428571428571
 10
14.399999999999999
 20
2.5214285714285714
  0
LWPOLYLINE
  5
185
330
17
100
AcDbEntity
  8
A-THIN
100
AcDbPolyline
 90
5
 70
1
 10
13.1
 20
4.57
 10
14.299999999999999
 20
4.57
 10
14.299999999999999
 20
4.37
 10
13.1
 20
4.37
 10
13.1
 20
4.57
  0
LWPOLYLINE
  5
186
330
17
100
AcDbEntity
  8
A-THIN
100
AcDbPolyline
 90
5
 70
1
 10
14.399999999999999
 20
5.93
 10
15.599999999999998
 20
5.93
 10
15.599999999999998
 20
5.7299999999999995
 10
14.399999999999999
 20
5.7299999999999995
 10
14.399999999999999
 20
5.93
  0
LWPOLYLINE
  5
187
330
17
100
AcDbEntity
  8
A-THIN
100
AcDbPolyline
 90
5
 70
1
 10
25.42
 20
3.2
 10
25.42
 20
7.5
 10
25.22
 20
7.5
 10
25.22
 20
3.2
 10
25.42
 20
3.2
  0
LWPOLYLINE
  5
188
330
17
100
AcDbEntity
  8
A-THIN
100
AcDbPolyline
 90
5
 70
1
 10
25.42
 20
3.2
 10
25.42
 20
7.5
 10
25.22
 20
7.5
 10
25.22
 20
3.2
 10
25.42
 20
3.2
  0
LWPOLYLINE
  5
189
330
17
100
AcDbEntity
  8
A-THIN
100
AcDbPolyline
 90
5
 70
1
 10
24.700000000000003
 20
-0.1
 10
24.700000000000003
 20
0.0
 10
24.900000000000002
 20
0.0
 10
24.900000000000002
 20
-0.1
 10
24.700000000000003
 20
-0.1
  0
LWPOLYLINE
  5
18A
330
17
100
AcDbEntity
  8
A-THIN
100
AcDbPolyline
 90
5
 70
1
 10
24.700000000000003
 20
2.9
 10
24.700000000000003
 20
3.2
 10
24.900000000000002
 20
3.2
 10
24.900000000000002
 20
2.9
 10
24.700000000000003
 20
2.9
  0
LWPOLYLINE
  5
18B
330
17
100
AcDbEntity
  8
A-THIN
100
AcDbPolyline
 90
5
 70
1
 10
24.900000000000002
 20
-0.15
 10
24.900000000000002
 20
0.0
 10
25.0
 20
0.0
 10
25.0
 20
-0.15
 10
24.900000000000002
 20
-0.15
  0
LWPOLYLINE
  5
18C
330
17
100
AcDbEntity
  8
A-THIN
100
AcDbPolyline
 90
5
 70
1
 10
24.900000000000002
 20
2.9
 10
24.900000000000002
 20
3.55
 10
25.0
 20
3.55
 10
25.0
 20
2.9
 10
24.900000000000002
 20
2.9
  0
LWPOLYLINE
  5
18D
330
17
100
AcDbEntity
  8
A-THIN
100
AcDbPolyline
 90
5
 70
1
 10
24.87
 20
0.0
 10
24.87
 20
2.9
 10
24.790000000000003
 20
2.9
 10
24.790000000000003
 20
0.0
 10
24.87
 20
0.0
  0
LWPOLYLINE
  5
18E
330
17
100
AcDbEntity
  8
A-THIN
100
AcDbPolyline
 90
5
 70
1
 10
13.1
 20
1.0285714285714285
 10
14.299999999999999
 20
1.0285714285714285
 10
14.299999999999999
 20
0.9785714285714284
 10
13.1
 20
0.9785714285714284
 10
13.1
 20
1.0285714285714285
  0
LWPOLYLINE
  5
18F
330
17
100
AcDbEntity
  8
A-THIN
100
AcDbPolyline
 90
5
 70
1
 10
14.399999999999999
 20
2.742857142857143
 10
15.599999999999998
 20
2.742857142857143
 10
15.599999999999998
 20
2.692857142857143
 10
14.399999999999999
 20
2.692857142857143
 10
14.399999999999999
 20
2.742857142857143
  0
LWPOLYLINE
  5
190
330
17
100
AcDbEntity
  8
A-THIN
100
AcDbPolyline
 90
5
 70
1
 10
13.1
 20
4.45
 10
14.299999999999999
 20
4.45
 10
14.299999999999999
 20
4.4
 10
13.1
 20
4.4
 10
13.1
 20
4.45
  0
LWPOLYLINE
  5
191
330
17
100
AcDbEntity
  8
A-THIN
100
AcDbPolyline
 90
5
 70
1
 10
14.399999999999999
 20
6.1499999999999995
 10
15.599999999999998
 20
6.1499999999999995
 10
15.599999999999998
 20
6.1
 10
14.399999999999999
 20
6.1
 10
14.399999999999999
 20
6.1499999999999995
  0
LWPOLYLINE
  5
192
330
17
100
AcDbEntity
  8
A-THIN
100
AcDbPolyline
 90
5
 70
1
 10
13.1
 20
0.9785714285714284
 10
14.299999999999999
 20
0.9785714285714284
 10
14.299999999999999
 20
0.7785714285714285
 10
13.1
 20
0.7785714285714285
 10
13.1
 20
0.9785714285714284
  0
LWPOLYLINE
  5
193
330
17
100
AcDbEntity
  8
A-THIN
100
AcDbPolyline
 90
5
 70
1
 10
14.399999999999999
 20
2.692857142857143
 10
15.599999999999998
 20
2.692857142857143
 10
15.599999999999998
 20
2.492857142857143
 10
14.399999999999999
 20
2.492857142857143
 10
14.399999999999999
 20
2.692857142857143
  0
LWPOLYLINE
  5
194
330
17
100
AcDbEntity
  8
A-THIN
100
AcDbPolyline
 90
5
 70
1
 10
13.1
 20
4.4
 10
14.299999999999999
 20
4.4
 10
14.299999999999999
 20
4.2
 10
13.1
 20
4.2
 10
13.1
 20
4.4
  0
LWPOLYLINE
  5
195
330
17
100
AcDbEntity
  8
A-THIN
100
AcDbPolyline
 90
5
 70
1
 10
14.399999999999999
 20
6.1
 10
15.599999999999998
 20
6.1
 10
15.599999999999998
 20
5.8999999999999995
 10
14.399999999999999
 20
5.8999999999999995
 10
14.399999999999999
 20
6.1
  0
LWPOLYLINE
  5
196
330
17
100
AcDbEntity
  8
A-THIN
100
AcDbPolyline
 90
5
 70
1
 10
24.58
 20
9.739999999999998
 10
24.58
 20
9.899999999999999
 10
18.32
 20
9.899999999999999
 10
18.32
 20
9.739999999999998
 10
24.58
 20
9.739999999999998
  0
LWPOLYLINE
  5
197
330
17
100
AcDbEntity
  8
A-THIN
100
AcDbPolyline
 90
5
 70
1
 10
12.950000000000001
 20
3.6
 10
12.950000000000001
 20
4.45
 10
12.4
 20
4.45
 10
12.4
 20
3.6
 10
12.950000000000001
 20
3.6
  0
LWPOLYLINE
  5
198
330
17
100
AcDbEntity
  8
A-THIN
100
AcDbPolyline
 90
5
 70
1
 10
25.42
 20
3.2
 10
25.42
 20
7.5
 10
25.22
 20
7.5
 10
25.22
 20
3.2
 10
25.42
 20
3.2
  0
LWPOLYLINE
  5
199
330
17
100
AcDbEntity
  8
A-THIN
100
AcDbPolyline
 90
5
 70
1
 10
10.299999999999999
 20
0.0
 10
10.299999999999999
 20
0.35
 10
8.7
 20
0.35
 10
8.7
 20
0.0
 10
10.299999999999999
 20
0.0
  0
LWPOLYLINE
  5
19A
330
17
100
AcDbEntity
  8
A-THIN
100
AcDbPolyline
 90
5
 70
1
 10
21.75
 20
3.6
 10
21.75
 20
4.1
 10
22.25
 20
4.1
 10
22.25
 20
3.6
 10
21.75
 20
3.6
  0
LWPOLYLINE
  5
19B
330
17
100
AcDbEntity
  8
A-THIN
100
AcDbPolyline
 90
5
 70
1
 10
23.95
 20
3.6
 10
23.95
 20
4.1
 10
24.45
 20
4.1
 10
24.45
 20
3.6
 10
23.95
 20
3.6
  0
LWPOLYLINE
  5
19C
330
17
100
AcDbEntity
  8
A-THIN
100
AcDbPolyline
 90
5
 70
1
 10
13.1
 20
0.8571428571428572
 10
14.299999999999999
 20
0.8571428571428572
 10
14.299999999999999
 20
0.8071428571428572
 10
13.1
 20
0.8071428571428572
 10
13.1
 20
0.8571428571428572
  0
LWPOLYLINE
  5
19D
330
17
100
AcDbEntity
  8
A-THIN
100
AcDbPolyline
 90
5
 70
1
 10
14.399999999999999
 20
2.914285714285714
 10
15.599999999999998
 20
2.914285714285714
 10
15.599999999999998
 20
2.8642857142857143
 10
14.399999999999999
 20
2.8642857142857143
 10
14.399999999999999
 20
2.914285714285714
  0
LWPOLYLINE
  5
19E
330
17
100
AcDbEntity
  8
A-THIN
100
AcDbPolyline
 90
5
 70
1
 10
13.1
 20
4.28
 10
14.299999999999999
 20
4.28
 10
14.299999999999999
 20
4.23
 10
13.1
 20
4.23
 10
13.1
 20
4.28
  0
LWPOLYLINE
  5
19F
330
17
100
AcDbEntity
  8
A-THIN
100
AcDbPolyline
 90
5
 70
1
 10
14.399999999999999
 20
6.32
 10
15.599999999999998
 20
6.32
 10
15.599999999999998
 20
6.2700000000000005
 10
14.399999999999999
 20
6.2700000000000005
 10
14.399999999999999
 20
6.32
  0
LWPOLYLINE
  5
1A0
330
17
100
AcDbEntity
  8
A-THIN
100
AcDbPolyline
 90
5
 70
1
 10
13.1
 20
0.8071428571428572
 10
14.299999999999999
 20
0.8071428571428572
 10
14.299999999999999
 20
0.6071428571428572
 10
13.1
 20
0.6071428571428572
 10
13.1
 20
0.8071428571428572
  0
LWPOLYLINE
  5
1A1
330
17
100
AcDbEntity
  8
A-THIN
100
AcDbPolyline
 90
5
 70
1
 10
14.399999999999999
 20
2.8642857142857143
 10
15.599999999999998
 20
2.8642857142857143
 10
15.599999999999998
 20
2.664285714285714
 10
14.399999999999999
 20
2.664285714285714
 10
14.399999999999999
 20
2.8642857142857143
  0
LWPOLYLINE
  5
1A2
330
17
100
AcDbEntity
  8
A-THIN
100
AcDbPolyline
 90
5
 70
1
 10
13.1
 20
4.23
 10
14.299999999999999
 20
4.23
 10
14.299999999999999
 20
4.03
 10
13.1
 20
4.03
 10
13.1
 20
4.23
  0
LWPOLYLINE
  5
1A3
330
17
100
AcDbEntity
  8
A-THIN
100
AcDbPolyline
 90
5
 70
1
 10
14.399999999999999
 20
6.2700000000000005
 10
15.599999999999998
 20
6.2700000000000005
 10
15.599999999999998
 20
6.07
 10
14.399999999999999
 20
6.07
 10
14.399999999999999
 20
6.2700000000000005
  0
LWPOLYLINE
  5
1A4
330
17
100
AcDbEntity
  8
A-THIN
100
AcDbPolyline
 90
5
 70
1
 10
24.58
 20
9.739999999999998
 10
24.58
 20
9.899999999999999
 10
18.32
 20
9.899999999999999
 10
18.32
 20
9.739999999999998
 10
24.58
 20
9.739999999999998
  0
LWPOLYLINE
  5
1A5
330
17
100
AcDbEntity
  8
A-THIN
100
AcDbPolyline
 90
5
 70
1
 10
25.42
 20
3.2
 10
25.42
 20
7.5
 10
25.22
 20
7.5
 10
25.22
 20
3.2
 10
25.42
 20
3.2
  0
LWPOLYLINE
  5
1A6
330
17
100
AcDbEntity
  8
A-THIN
100
AcDbPolyline
 90
5
 70
1
 10
24.900000000000002
 20
3.5
 10
24.900000000000002
 20
6.6000000000000005
 10
24.700000000000003
 20
6.6000000000000005
 10
24.700000000000003
 20
3.5
 10
24.900000000000002
 20
3.5
  0
LWPOLYLINE
  5
1A7
330
17
100
AcDbEntity
  8
A-THIN
100
AcDbPolyline
 90
5
 70
1
 10
25.0
 20
3.1500000000000004
 10
25.0
 20
7.5
 10
24.900000000000002
 20
7.5
 10
24.900000000000002
 20
3.1500000000000004
 10
25.0
 20
3.1500000000000004
  0
LWPOLYLINE
  5
1A8
330
17
100
AcDbEntity
  8
A-THIN
100
AcDbPolyline
 90
5
 70
1
 10
6.182
 20
4.67
 10
6.182
 20
5.529999999999999
 10
6.158
 20
5.529999999999999
 10
6.158
 20
4.67
 10
6.182
 20
4.67
  0
LWPOLYLINE
  5
1A9
330
17
100
AcDbEntity
  8
A-THIN
100
AcDbPolyline
 90
5
 70
1
 10
24.860000000000003
 20
4.1
 10
24.860000000000003
 20
6.4
 10
24.8
 20
6.4
 10
24.8
 20
4.1
 10
24.860000000000003
 20
4.1
  0
LWPOLYLINE
  5
1AA
330
17
100
AcDbEntity
  8
A-THIN
100
AcDbPolyline
 90
5
 70
1
 10
6.1000000000000005
 20
3.5
 10
6.1000000000000005
 20
4.6
 10
6.300000000000001
 20
4.6
 10
6.300000000000001
 20
3.5
 10
6.1000000000000005
 20
3.5
  0
LWPOLYLINE
  5
1AB
330
17
100
AcDbEntity
  8
A-THIN
100
AcDbPolyline
 90
5
 70
1
 10
6.1000000000000005
 20
5.6
 10
6.1000000000000005
 20
6.6000000000000005
 10
6.300000000000001
 20
6.6000000000000005
 10
6.300000000000001
 20
5.6
 10
6.1000000000000005
 20
5.6
  0
LWPOLYLINE
  5
1AC
330
17
100
AcDbEntity
  8
A-THIN
100
AcDbPolyline
 90
5
 70
1
 10
6.0
 20
3.1500000000000004
 10
6.0
 20
4.6
 10
6.1000000000000005
 20
4.6
 10
6.1000000000000005
 20
3.1500000000000004
 10
6.0
 20
3.1500000000000004
  0
LWPOLYLINE
  5
1AD
330
17
100
AcDbEntity
  8
A-THIN
100
AcDbPolyline
 90
5
 70
1
 10
6.0
 20
5.6
 10
6.0
 20
7.5
 10
6.1000000000000005
 20
7.5
 10
6.1000000000000005
 20
5.6
 10
6.0
 20
5.6
  0
LWPOLYLINE
  5
1AE
330
17
100
AcDbEntity
  8
A-THIN
100
AcDbPolyline
 90
9
 70
1
 10
6.2
 20
4.6
 10
6.140000000000001
 20
4.6
 10
6.140000000000001
 20
4.67
 10
6.140000000000001
 20
5.529999999999999
 10
6.140000000000001
 20
5.6
 10
6.2
 20
5.6
 10
6.2
 20
5.529999999999999
 10
6.2
 20
4.67
 10
6.2
 20
4.6
  0
LWPOLYLINE
  5
1AF
330
17
100
AcDbEntity
  8
A-THIN
100
AcDbPolyline
 90
5
 70
1
 10
25.42
 20
3.2
 10
25.42
 20
7.5
 10
25.22
 20
7.5
 10
25.22
 20
3.2
 10
25.42
 20
3.2
  0
LWPOLYLINE
  5
1B0
330
17
100
AcDbEntity
  8
A-THIN
100
AcDbPolyline
 90
5
 70
1
 10
12.3
 20
0.0
 10
12.3
 20
0.75
 10
11.4
 20
0.75
 10
11.4
 20
0.0
 10
12.3
 20
0.0
  0
LWPOLYLINE
  5
1B1
330
17
100
AcDbEntity
  8
A-THIN
100
AcDbPolyline
 90
5
 70
1
 10
6.12
 20
4.55
 10
6.12
 20
4.6
 10
6.090000000000001
 20
4.6
 10
6.090000000000001
 20
4.55
 10
6.12
 20
4.55
  0
LWPOLYLINE
  5
1B2
330
17
100
AcDbEntity
  8
A-THIN
100
AcDbPolyline
 90
5
 70
1
 10
13.1
 20
0.6857142857142857
 10
14.299999999999999
 20
0.6857142857142857
 10
14.299999999999999
 20
0.6357142857142857
 10
13.1
 20
0.6357142857142857
 10
13.1
 20
0.6857142857142857
  0
LWPOLYLINE
  5
1B3
330
17
100
AcDbEntity
  8
A-THIN
100
AcDbPolyline
 90
5
 70
1
 10
14.399999999999999
 20
3.0857142857142854
 10
15.599999999999998
 20
3.0857142857142854
 10
15.599999999999998
 20
3.0357142857142856
 10
14.399999999999999
 20
3.0357142857142856
 10
14.399999999999999
 20
3.0857142857142854
  0
LWPOLYLINE
  5
1B4
330
17
100
AcDbEntity
  8
A-THIN
100
AcDbPolyline
 90
5
 70
1
 10
13.1
 20
4.11
 10
14.299999999999999
 20
4.11
 10
14.299999999999999
 20
4.0600000000000005
 10
13.1
 20
4.0600000000000005
 10
13.1
 20
4.11
  0
LWPOLYLINE
  5
1B5
330
17
100
AcDbEntity
  8
A-THIN
100
AcDbPolyline
 90
5
 70
1
 10
14.399999999999999
 20
6.49
 10
15.599999999999998
 20
6.49
 10
15.599999999999998
 20
6.44
 10
14.399999999999999
 20
6.44
 10
14.399999999999999
 20
6.49
  0
LWPOLYLINE
  5
1B6
330
17
100
AcDbEntity
  8
A-THIN
100
AcDbPolyline
 90
5
 70
1
 10
13.1
 20
0.6357142857142857
 10
14.299999999999999
 20
0.6357142857142857
 10
14.299999999999999
 20
0.4357142857142857
 10
13.1
 20
0.4357142857142857
 10
13.1
 20
0.6357142857142857
  0
LWPOLYLINE
  5
1B7
330
17
100
AcDbEntity
  8
A-THIN
100
AcDbPolyline
 90
5
 70
1
 10
14.399999999999999
 20
3.0357142857142856
 10
15.599999999999998
 20
3.0357142857142856
 10
15.599999999999998
 20
2.8357142857142854
 10
14.399999999999999
 20
2.8357142857142854
 10
14.399999999999999
 20
3.0357142857142856
  0
LWPOLYLINE
  5
1B8
330
17
100
AcDbEntity
  8
A-THIN
100
AcDbPolyline
 90
5
 70
1
 10
13.1
 20
4.0600000000000005
 10
14.299999999999999
 20
4.0600000000000005
 10
14.299999999999999
 20
3.8600000000000003
 10
13.1
 20
3.8600000000000003
 10
13.1
 20
4.0600000000000005
  0
LWPOLYLINE
  5
1B9
330
17
100
AcDbEntity
  8
A-THIN
100
AcDbPolyline
 90
5
 70
1
 10
14.399999999999999
 20
6.44
 10
15.599999999999998
 20
6.44
 10
15.599999999999998
 20
6.24
 10
14.399999999999999
 20
6.24
 10
14.399999999999999
 20
6.44
  0
LWPOLYLINE
  5
1BA
330
17
100
AcDbEntity
  8
A-THIN
100
AcDbPolyline
 90
5
 70
1
 10
24.58
 20
9.739999999999998
 10
24.58
 20
9.899999999999999
 10
18.32
 20
9.899999999999999
 10
18.32
 20
9.739999999999998
 10
24.58
 20
9.739999999999998
  0
LWPOLYLINE
  5
1BB
330
17
100
AcDbEntity
  8
A-THIN
100
AcDbPolyline
 90
5
 70
1
 10
25.42
 20
3.2
 10
25.42
 20
7.5
 10
25.22
 20
7.5
 10
25.22
 20
3.2
 10
25.42
 20
3.2
  0
LWPOLYLINE
  5
1BC
330
17
100
AcDbEntity
  8
A-THIN
100
AcDbPolyline
 90
5
 70
1
 10
27.0
 20
2.8499999999999996
 10
27.0
 20
3.05
 10
24.9
 20
3.05
 10
24.9
 20
2.8499999999999996
 10
27.0
 20
2.8499999999999996
  0
LWPOLYLINE
  5
1BD
330
17
100
AcDbEntity
  8
A-THIN
100
AcDbPolyline
 90
5
 70
1
 10
13.1
 20
0.5142857142857142
 10
14.299999999999999
 20
0.5142857142857142
 10
14.299999999999999
 20
0.46428571428571425
 10
13.1
 20
0.46428571428571425
 10
13.1
 20
0.5142857142857142
  0
LWPOLYLINE
  5
1BE
330
17
100
AcDbEntity
  8
A-THIN
100
AcDbPolyline
 90
5
 70
1
 10
14.399999999999999
 20
3.257142857142857
 10
15.599999999999998
 20
3.257142857142857
 10
15.599999999999998
 20
3.2071428571428573
 10
14.399999999999999
 20
3.2071428571428573
 10
14.399999999999999
 20
3.257142857142857
  0
LWPOLYLINE
  5
1BF
330
17
100
AcDbEntity
  8
A-THIN
100
AcDbPolyline
 90
5
 70
1
 10
13.1
 20
3.94
 10
14.299999999999999
 20
3.94
 10
14.299999999999999
 20
3.89
 10
13.1
 20
3.89
 10
13.1
 20
3.94
  0
LWPOLYLINE
  5
1C0
330
17
100
AcDbEntity
  8
A-THIN
100
AcDbPolyline
 90
5
 70
1
 10
14.399999999999999
 20
6.66
 10
15.599999999999998
 20
6.66
 10
15.599999999999998
 20
6.61
 10
14.399999999999999
 20
6.61
 10
14.399999999999999
 20
6.66
  0
LWPOLYLINE
  5
1C1
330
17
100
AcDbEntity
  8
A-THIN
100
AcDbPolyline
 90
5
 70
1
 10
13.1
 20
0.46428571428571425
 10
14.299999999999999
 20
0.46428571428571425
 10
14.299999999999999
 20
0.26428571428571423
 10
13.1
 20
0.26428571428571423
 10
13.1
 20
0.46428571428571425
  0
LWPOLYLINE
  5
1C2
330
17
100
AcDbEntity
  8
A-THIN
100
AcDbPolyline
 90
5
 70
1
 10
14.399999999999999
 20
3.2071428571428573
 10
15.599999999999998
 20
3.2071428571428573
 10
15.599999999999998
 20
3.007142857142857
 10
14.399999999999999
 20
3.007142857142857
 10
14.399999999999999
 20
3.2071428571428573
  0
LWPOLYLINE
  5
1C3
330
17
100
AcDbEntity
  8
A-THIN
100
AcDbPolyline
 90
5
 70
1
 10
13.1
 20
3.89
 10
14.299999999999999
 20
3.89
 10
14.299999999999999
 20
3.69
 10
13.1
 20
3.69
 10
13.1
 20
3.89
  0
LWPOLYLINE
  5
1C4
330
17
100
AcDbEntity
  8
A-THIN
100
AcDbPolyline
 90
5
 70
1
 10
14.399999999999999
 20
6.61
 10
15.599999999999998
 20
6.61
 10
15.599999999999998
 20
6.41
 10
14.399999999999999
 20
6.41
 10
14.399999999999999
 20
6.61
  0
LWPOLYLINE
  5
1C5
330
17
100
AcDbEntity
  8
A-THIN
100
AcDbPolyline
 90
5
 70
1
 10
25.42
 20
3.2
 10
25.42
 20
7.5
 10
25.22
 20
7.5
 10
25.22
 20
3.2
 10
25.42
 20
3.2
  0
LWPOLYLINE
  5
1C6
330
17
100
AcDbEntity
  8
A-THIN
100
AcDbPolyline
 90
5
 70
1
 10
24.58
 20
9.739999999999998
 10
24.58
 20
9.899999999999999
 10
18.32
 20
9.899999999999999
 10
18.32
 20
9.739999999999998
 10
24.58
 20
9.739999999999998
  0
LWPOLYLINE
  5
1C7
330
17
100
AcDbEntity
  8
A-THIN
100
AcDbPolyline
 90
5
 70
1
 10
25.42
 20
3.2
 10
25.42
 20
7.5
 10
25.22
 20
7.5
 10
25.22
 20
3.2
 10
25.42
 20
3.2
  0
LWPOLYLINE
  5
1C8
330
17
100
AcDbEntity
  8
A-THIN
100
AcDbPolyline
 90
5
 70
1
 10
14.334999999999999
 20
0.9
 10
14.364999999999998
 20
0.9
 10
14.364999999999998
 20
-0.15
 10
14.334999999999999
 20
-0.15
 10
14.334999999999999
 20
0.9
  0
LWPOLYLINE
  5
1C9
330
17
100
AcDbEntity
  8
A-THIN
100
AcDbPolyline
 90
5
 70
1
 10
15.69
 20
1.05
 10
15.709999999999999
 20
1.05
 10
15.709999999999999
 20
0.0
 10
15.69
 20
0.0
 10
15.69
 20
1.05
  0
LWPOLYLINE
  5
1CA
330
17
100
AcDbEntity
  8
A-THIN
100
AcDbPolyline
 90
5
 70
1
 10
15.69
 20
4.65
 10
15.709999999999999
 20
4.65
 10
15.709999999999999
 20
3.6
 10
15.69
 20
3.6
 10
15.69
 20
4.65
  0
LWPOLYLINE
  5
1CB
330
17
100
AcDbEntity
  8
A-THIN
100
AcDbPolyline
 90
5
 70
1
 10
14.364999999999998
 20
7.9
 10
14.364999999999998
 20
3.6
 10
14.334999999999999
 20
3.6
 10
14.334999999999999
 20
7.9
 10
14.364999999999998
 20
7.9
  0
LWPOLYLINE
  5
1CC
330
17
100
AcDbEntity
  8
A-THIN
100
AcDbPolyline
 90
5
 70
1
 10
15.709999999999999
 20
8.05
 10
15.709999999999999
 20
7.0
 10
15.69
 20
7.0
 10
15.69
 20
8.05
 10
15.709999999999999
 20
8.05
  0
LWPOLYLINE
  5
1CD
330
17
100
AcDbEntity
  8
A-THIN
100
AcDbPolyline
 90
5
 70
1
 10
13.1
 20
0.34285714285714286
 10
14.299999999999999
 20
0.34285714285714286
 10
14.299999999999999
 20
0.29285714285714287
 10
13.1
 20
0.29285714285714287
 10
13.1
 20
0.34285714285714286
  0
LWPOLYLINE
  5
1CE
330
17
100
AcDbEntity
  8
A-THIN
100
AcDbPolyline
 90
5
 70
1
 10
14.399999999999999
 20
3.428571428571429
 10
15.599999999999998
 20
3.428571428571429
 10
15.599999999999998
 20
3.378571428571429
 10
14.399999999999999
 20
3.378571428571429
 10
14.399999999999999
 20
3.428571428571429
  0
LWPOLYLINE
  5
1CF
330
17
100
AcDbEntity
  8
A-THIN
100
AcDbPolyline
 90
5
 70
1
 10
13.1
 20
3.77
 10
14.299999999999999
 20
3.77
 10
14.299999999999999
 20
3.72
 10
13.1
 20
3.72
 10
13.1
 20
3.77
  0
LWPOLYLINE
  5
1D0
330
17
100
AcDbEntity
  8
A-THIN
100
AcDbPolyline
 90
5
 70
1
 10
14.399999999999999
 20
6.83
 10
15.599999999999998
 20
6.83
 10
15.599999999999998
 20
6.78
 10
14.399999999999999
 20
6.78
 10
14.399999999999999
 20
6.83
  0
LWPOLYLINE
  5
1D1
330
17
100
AcDbEntity
  8
A-THIN
100
AcDbPolyline
 90
5
 70
1
 10
13.1
 20
0.29285714285714287
 10
14.299999999999999
 20
0.29285714285714287
 10
14.299999999999999
 20
0.09285714285714286
 10
13.1
 20
0.09285714285714286
 10
13.1
 20
0.29285714285714287
  0
LWPOLYLINE
  5
1D2
330
17
100
AcDbEntity
  8
A-THIN
100
AcDbPolyline
 90
5
 70
1
 10
14.399999999999999
 20
3.378571428571429
 10
15.599999999999998
 20
3.378571428571429
 10
15.599999999999998
 20
3.178571428571429
 10
14.399999999999999
 20
3.178571428571429
 10
14.399999999999999
 20
3.378571428571429
  0
LWPOLYLINE
  5
1D3
330
17
100
AcDbEntity
  8
A-THIN
100
AcDbPolyline
 90
5
 70
1
 10
13.1
 20
3.72
 10
14.299999999999999
 20
3.72
 10
14.299999999999999
 20
3.52
 10
13.1
 20
3.52
 10
13.1
 20
3.72
  0
LWPOLYLINE
  5
1D4
330
17
100
AcDbEntity
  8
A-THIN
100
AcDbPolyline
 90
5
 70
1
 10
14.399999999999999
 20
6.78
 10
15.599999999999998
 20
6.78
 10
15.599999999999998
 20
6.58
 10
14.399999999999999
 20
6.58
 10
14.399999999999999
 20
6.78
  0
LWPOLYLINE
  5
1D5
330
17
100
AcDbEntity
  8
A-THIN
100
AcDbPolyline
 90
5
 70
1
 10
15.67
 20
1.02
 10
15.67
 20
1.05
 10
15.729999999999999
 20
1.05
 10
15.729999999999999
 20
1.02
 10
15.67
 20
1.02
  0
LWPOLYLINE
  5
1D6
330
17
100
AcDbEntity
  8
A-THIN
100
AcDbPolyline
 90
5
 70
1
 10
15.67
 20
4.65
 10
15.729999999999999
 20
4.65
 10
15.729999999999999
 20
4.62
 10
15.67
 20
4.62
 10
15.67
 20
4.65
  0
LWPOLYLINE
  5
1D7
330
17
100
AcDbEntity
  8
A-THIN
100
AcDbPolyline
 90
5
 70
1
 10
15.67
 20
8.05
 10
15.729999999999999
 20
8.05
 10
15.729999999999999
 20
8.020000000000001
 10
15.67
 20
8.020000000000001
 10
15.67
 20
8.05
  0
LWPOLYLINE
  5
1D8
330
17
100
AcDbEntity
  8
A-THIN
100
AcDbPolyline
 90
5
 70
1
 10
6.2
 20
0.45
 10
6.2
 20
3.0
 10
6.140000000000001
 20
3.0
 10
6.140000000000001
 20
0.45
 10
6.2
 20
0.45
  0
LWPOLYLINE
  5
1D9
330
17
100
AcDbEntity
  8
A-THIN
100
AcDbPolyline
 90
5
 70
1
 10
13.1
 20
4.65
 10
14.35
 20
4.65
 10
14.35
 20
3.6
 10
13.1
 20
3.6
 10
13.1
 20
4.65
  0
LWPOLYLINE
  5
1DA
330
17
100
AcDbEntity
  8
A-THIN
100
AcDbPolyline
 90
5
 70
1
 10
15.6
 20
4.65
 10
15.7
 20
4.65
 10
15.7
 20
3.6
 10
15.6
 20
3.6
 10
15.6
 20
4.65
  0
LWPOLYLINE
  5
1DB
330
17
100
AcDbEntity
  8
A-THIN
100
AcDbPolyline
 90
5
 70
1
 10
13.2
 20
8.05
 10
14.35
 20
8.05
 10
14.35
 20
7.0
 10
13.2
 20
7.0
 10
13.2
 20
8.05
  0
LWPOLYLINE
  5
1DC
330
17
100
AcDbEntity
  8
A-THIN
100
AcDbPolyline
 90
5
 70
1
 10
15.6
 20
8.05
 10
15.7
 20
8.05
 10
15.7
 20
7.0
 10
15.6
 20
7.0
 10
15.6
 20
8.05
  0
LWPOLYLINE
  5
1DD
330
17
100
AcDbEntity
  8
A-THIN
100
AcDbPolyline
 90
5
 70
1
 10
13.1
 20
4.65
 10
14.35
 20
4.65
 10
14.35
 20
4.62
 10
13.1
 20
4.62
 10
13.1
 20
4.65
  0
LWPOLYLINE
  5
1DE
330
17
100
AcDbEntity
  8
A-THIN
100
AcDbPolyline
 90
5
 70
1
 10
15.6
 20
4.65
 10
15.7
 20
4.65
 10
15.7
 20
4.62
 10
15.6
 20
4.62
 10
15.6
 20
4.65
  0
LWPOLYLINE
  5
1DF
330
17
100
AcDbEntity
  8
A-THIN
100
AcDbPolyline
 90
5
 70
1
 10
13.2
 20
8.05
 10
14.35
 20
8.05
 10
14.35
 20
8.020000000000001
 10
13.2
 20
8.020000000000001
 10
13.2
 20
8.05
  0
LWPOLYLINE
  5
1E0
330
17
100
AcDbEntity
  8
A-THIN
100
AcDbPolyline
 90
5
 70
1
 10
15.6
 20
8.05
 10
15.7
 20
8.05
 10
15.7
 20
8.020000000000001
 10
15.6
 20
8.020000000000001
 10
15.6
 20
8.05
  0
LWPOLYLINE
  5
1E1
330
17
100
AcDbEntity
  8
A-THIN
100
AcDbPolyline
 90
5
 70
1
 10
24.58
 20
9.739999999999998
 10
24.58
 20
9.899999999999999
 10
18.32
 20
9.899999999999999
 10
18.32
 20
9.739999999999998
 10
24.58
 20
9.739999999999998
  0
LWPOLYLINE
  5
1E2
330
17
100
AcDbEntity
  8
A-THIN
100
AcDbPolyline
 90
5
 70
1
 10
25.42
 20
3.2
 10
25.42
 20
7.5
 10
25.22
 20
7.5
 10
25.22
 20
3.2
 10
25.42
 20
3.2
  0
LWPOLYLINE
  5
1E3
330
17
100
AcDbEntity
  8
A-THIN
100
AcDbPolyline
 90
5
 70
1
 10
19.299999999999997
 20
3.6
 10
19.299999999999997
 20
4.35
 10
18.4
 20
4.35
 10
18.4
 20
3.6
 10
19.299999999999997
 20
3.6
  0
LWPOLYLINE
  5
1E4
330
17
100
AcDbEntity
  8
A-THIN
100
AcDbPolyline
 90
5
 70
1
 10
24.7
 20
-0.1
 10
24.7
 20
3.2
 10
19.12
 20
3.2
 10
19.12
 20
-0.1
 10
24.7
 20
-0.1
  0
LWPOLYLINE
  5
1E5
330
17
100
AcDbEntity
  8
A-THIN
100
AcDbPolyline
 90
5
 70
1
 10
14.299999999999999
 20
0.12142857142857143
 10
14.299999999999999
 20
0.17142857142857143
 10
13.1
 20
0.17142857142857143
 10
13.1
 20
0.12142857142857143
 10
14.299999999999999
 20
0.12142857142857143
  0
LWPOLYLINE
  5
1E6
330
17
100
AcDbEntity
  8
A-THIN
100
AcDbPolyline
 90
5
 70
1
 10
14.299999999999999
 20
-0.07857142857142857
 10
14.299999999999999
 20
0.12142857142857143
 10
13.1
 20
0.12142857142857143
 10
13.1
 20
-0.07857142857142857
 10
14.299999999999999
 20
-0.07857142857142857
  0
LWPOLYLINE
  5
1E7
330
17
100
AcDbEntity
  8
A-THIN
100
AcDbPolyline
 90
5
 70
1
 10
14.364999999999998
 20
0.0
 10
14.364999999999998
 20
4.5
 10
14.334999999999999
 20
4.5
 10
14.334999999999999
 20
0.0
 10
14.364999999999998
 20
0.0
  0
LWPOLYLINE
  5
1E8
330
17
100
AcDbEntity
  8
A-THIN
100
AcDbPolyline
 90
5
 70
1
 10
25.42
 20
3.2
 10
25.42
 20
7.5
 10
25.22
 20
7.5
 10
25.22
 20
3.2
 10
25.42
 20
3.2
  0
LWPOLYLINE
  5
1E9
330
17
100
AcDbEntity
  8
A-THIN
100
AcDbPolyline
 90
5
 70
1
 10
24.58
 20
9.739999999999998
 10
24.58
 20
9.899999999999999
 10
18.32
 20
9.899999999999999
 10
18.32
 20
9.739999999999998
 10
24.58
 20
9.739999999999998
  0
LWPOLYLINE
  5
1EA
330
17
100
AcDbEntity
  8
A-THIN
100
AcDbPolyline
 90
5
 70
1
 10
25.42
 20
3.2
 10
25.42
 20
7.5
 10
25.22
 20
7.5
 10
25.22
 20
3.2
 10
25.42
 20
3.2
  0
LWPOLYLINE
  5
1EB
330
17
100
AcDbEntity
  8
A-THIN
100
AcDbPolyline
 90
5
 70
1
 10
18.275000000000002
 20
7.0
 10
18.275000000000002
 20
9.7
 10
18.425
 20
9.7
 10
18.425
 20
7.0
 10
18.275000000000002
 20
7.0
  0
LWPOLYLINE
  5
1EC
330
17
100
AcDbEntity
  8
A-THIN
100
AcDbPolyline
 90
5
 70
1
 10
24.475
 20
7.0
 10
24.475
 20
9.7
 10
24.625
 20
9.7
 10
24.625
 20
7.0
 10
24.475
 20
7.0
  0
LWPOLYLINE
  5
1ED
330
17
100
AcDbEntity
  8
A-THIN
100
AcDbPolyline
 90
9
 70
1
 10
18.32
 20
9.92
 10
24.58
 20
9.92
 10
24.7
 20
9.92
 10
24.7
 20
9.7
 10
24.58
 20
9.7
 10
18.32
 20
9.7
 10
18.2
 20
9.7
 10
18.2
 20
9.92
 10
18.32
 20
9.92
  0
LWPOLYLINE
  5
1EE
330
17
100
AcDbEntity
  8
A-THIN
100
AcDbPolyline
 90
5
 70
1
 10
8.75
 20
3.6
 10
8.75
 20
6.2
 10
6.55
 20
6.2
 10
6.55
 20
3.6
 10
8.75
 20
3.6
  0
LWPOLYLINE
  5
1EF
330
17
100
AcDbEntity
  8
A-THIN
100
AcDbPolyline
 90
5
 70
1
 10
23.900000000000002
 20
3.6
 10
23.900000000000002
 20
4.15
 10
22.3
 20
4.15
 10
22.3
 20
3.6
 10
23.900000000000002
 20
3.6
  0
LWPOLYLINE
  5
1F0
330
17
100
AcDbEntity
  8
A-THIN
100
AcDbPolyline
 90
5
 70
1
 10
25.42
 20
3.2
 10
25.42
 20
7.5
 10
25.22
 20
7.5
 10
25.22
 20
3.2
 10
25.42
 20
3.2
  0
LWPOLYLINE
  5
1F1
330
17
100
AcDbEntity
  8
A-THIN
100
AcDbPolyline
 90
5
 70
1
 10
6.3999999999999995
 20
3.5
 10
6.3999999999999995
 20
6.6000000000000005
 10
6.3
 20
6.6000000000000005
 10
6.3
 20
3.5
 10
6.3999999999999995
 20
3.5
  0
LWPOLYLINE
  5
1F2
330
17
100
AcDbEntity
  8
A-THIN
100
AcDbPolyline
 90
5
 70
1
 10
24.860000000000003
 20
4.1
 10
24.860000000000003
 20
6.4
 10
24.8
 20
6.4
 10
24.8
 20
4.1
 10
24.860000000000003
 20
4.1
  0
LWPOLYLINE
  5
1F3
330
17
100
AcDbEntity
  8
A-THIN
100
AcDbPolyline
 90
5
 70
1
 10
25.42
 20
3.2
 10
25.42
 20
7.5
 10
25.22
 20
7.5
 10
25.22
 20
3.2
 10
25.42
 20
3.2
  0
LWPOLYLINE
  5
1F4
330
17
100
AcDbEntity
  8
A-THIN
100
AcDbPolyline
 90
5
 70
1
 10
9.8
 20
3.6
 10
9.8
 20
5.6
 10
9.0
 20
5.6
 10
9.0
 20
3.6
 10
9.8
 20
3.6
  0
LWPOLYLINE
  5
1F5
330
17
100
AcDbEntity
  8
A-THIN
100
AcDbPolyline
 90
5
 70
1
 10
24.6
 20
0.0
 10
24.6
 20
0.92
 10
21.1
 20
0.92
 10
21.1
 20
0.0
 10
24.6
 20
0.0
  0
LWPOLYLINE
  5
1F6
330
17
100
AcDbEntity
  8
A-THIN
100
AcDbPolyline
 90
5
 70
1
 10
20.35
 20
3.6
 10
20.35
 20
6.2
 10
19.75
 20
6.2
 10
19.75
 20
3.6
 10
20.35
 20
3.6
  0
LWPOLYLINE
  5
1F7
330
17
100
AcDbEntity
  8
A-THIN
100
AcDbPolyline
 90
5
 70
1
 10
25.42
 20
3.2
 10
25.42
 20
7.5
 10
25.22
 20
7.5
 10
25.22
 20
3.2
 10
25.42
 20
3.2
  0
LWPOLYLINE
  5
1F8
330
17
100
AcDbEntity
  8
A-THIN
100
AcDbPolyline
 90
15
 70
1
 10
9.0
 20
3.5
 10
6.300000000000001
 20
3.5
 10
6.3
 20
3.5
 10
6.1000000000000005
 20
3.5
 10
6.1000000000000005
 20
6.6000000000000005
 10
6.3
 20
6.6000000000000005
 10
6.300000000000001
 20
6.6000000000000005
 10
9.0
 20
6.6000000000000005
 10
9.8
 20
6.6000000000000005
 10
10.9
 20
6.6000000000000005
 10
11.200000000000001
 20
6.6000000000000005
 10
11.200000000000001
 20
3.5
 10
10.9
 20
3.5
 10
9.8
 20
3.5
 10
9.0
 20
3.5
  0
LWPOLYLINE
  5
1F9
330
17
100
AcDbEntity
  8
A-THIN
100
AcDbPolyline
 90
5
 70
1
 10
9.0
 20
3.6
 10
9.8
 20
3.6
 10
9.8
 20
5.6
 10
9.0
 20
5.6
 10
9.0
 20
3.6
  0
LWPOLYLINE
  5
1FA
330
17
100
AcDbEntity
  8
A-THIN
100
AcDbPolyline
 90
5
 70
1
 10
6.1000000000000005
 20
3.1500000000000004
 10
6.1000000000000005
 20
7.5
 10
6.0
 20
7.5
 10
6.0
 20
3.1500000000000004
 10
6.1000000000000005
 20
3.1500000000000004
  0
LWPOLYLINE
  5
1FB
330
17
100
AcDbEntity
  8
A-THIN
100
AcDbPolyline
 90
5
 70
1
 10
13.1
 20
3.5
 10
13.1
 20
6.6000000000000005
 10
12.979999999999999
 20
6.6000000000000005
 10
12.979999999999999
 20
3.5
 10
13.1
 20
3.5
  0
LWPOLYLINE
  5
1FC
330
17
100
AcDbEntity
  8
A-THIN
100
AcDbPolyline
 90
5
 70
1
 10
12.2
 20
3.6
 10
12.2
 20
5.800000000000001
 10
11.4
 20
5.800000000000001
 10
11.4
 20
3.6
 10
12.2
 20
3.6
  0
LWPOLYLINE
  5
1FD
330
17
100
AcDbEntity
  8
A-THIN
100
AcDbPolyline
 90
9
 70
1
 10
11.4
 20
3.5
 10
11.2
 20
3.5
 10
11.2
 20
6.6000000000000005
 10
11.4
 20
6.6000000000000005
 10
12.2
 20
6.6000000000000005
 10
13.12
 20
6.6000000000000005
 10
13.12
 20
3.5
 10
12.2
 20
3.5
 10
11.4
 20
3.5
  0
LWPOLYLINE
  5
1FE
330
17
100
AcDbEntity
  8
A-THIN
100
AcDbPolyline
 90
5
 70
1
 10
11.4
 20
3.6
 10
12.2
 20
3.6
 10
12.2
 20
5.800000000000001
 10
11.4
 20
5.800000000000001
 10
11.4
 20
3.6
  0
LWPOLYLINE
  5
1FF
330
17
100
AcDbEntity
  8
A-THIN
100
AcDbPolyline
 90
5
 70
1
 10
19.72
 20
6.6000000000000005
 10
19.72
 20
3.5
 10
19.6
 20
3.5
 10
19.6
 20
6.6000000000000005
 10
19.72
 20
6.6000000000000005
  0
LWPOLYLINE
  5
200
330
17
100
AcDbEntity
  8
A-THIN
100
AcDbPolyline
 90
5
 70
1
 10
25.42
 20
3.2
 10
25.42
 20
7.5
 10
25.22
 20
7.5
 10
25.22
 20
3.2
 10
25.42
 20
3.2
  0
LWPOLYLINE
  5
201
330
17
100
AcDbEntity
  8
A-THIN
100
AcDbPolyline
 90
5
 70
1
 10
6.300000000000001
 20
3.5
 10
6.300000000000001
 20
6.6000000000000005
 10
6.1000000000000005
 20
6.6000000000000005
 10
6.1000000000000005
 20
3.5
 10
6.300000000000001
 20
3.5
  0
LWPOLYLINE
  5
202
330
17
100
AcDbEntity
  8
A-THIN
100
AcDbPolyline
 90
5
 70
1
 10
6.1000000000000005
 20
3.1500000000000004
 10
6.1000000000000005
 20
7.5
 10
6.0
 20
7.5
 10
6.0
 20
3.1500000000000004
 10
6.1000000000000005
 20
3.1500000000000004
  0
LWPOLYLINE
  5
203
330
17
100
AcDbEntity
  8
A-THIN
100
AcDbPolyline
 90
5
 70
1
 10
6.2
 20
3.6
 10
6.2
 20
6.300000000000001
 10
6.140000000000001
 20
6.300000000000001
 10
6.140000000000001
 20
3.6
 10
6.2
 20
3.6
  0
LWPOLYLINE
  5
204
330
17
100
AcDbEntity
  8
A-THIN
100
AcDbPolyline
 90
5
 70
1
 10
12.0
 20
0.0
 10
12.0
 20
0.01
 10
7.0
 20
0.01
 10
7.0
 20
0.0
 10
12.0
 20
0.0
  0
LWPOLYLINE
  5
205
330
17
100
AcDbEntity
  8
A-THIN
100
AcDbPolyline
 90
5
 70
1
 10
25.42
 20
3.2
 10
25.42
 20
7.5
 10
25.22
 20
7.5
 10
25.22
 20
3.2
 10
25.42
 20
3.2
  0
LWPOLYLINE
  5
206
330
17
100
AcDbEntity
  8
A-THIN
100
AcDbPolyline
 90
5
 70
1
 10
15.35
 20
7.0
 10
15.35
 20
9.2
 10
14.35
 20
9.2
 10
14.35
 20
7.0
 10
15.35
 20
7.0
  0
LWPOLYLINE
  5
207
330
17
100
AcDbEntity
  8
A-THIN
100
AcDbPolyline
 90
9
 70
1
 10
14.35
 20
6.9
 10
12.9
 20
6.9
 10
12.9
 20
9.7
 10
14.35
 20
9.7
 10
15.35
 20
9.7
 10
17.8
 20
9.7
 10
17.8
 20
6.9
 10
15.35
 20
6.9
 10
14.35
 20
6.9
  0
LWPOLYLINE
  5
208
330
17
100
AcDbEntity
  8
A-THIN
100
AcDbPolyline
 90
5
 70
1
 10
14.35
 20
7.0
 10
15.35
 20
7.0
 10
15.35
 20
9.2
 10
14.35
 20
9.2
 10
14.35
 20
7.0
  0
LWPOLYLINE
  5
209
330
17
100
AcDbEntity
  8
A-THIN
100
AcDbPolyline
 90
5
 70
1
 10
17.7
 20
9.65
 10
17.7
 20
9.9
 10
13.0
 20
9.9
 10
13.0
 20
9.65
 10
17.7
 20
9.65
  0
LWPOLYLINE
  5
20A
330
17
100
AcDbEntity
  8
A-THIN
100
AcDbPolyline
 90
5
 70
1
 10
17.7
 20
9.9
 10
17.7
 20
10.02
 10
13.0
 20
10.02
 10
13.0
 20
9.9
 10
17.7
 20
9.9
  0
LWPOLYLINE
  5
20B
330
17
100
AcDbEntity
  8
A-THIN
100
AcDbPolyline
 90
5
 70
1
 10
6.182
 20
0.5
 10
6.182
 20
2.95
 10
6.158
 20
2.95
 10
6.158
 20
0.5
 10
6.182
 20
0.5
  0
LWPOLYLINE
  5
20C
330
17
100
AcDbEntity
  8
A-THIN
100
AcDbPolyline
 90
13
 70
1
 10
14.35
 20
6.9
 10
13.0
 20
6.9
 10
12.9
 20
6.9
 10
12.9
 20
10.2
 10
13.0
 20
10.2
 10
14.35
 20
10.2
 10
15.35
 20
10.2
 10
17.700000000000003
 20
10.2
 10
17.8
 20
10.2
 10
17.8
 20
6.9
 10
17.700000000000003
 20
6.9
 10
15.35
 20
6.9
 10
14.35
 20
6.9
  0
LWPOLYLINE
  5
20D
330
17
100
AcDbEntity
  8
A-THIN
100
AcDbPolyline
 90
5
 70
1
 10
14.35
 20
7.0
 10
15.35
 20
7.0
 10
15.35
 20
9.2
 10
14.35
 20
9.2
 10
14.35
 20
7.0
  0
LWPOLYLINE
  5
20E
330
17
100
AcDbEntity
  8
A-THIN
100
AcDbPolyline
 90
5
 70
1
 10
13.0
 20
6.9
 10
13.0
 20
9.7
 10
13.200000000000001
 20
9.7
 10
13.200000000000001
 20
6.9
 10
13.0
 20
6.9
  0
LWPOLYLINE
  5
20F
330
17
100
AcDbEntity
  8
A-THIN
100
AcDbPolyline
 90
5
 70
1
 10
17.500000000000004
 20
6.9
 10
17.500000000000004
 20
9.7
 10
17.700000000000003
 20
9.7
 10
17.700000000000003
 20
6.9
 10
17.500000000000004
 20
6.9
  0
LWPOLYLINE
  5
210
330
17
100
AcDbEntity
  8
A-THIN
100
AcDbPolyline
 90
5
 70
1
 10
18.9
 20
3.6
 10
18.9
 20
4.35
 10
15.9
 20
4.35
 10
15.9
 20
3.6
 10
18.9
 20
3.6
  0
LWPOLYLINE
  5
211
330
17
100
AcDbEntity
  8
A-THIN
100
AcDbPolyline
 90
5
 70
1
 10
25.42
 20
3.2
 10
25.42
 20
7.5
 10
25.22
 20
7.5
 10
25.22
 20
3.2
 10
25.42
 20
3.2
  0
LWPOLYLINE
  5
212
330
17
100
AcDbEntity
  8
A-THIN
100
AcDbPolyline
 90
5
 70
1
 10
6.1000000000000005
 20
-0.1
 10
6.1000000000000005
 20
0.45
 10
6.300000000000001
 20
0.45
 10
6.300000000000001
 20
-0.1
 10
6.1000000000000005
 20
-0.1
  0
LWPOLYLINE
  5
213
330
17
100
AcDbEntity
  8
A-THIN
100
AcDbPolyline
 90
5
 70
1
 10
24.700000000000003
 20
3.2
 10
24.900000000000002
 20
3.2
 10
24.900000000000002
 20
-0.1
 10
24.700000000000003
 20
-0.1
 10
24.700000000000003
 20
3.2
  0
LWPOLYLINE
  5
214
330
17
100
AcDbEntity
  8
A-THIN
100
AcDbPolyline
 90
5
 70
1
 10
6.1000000000000005
 20
3.2
 10
6.300000000000001
 20
3.2
 10
6.300000000000001
 20
3.0
 10
6.1000000000000005
 20
3.0
 10
6.1000000000000005
 20
3.2
  0
LWPOLYLINE
  5
215
330
17
100
AcDbEntity
  8
A-THIN
100
AcDbPolyline
 90
5
 70
1
 10
6.0
 20
-0.15
 10
6.0
 20
0.45
 10
6.1000000000000005
 20
0.45
 10
6.1000000000000005
 20
-0.15
 10
6.0
 20
-0.15
  0
LWPOLYLINE
  5
216
330
17
100
AcDbEntity
  8
A-THIN
100
AcDbPolyline
 90
5
 70
1
 10
24.900000000000002
 20
3.55
 10
25.0
 20
3.55
 10
25.0
 20
-0.15
 10
24.900000000000002
 20
-0.15
 10
24.900000000000002
 20
3.55
  0
LWPOLYLINE
  5
217
330
17
100
AcDbEntity
  8
A-THIN
100
AcDbPolyline
 90
5
 70
1
 10
6.0
 20
3.55
 10
6.1000000000000005
 20
3.55
 10
6.1000000000000005
 20
3.0
 10
6.0
 20
3.0
 10
6.0
 20
3.55
  0
LWPOLYLINE
  5
218
330
17
100
AcDbEntity
  8
A-THIN
100
AcDbPolyline
 90
9
 70
1
 10
6.2
 20
0.45
 10
6.140000000000001
 20
0.45
 10
6.140000000000001
 20
0.5
 10
6.140000000000001
 20
2.95
 10
6.140000000000001
 20
3.0
 10
6.2
 20
3.0
 10
6.2
 20
2.95
 10
6.2
 20
0.5
 10
6.2
 20
0.45
  0
LWPOLYLINE
  5
219
330
17
100
AcDbEntity
  8
A-THIN
100
AcDbPolyline
 90
5
 70
1
 10
25.42
 20
3.2
 10
25.42
 20
7.5
 10
25.22
 20
7.5
 10
25.22
 20
3.2
 10
25.42
 20
3.2
  0
LWPOLYLINE
  5
21A
330
17
100
AcDbEntity
  8
A-THIN
100
AcDbPolyline
 90
5
 70
1
 10
19.119999999999997
 20
-0.1
 10
19.119999999999997
 20
3.2
 10
19.0
 20
3.2
 10
19.0
 20
-0.1
 10
19.119999999999997
 20
-0.1
  0
LWPOLYLINE
  5
21B
330
17
100
AcDbEntity
  8
A-THIN
100
AcDbPolyline
 90
5
 70
1
 10
25.42
 20
3.2
 10
25.42
 20
7.5
 10
25.22
 20
7.5
 10
25.22
 20
3.2
 10
25.42
 20
3.2
  0
LWPOLYLINE
  5
21C
330
17
100
AcDbEntity
  8
A-THIN
100
AcDbPolyline
 90
5
 70
1
 10
19.6
 20
3.5
 10
19.6
 20
3.6
 10
19.72
 20
3.6
 10
19.72
 20
3.5
 10
19.6
 20
3.5
  0
LWPOLYLINE
  5
21D
330
17
100
AcDbEntity
  8
A-THIN
100
AcDbPolyline
 90
5
 70
1
 10
19.6
 20
5.800000000000001
 10
19.6
 20
6.6000000000000005
 10
19.72
 20
6.6000000000000005
 10
19.72
 20
5.800000000000001
 10
19.6
 20
5.800000000000001
  0
LWPOLYLINE
  5
21E
330
17
100
AcDbEntity
  8
A-THIN
100
AcDbPolyline
 90
5
 70
1
 10
19.685
 20
3.6
 10
19.685
 20
5.800000000000001
 10
19.635
 20
5.800000000000001
 10
19.635
 20
3.6
 10
19.685
 20
3.6
  0
LWPOLYLINE
  5
21F
330
17
100
AcDbEntity
  8
A-THIN
100
AcDbPolyline
 90
5
 70
1
 10
11.4
 20
0.0
 10
11.4
 20
0.75
 10
7.2
 20
0.75
 10
7.2
 20
0.0
 10
11.4
 20
0.0
  0
LWPOLYLINE
  5
220
330
17
100
AcDbEntity
  8
A-THIN
100
AcDbPolyline
 90
5
 70
1
 10
25.42
 20
3.2
 10
25.42
 20
7.5
 10
25.22
 20
7.5
 10
25.22
 20
3.2
 10
25.42
 20
3.2
  0
LWPOLYLINE
  5
221
330
17
100
AcDbEntity
  8
A-THIN
100
AcDbPolyline
 90
5
 70
1
 10
24.842000000000002
 20
4.17
 10
24.842000000000002
 20
6.33
 10
24.818
 20
6.33
 10
24.818
 20
4.17
 10
24.842000000000002
 20
4.17
  0
LWPOLYLINE
  5
222
330
17
100
AcDbEntity
  8
A-THIN
100
AcDbPolyline
 90
5
 70
1
 10
25.42
 20
3.2
 10
25.42
 20
7.5
 10
25.22
 20
7.5
 10
25.22
 20
3.2
 10
25.42
 20
3.2
  0
LWPOLYLINE
  5
223
330
17
100
AcDbEntity
  8
A-THIN
100
AcDbPolyline
 90
5
 70
1
 10
24.700000000000003
 20
3.5
 10
24.700000000000003
 20
4.1
 10
24.900000000000002
 20
4.1
 10
24.900000000000002
 20
3.5
 10
24.700000000000003
 20
3.5
  0
LWPOLYLINE
  5
224
330
17
100
AcDbEntity
  8
A-THIN
100
AcDbPolyline
 90
5
 70
1
 10
24.700000000000003
 20
6.4
 10
24.700000000000003
 20
6.6000000000000005
 10
24.900000000000002
 20
6.6000000000000005
 10
24.900000000000002
 20
6.4
 10
24.700000000000003
 20
6.4
  0
LWPOLYLINE
  5
225
330
17
100
AcDbEntity
  8
A-THIN
100
AcDbPolyline
 90
5
 70
1
 10
24.900000000000002
 20
3.1500000000000004
 10
24.900000000000002
 20
4.1
 10
25.0
 20
4.1
 10
25.0
 20
3.1500000000000004
 10
24.900000000000002
 20
3.1500000000000004
  0
LWPOLYLINE
  5
226
330
17
100
AcDbEntity
  8
A-THIN
100
AcDbPolyline
 90
5
 70
1
 10
24.900000000000002
 20
6.4
 10
24.900000000000002
 20
7.5
 10
25.0
 20
7.5
 10
25.0
 20
6.4
 10
24.900000000000002
 20
6.4
  0
LWPOLYLINE
  5
227
330
17
100
AcDbEntity
  8
A-THIN
100
AcDbPolyline
 90
9
 70
1
 10
24.860000000000003
 20
4.1
 10
24.8
 20
4.1
 10
24.8
 20
4.17
 10
24.8
 20
6.33
 10
24.8
 20
6.4
 10
24.860000000000003
 20
6.4
 10
24.860000000000003
 20
6.33
 10
24.860000000000003
 20
4.17
 10
24.860000000000003
 20
4.1
  0
LWPOLYLINE
  5
228
330
17
100
AcDbEntity
  8
A-THIN
100
AcDbPolyline
 90
5
 70
1
 10
25.05
 20
3.6
 10
25.05
 20
4.65
 10
25.029999999999998
 20
4.65
 10
25.029999999999998
 20
3.6
 10
25.05
 20
3.6
  0
LWPOLYLINE
  5
229
330
17
100
AcDbEntity
  8
A-THIN
100
AcDbPolyline
 90
5
 70
1
 10
25.07
 20
4.62
 10
25.07
 20
4.65
 10
25.009999999999998
 20
4.65
 10
25.009999999999998
 20
4.62
 10
25.07
 20
4.62
  0
LWPOLYLINE
  5
22A
330
17
100
AcDbEntity
  8
A-THIN
100
AcDbPolyline
 90
5
 70
1
 10
6.300000000000001
 20
-0.1
 10
6.300000000000001
 20
3.2
 10
6.1000000000000005
 20
3.2
 10
6.1000000000000005
 20
-0.1
 10
6.300000000000001
 20
-0.1
  0
LWPOLYLINE
  5
22B
330
17
100
AcDbEntity
  8
A-THIN
100
AcDbPolyline
 90
5
 70
1
 10
6.1000000000000005
 20
-0.15
 10
6.1000000000000005
 20
3.55
 10
6.0
 20
3.55
 10
6.0
 20
-0.15
 10
6.1000000000000005
 20
-0.15
  0
LWPOLYLINE
  5
22C
330
17
100
AcDbEntity
  8
A-THIN
100
AcDbPolyline
 90
5
 70
1
 10
24.700000000000003
 20
3.6
 10
24.700000000000003
 20
4.35
 10
24.1
 20
4.35
 10
24.1
 20
3.6
 10
24.700000000000003
 20
3.6
  0
LWPOLYLINE
  5
22D
330
17
100
AcDbEntity
  8
A-THIN
100
AcDbPolyline
 90
5
 70
1
 10
6.2
 20
0.0
 10
6.2
 20
3.0
 10
6.140000000000001
 20
3.0
 10
6.140000000000001
 20
0.0
 10
6.2
 20
0.0
  0
LWPOLYLINE
  5
22E
330
17
100
AcDbEntity
  8
A-THIN
100
AcDbPolyline
 90
5
 70
1
 10
6.182
 20
3.65
 10
6.182
 20
6.250000000000001
 10
6.158
 20
6.250000000000001
 10
6.158
 20
3.65
 10
6.182
 20
3.65
  0
LWPOLYLINE
  5
22F
330
17
100
AcDbEntity
  8
A-THIN
100
AcDbPolyline
 90
5
 70
1
 10
18.0
 20
3.6
 10
18.0
 20
3.95
 10
16.8
 20
3.95
 10
16.8
 20
3.6
 10
18.0
 20
3.6
  0
LWPOLYLINE
  5
230
330
17
100
AcDbEntity
  8
A-THIN
100
AcDbPolyline
 90
5
 70
1
 10
25.42
 20
3.2
 10
25.42
 20
7.5
 10
25.22
 20
7.5
 10
25.22
 20
3.2
 10
25.42
 20
3.2
  0
LWPOLYLINE
  5
231
330
17
100
AcDbEntity
  8
A-THIN
100
AcDbPolyline
 90
5
 70
1
 10
24.700000000000003
 20
0.0
 10
24.900000000000002
 20
0.0
 10
24.900000000000002
 20
-0.1
 10
24.700000000000003
 20
-0.1
 10
24.700000000000003
 20
0.0
  0
LWPOLYLINE
  5
232
330
17
100
AcDbEntity
  8
A-THIN
100
AcDbPolyline
 90
5
 70
1
 10
24.700000000000003
 20
3.2
 10
24.900000000000002
 20
3.2
 10
24.900000000000002
 20
2.3
 10
24.700000000000003
 20
2.3
 10
24.700000000000003
 20
3.2
  0
LWPOLYLINE
  5
233
330
17
100
AcDbEntity
  8
A-THIN
100
AcDbPolyline
 90
5
 70
1
 10
6.1000000000000005
 20
3.6
 10
6.300000000000001
 20
3.6
 10
6.300000000000001
 20
3.5
 10
6.1000000000000005
 20
3.5
 10
6.1000000000000005
 20
3.6
  0
LWPOLYLINE
  5
234
330
17
100
AcDbEntity
  8
A-THIN
100
AcDbPolyline
 90
5
 70
1
 10
6.1000000000000005
 20
6.6000000000000005
 10
6.300000000000001
 20
6.6000000000000005
 10
6.300000000000001
 20
6.300000000000001
 10
6.1000000000000005
 20
6.300000000000001
 10
6.1000000000000005
 20
6.6000000000000005
  0
LWPOLYLINE
  5
235
330
17
100
AcDbEntity
  8
A-THIN
100
AcDbPolyline
 90
5
 70
1
 10
24.900000000000002
 20
-0.15
 10
24.900000000000002
 20
0.0
 10
25.0
 20
0.0
 10
25.0
 20
-0.15
 10
24.900000000000002
 20
-0.15
  0
LWPOLYLINE
  5
236
330
17
100
AcDbEntity
  8
A-THIN
100
AcDbPolyline
 90
5
 70
1
 10
24.900000000000002
 20
2.3
 10
24.900000000000002
 20
3.55
 10
25.0
 20
3.55
 10
25.0
 20
2.3
 10
24.900000000000002
 20
2.3
  0
LWPOLYLINE
  5
237
330
17
100
AcDbEntity
  8
A-THIN
100
AcDbPolyline
 90
5
 70
1
 10
24.855
 20
0.0
 10
24.855
 20
2.3
 10
24.805
 20
2.3
 10
24.805
 20
0.0
 10
24.855
 20
0.0
  0
LWPOLYLINE
  5
238
330
17
100
AcDbEntity
  8
A-THIN
100
AcDbPolyline
 90
5
 70
1
 10
6.0
 20
3.1500000000000004
 10
6.0
 20
3.6
 10
6.1000000000000005
 20
3.6
 10
6.1000000000000005
 20
3.1500000000000004
 10
6.0
 20
3.1500000000000004
  0
LWPOLYLINE
  5
239
330
17
100
AcDbEntity
  8
A-THIN
100
AcDbPolyline
 90
5
 70
1
 10
6.0
 20
6.300000000000001
 10
6.0
 20
7.5
 10
6.1000000000000005
 20
7.5
 10
6.1000000000000005
 20
6.300000000000001
 10
6.0
 20
6.300000000000001
  0
LWPOLYLINE
  5
23A
330
17
100
AcDbEntity
  8
A-THIN
100
AcDbPolyline
 90
9
 70
1
 10
6.2
 20
3.6
 10
6.140000000000001
 20
3.6
 10
6.140000000000001
 20
3.65
 10
6.140000000000001
 20
6.250000000000001
 10
6.140000000000001
 20
6.300000000000001
 10
6.2
 20
6.300000000000001
 10
6.2
 20
6.250000000000001
 10
6.2
 20
3.65
 10
6.2
 20
3.6
  0
LWPOLYLINE
  5
23B
330
17
100
AcDbEntity
  8
A-THIN
100
AcDbPolyline
 90
5
 70
1
 10
19.0
 20
-0.1
 10
19.0
 20
0.0
 10
19.119999999999997
 20
0.0
 10
19.119999999999997
 20
-0.1
 10
19.0
 20
-0.1
  0
LWPOLYLINE
  5
23C
330
17
100
AcDbEntity
  8
A-THIN
100
AcDbPolyline
 90
5
 70
1
 10
19.0
 20
2.2
 10
19.0
 20
3.2
 10
19.119999999999997
 20
3.2
 10
19.119999999999997
 20
2.2
 10
19.0
 20
2.2
  0
LWPOLYLINE
  5
23D
330
17
100
AcDbEntity
  8
A-THIN
100
AcDbPolyline
 90
5
 70
1
 10
19.084999999999997
 20
0.0
 10
19.084999999999997
 20
2.2
 10
19.035
 20
2.2
 10
19.035
 20
0.0
 10
19.084999999999997
 20
0.0
  0
LWPOLYLINE
  5
23E
330
17
100
AcDbEntity
  8
A-THIN
100
AcDbPolyline
 90
5
 70
1
 10
25.42
 20
3.2
 10
25.42
 20
7.5
 10
25.22
 20
7.5
 10
25.22
 20
3.2
 10
25.42
 20
3.2
  0
LWPOLYLINE
  5
23F
330
17
100
AcDbEntity
  8
A-THIN
100
AcDbPolyline
 90
5
 70
1
 10
19.72
 20
3.5
 10
19.72
 20
6.6000000000000005
 10
19.6
 20
6.6000000000000005
 10
19.6
 20
3.5
 10
19.72
 20
3.5
  0
LWPOLYLINE
  5
240
330
17
100
AcDbEntity
  8
A-THIN
100
AcDbPolyline
 90
5
 70
1
 10
12.4
 20
3.6
 10
12.4
 20
5.800000000000001
 10
11.5
 20
5.800000000000001
 10
11.5
 20
3.6
 10
12.4
 20
3.6
  0
LWPOLYLINE
  5
241
330
17
100
AcDbEntity
  8
A-THIN
100
AcDbPolyline
 90
5
 70
1
 10
21.02
 20
-0.1
 10
21.02
 20
3.2
 10
20.900000000000002
 20
3.2
 10
20.900000000000002
 20
-0.1
 10
21.02
 20
-0.1
  0
LWPOLYLINE
  5
242
330
17
100
AcDbEntity
  8
A-THIN
100
AcDbPolyline
 90
9
 70
1
 10
11.5
 20
3.5
 10
6.3
 20
3.5
 10
6.3
 20
6.6000000000000005
 10
11.5
 20
6.6000000000000005
 10
12.4
 20
6.6000000000000005
 10
12.7
 20
6.6000000000000005
 10
12.7
 20
3.5
 10
12.4
 20
3.5
 10
11.5
 20
3.5
  0
LWPOLYLINE
  5
243
330
17
100
AcDbEntity
  8
A-THIN
100
AcDbPolyline
 90
5
 70
1
 10
11.5
 20
3.6
 10
12.4
 20
3.6
 10
12.4
 20
5.800000000000001
 10
11.5
 20
5.800000000000001
 10
11.5
 20
3.6
  0
LWPOLYLINE
  5
244
330
17
100
AcDbEntity
  8
A-THIN
100
AcDbPolyline
 90
5
 70
1
 10
12.94
 20
7.0
 10
12.94
 20
8.1
 10
12.959999999999999
 20
8.1
 10
12.959999999999999
 20
7.0
 10
12.94
 20
7.0
  0
LWPOLYLINE
  5
245
330
17
100
AcDbEntity
  8
A-THIN
100
AcDbPolyline
 90
5
 70
1
 10
24.79
 20
7.5
 10
24.79
 20
8.1
 10
24.810000000000002
 20
8.1
 10
24.810000000000002
 20
7.5
 10
24.79
 20
7.5
  0
LWPOLYLINE
  5
246
330
17
100
AcDbEntity
  8
A-THIN
100
AcDbPolyline
 90
5
 70
1
 10
12.92
 20
8.07
 10
12.92
 20
8.1
 10
12.979999999999999
 20
8.1
 10
12.979999999999999
 20
8.07
 10
12.92
 20
8.07
  0
LWPOLYLINE
  5
247
330
17
100
AcDbEntity
  8
A-THIN
100
AcDbPolyline
 90
5
 70
1
 10
24.77
 20
8.07
 10
24.77
 20
8.1
 10
24.830000000000002
 20
8.1
 10
24.830000000000002
 20
8.07
 10
24.77
 20
8.07
  0
LWPOLYLINE
  5
248
330
17
100
AcDbEntity
  8
A-THIN
100
AcDbPolyline
 90
7
 70
1
 10
12.95
 20
7.5
 10
12.95
 20
8.1
 10
17.9
 20
8.1
 10
24.8
 20
8.1
 10
24.8
 20
7.5
 10
17.9
 20
7.5
 10
12.95
 20
7.5
  0
LWPOLYLINE
  5
249
330
17
100
AcDbEntity
  8
A-THIN
100
AcDbPolyline
 90
5
 70
1
 10
25.42
 20
3.2
 10
25.42
 20
7.5
 10
25.22
 20
7.5
 10
25.22
 20
3.2
 10
25.42
 20
3.2
  0
LWPOLYLINE
  5
24A
330
17
100
AcDbEntity
  8
A-THIN
100
AcDbPolyline
 90
7
 70
1
 10
12.95
 20
8.07
 10
12.95
 20
8.1
 10
17.9
 20
8.1
 10
24.8
 20
8.1
 10
24.8
 20
8.07
 10
17.9
 20
8.07
 10
12.95
 20
8.07
  0
LWPOLYLINE
  5
24B
330
17
100
AcDbEntity
  8
A-THIN
100
AcDbPolyline
 90
5
 70
1
 10
13.450000000000001
 20
3.65
 10
13.450000000000001
 20
6.3500000000000005
 10
15.45
 20
6.3500000000000005
 10
15.45
 20
3.65
 10
13.450000000000001
 20
3.65
  0
LWPOLYLINE
  5
24C
330
17
100
AcDbEntity
  8
A-THIN
100
AcDbPolyline
 90
5
 70
1
 10
15.850000000000001
 20
6.3500000000000005
 10
19.349999999999998
 20
6.3500000000000005
 10
19.349999999999998
 20
3.65
 10
15.850000000000001
 20
3.65
 10
15.850000000000001
 20
6.3500000000000005
  0
LWPOLYLINE
  5
24D
330
17
100
AcDbEntity
  8
A-THIN
100
AcDbPolyline
 90
5
 70
1
 10
20.05
 20
6.3500000000000005
 10
24.349999999999998
 20
6.3500000000000005
 10
24.349999999999998
 20
3.65
 10
20.05
 20
3.65
 10
20.05
 20
6.3500000000000005
  0
LWPOLYLINE
  5
24E
330
17
100
AcDbEntity
  8
A-THIN
100
AcDbPolyline
 90
5
 70
1
 10
13.0
 20
-0.1
 10
13.0
 20
3.2
 10
12.7
 20
3.2
 10
12.7
 20
-0.1
 10
13.0
 20
-0.1
  0
LWPOLYLINE
  5
24F
330
17
100
AcDbEntity
  8
A-THIN
100
AcDbPolyline
 90
5
 70
1
 10
19.119999999999997
 20
-0.1
 10
19.119999999999997
 20
3.2
 10
19.0
 20
3.2
 10
19.0
 20
-0.1
 10
19.119999999999997
 20
-0.1
  0
LWPOLYLINE
  5
250
330
17
100
AcDbEntity
  8
A-THIN
100
AcDbPolyline
 90
13
 70
1
 10
15.45
 20
3.6
 10
13.450000000000001
 20
3.6
 10
13.4
 20
3.6
 10
13.4
 20
3.65
 10
13.4
 20
6.3500000000000005
 10
13.4
 20
6.4
 10
13.450000000000001
 20
6.4
 10
15.45
 20
6.4
 10
15.5
 20
6.4
 10
15.5
 20
6.3500000000000005
 10
15.5
 20
3.65
 10
15.5
 20
3.6
 10
15.45
 20
3.6
  0
LWPOLYLINE
  5
251
330
17
100
AcDbEntity
  8
A-THIN
100
AcDbPolyline
 90
5
 70
1
 10
15.45
 20
3.65
 10
15.45
 20
6.3500000000000005
 10
13.450000000000001
 20
6.3500000000000005
 10
13.450000000000001
 20
3.65
 10
15.45
 20
3.65
  0
LWPOLYLINE
  5
252
330
17
100
AcDbEntity
  8
A-THIN
100
AcDbPolyline
 90
17
 70
1
 10
19.4
 20
3.6
 10
19.349999999999998
 20
3.6
 10
17.630000000000003
 20
3.6
 10
17.57
 20
3.6
 10
15.850000000000001
 20
3.6
 10
15.8
 20
3.6
 10
15.8
 20
3.65
 10
15.8
 20
6.3500000000000005
 10
15.8
 20
6.4
 10
15.850000000000001
 20
6.4
 10
17.57
 20
6.4
 10
17.630000000000003
 20
6.4
 10
19.349999999999998
 20
6.4
 10
19.4
 20
6.4
 10
19.4
 20
6.3500000000000005
 10
19.4
 20
3.65
 10
19.4
 20
3.6
  0
LWPOLYLINE
  5
253
330
17
100
AcDbEntity
  8
A-THIN
100
AcDbPolyline
 90
5
 70
1
 10
17.630000000000003
 20
6.3500000000000005
 10
17.630000000000003
 20
3.65
 10
19.349999999999998
 20
3.65
 10
19.349999999999998
 20
6.3500000000000005
 10
17.630000000000003
 20
6.3500000000000005
  0
LWPOLYLINE
  5
254
330
17
100
AcDbEntity
  8
A-THIN
100
AcDbPolyline
 90
5
 70
1
 10
15.850000000000001
 20
6.3500000000000005
 10
15.850000000000001
 20
3.65
 10
17.57
 20
3.65
 10
17.57
 20
6.3500000000000005
 10
15.850000000000001
 20
6.3500000000000005
  0
LWPOLYLINE
  5
255
330
17
100
AcDbEntity
  8
A-THIN
100
AcDbPolyline
 90
17
 70
1
 10
20.0
 20
6.3500000000000005
 10
20.0
 20
6.4
 10
20.05
 20
6.4
 10
22.169999999999998
 20
6.4
 10
22.23
 20
6.4
 10
24.349999999999998
 20
6.4
 10
24.4
 20
6.4
 10
24.4
 20
6.3500000000000005
 10
24.4
 20
3.65
 10
24.4
 20
3.6
 10
24.349999999999998
 20
3.6
 10
22.23
 20
3.6
 10
22.169999999999998
 20
3.6
 10
20.05
 20
3.6
 10
20.0
 20
3.6
 10
20.0
 20
3.65
 10
20.0
 20
6.3500000000000005
  0
LWPOLYLINE
  5
256
330
17
100
AcDbEntity
  8
A-THIN
100
AcDbPolyline
 90
5
 70
1
 10
22.169999999999998
 20
6.3500000000000005
 10
20.05
 20
6.3500000000000005
 10
20.05
 20
3.65
 10
22.169999999999998
 20
3.65
 10
22.169999999999998
 20
6.3500000000000005
  0
LWPOLYLINE
  5
257
330
17
100
AcDbEntity
  8
A-THIN
100
AcDbPolyline
 90
5
 70
1
 10
24.349999999999998
 20
6.3500000000000005
 10
22.23
 20
6.3500000000000005
 10
22.23
 20
3.65
 10
24.349999999999998
 20
3.65
 10
24.349999999999998
 20
6.3500000000000005
  0
LWPOLYLINE
  5
258
330
17
100
AcDbEntity
  8
A-THIN
100
AcDbPolyline
 90
5
 70
1
 10
22.0
 20
0.0
 10
22.0
 20
2.2
 10
21.2
 20
2.2
 10
21.2
 20
0.0
 10
22.0
 20
0.0
  0
LWPOLYLINE
  5
259
330
17
100
AcDbEntity
  8
A-THIN
100
AcDbPolyline
 90
17
 70
1
 10
15.8
 20
6.6000000000000005
 10
19.4
 20
6.6000000000000005
 10
20.0
 20
6.6000000000000005
 10
24.4
 20
6.6000000000000005
 10
25.0
 20
6.6000000000000005
 10
25.0
 20
3.5
 10
24.4
 20
3.5
 10
20.0
 20
3.5
 10
19.4
 20
3.5
 10
15.8
 20
3.5
 10
15.5
 20
3.5
 10
13.4
 20
3.5
 10
12.7
 20
3.5
 10
12.7
 20
6.6000000000000005
 10
13.4
 20
6.6000000000000005
 10
15.5
 20
6.6000000000000005
 10
15.8
 20
6.6000000000000005
  0
LWPOLYLINE
  5
25A
330
17
100
AcDbEntity
  8
A-THIN
100
AcDbPolyline
 90
5
 70
1
 10
15.5
 20
6.4
 10
13.4
 20
6.4
 10
13.4
 20
3.6
 10
15.5
 20
3.6
 10
15.5
 20
6.4
  0
LWPOLYLINE
  5
25B
330
17
100
AcDbEntity
  8
A-THIN
100
AcDbPolyline
 90
5
 70
1
 10
15.8
 20
3.6
 10
19.4
 20
3.6
 10
19.4
 20
6.4
 10
15.8
 20
6.4
 10
15.8
 20
3.6
  0
LWPOLYLINE
  5
25C
330
17
100
AcDbEntity
  8
A-THIN
100
AcDbPolyline
 90
5
 70
1
 10
24.4
 20
3.6
 10
24.4
 20
6.4
 10
20.0
 20
6.4
 10
20.0
 20
3.6
 10
24.4
 20
3.6
  0
LWPOLYLINE
  5
25D
330
17
100
AcDbEntity
  8
A-THIN
100
AcDbPolyline
 90
13
 70
1
 10
12.9
 20
6.9
 10
13.1
 20
6.9
 10
15.7
 20
6.9
 10
15.9
 20
6.9
 10
17.3
 20
6.9
 10
24.9
 20
6.9
 10
24.9
 20
6.6000000000000005
 10
17.3
 20
6.6000000000000005
 10
15.9
 20
6.6000000000000005
 10
15.7
 20
6.6000000000000005
 10
13.1
 20
6.6000000000000005
 10
12.9
 20
6.6000000000000005
 10
12.9
 20
6.9
  0
LWPOLYLINE
  5
25E
330
17
100
AcDbEntity
  8
A-THIN
100
AcDbPolyline
 90
13
 70
1
 10
12.9
 20
7.0200000000000005
 10
13.1
 20
7.0200000000000005
 10
15.7
 20
7.0200000000000005
 10
15.9
 20
7.0200000000000005
 10
17.3
 20
7.0200000000000005
 10
24.9
 20
7.0200000000000005
 10
24.9
 20
6.9
 10
17.3
 20
6.9
 10
15.9
 20
6.9
 10
15.7
 20
6.9
 10
13.1
 20
6.9
 10
12.9
 20
6.9
 10
12.9
 20
7.0200000000000005
  0
LWPOLYLINE
  5
25F
330
17
100
AcDbEntity
  8
A-THIN
100
AcDbPolyline
 90
9
 70
1
 10
21.2
 20
-0.1
 10
19.06
 20
-0.1
 10
19.06
 20
3.2
 10
21.2
 20
3.2
 10
22.0
 20
3.2
 10
24.7
 20
3.2
 10
24.7
 20
-0.1
 10
22.0
 20
-0.1
 10
21.2
 20
-0.1
  0
LWPOLYLINE
  5
260
330
17
100
AcDbEntity
  8
A-THIN
100
AcDbPolyline
 90
5
 70
1
 10
21.2
 20
0.0
 10
22.0
 20
0.0
 10
22.0
 20
2.2
 10
21.2
 20
2.2
 10
21.2
 20
0.0
  0
LWPOLYLINE
  5
261
330
17
100
AcDbEntity
  8
A-THIN
100
AcDbPolyline
 90
5
 70
1
 10
24.700000000000003
 20
-0.1
 10
24.700000000000003
 20
3.2
 10
24.900000000000002
 20
3.2
 10
24.900000000000002
 20
-0.1
 10
24.700000000000003
 20
-0.1
  0
LWPOLYLINE
  5
262
330
17
100
AcDbEntity
  8
A-THIN
100
AcDbPolyline
 90
5
 70
1
 10
24.700000000000003
 20
3.5
 10
24.700000000000003
 20
6.6000000000000005
 10
24.900000000000002
 20
6.6000000000000005
 10
24.900000000000002
 20
3.5
 10
24.700000000000003
 20
3.5
  0
LWPOLYLINE
  5
263
330
17
100
AcDbEntity
  8
A-THIN
100
AcDbPolyline
 90
5
 70
1
 10
25.0
 20
-0.15
 10
25.0
 20
3.55
 10
24.900000000000002
 20
3.55
 10
24.900000000000002
 20
-0.15
 10
25.0
 20
-0.15
  0
LWPOLYLINE
  5
264
330
17
100
AcDbEntity
  8
A-THIN
100
AcDbPolyline
 90
22
 70
1
 10
12.7
 20
3.1500000000000004
 10
12.7
 20
7.5
 10
13.0
 20
7.5
 10
13.4
 20
7.5
 10
15.5
 20
7.5
 10
15.8
 20
7.5
 10
19.4
 20
7.5
 10
20.0
 20
7.5
 10
24.4
 20
7.5
 10
24.799999999999997
 20
7.5
 10
24.900000000000002
 20
7.5
 10
25.0
 20
7.5
 10
25.0
 20
6.9
 10
25.0
 20
3.1500000000000004
 10
24.900000000000002
 20
3.1500000000000004
 10
24.4
 20
3.1500000000000004
 10
20.0
 20
3.1500000000000004
 10
19.4
 20
3.1500000000000004
 10
15.8
 20
3.1500000000000004
 10
15.5
 20
3.1500000000000004
 10
13.4
 20
3.1500000000000004
 10
12.7
 20
3.1500000000000004
  0
LWPOLYLINE
  5
265
330
17
100
AcDbEntity
  8
A-THIN
100
AcDbPolyline
 90
5
 70
1
 10
15.8
 20
6.4
 10
15.8
 20
3.6
 10
19.4
 20
3.6
 10
19.4
 20
6.4
 10
15.8
 20
6.4
  0
LWPOLYLINE
  5
266
330
17
100
AcDbEntity
  8
A-THIN
100
AcDbPolyline
 90
5
 70
1
 10
15.5
 20
3.6
 10
15.5
 20
6.4
 10
13.4
 20
6.4
 10
13.4
 20
3.6
 10
15.5
 20
3.6
  0
LWPOLYLINE
  5
267
330
17
100
AcDbEntity
  8
A-THIN
100
AcDbPolyline
 90
5
 70
1
 10
24.4
 20
3.6
 10
24.4
 20
6.4
 10
20.0
 20
6.4
 10
20.0
 20
3.6
 10
24.4
 20
3.6
  0
LWPOLYLINE
  5
268
330
17
100
AcDbEntity
  8
A-THIN
100
AcDbPolyline
 90
5
 70
1
 10
9.620000000000001
 20
3.5
 10
9.620000000000001
 20
6.6000000000000005
 10
9.5
 20
6.6000000000000005
 10
9.5
 20
3.5
 10
9.620000000000001
 20
3.5
  0
LWPOLYLINE
  5
269
330
17
100
AcDbEntity
  8
A-THIN
100
AcDbPolyline
 90
5
 70
1
 10
12.7
 20
-0.1
 10
12.7
 20
3.2
 10
13.0
 20
3.2
 10
13.0
 20
-0.1
 10
12.7
 20
-0.1
  0
LWPOLYLINE
  5
26A
330
17
100
AcDbEntity
  8
A-THIN
100
AcDbPolyline
 90
5
 70
1
 10
18.91
 20
-0.1
 10
18.91
 20
3.2
 10
19.209999999999997
 20
3.2
 10
19.209999999999997
 20
-0.1
 10
18.91
 20
-0.1
  0
LWPOLYLINE
  5
26B
330
17
100
AcDbEntity
  8
A-THIN
100
AcDbPolyline
 90
5
 70
1
 10
5.58
 20
3.2
 10
5.58
 20
7.5
 10
5.779999999999999
 20
7.5
 10
5.779999999999999
 20
3.2
 10
5.58
 20
3.2
  0
LWPOLYLINE
  5
26C
330
17
100
AcDbEntity
  8
A-THIN
100
AcDbPolyline
 90
5
 70
1
 10
25.22
 20
3.2
 10
25.22
 20
7.5
 10
25.42
 20
7.5
 10
25.42
 20
3.2
 10
25.22
 20
3.2
  0
LWPOLYLINE
  5
26D
330
17
100
AcDbEntity
  8
A-THIN
100
AcDbPolyline
 90
5
 70
1
 10
25.29
 20
3.2
 10
25.29
 20
3.2600000000000002
 10
25.35
 20
3.2600000000000002
 10
25.35
 20
3.2
 10
25.29
 20
3.2
  0
LWPOLYLINE
  5
26E
330
17
100
AcDbEntity
  8
A-THIN
100
AcDbPolyline
 90
5
 70
1
 10
25.29
 20
7.44
 10
25.29
 20
7.5
 10
25.35
 20
7.5
 10
25.35
 20
7.44
 10
25.29
 20
7.44
  0
LWPOLYLINE
  5
26F
330
17
100
AcDbEntity
  8
A-THIN
100
AcDbPolyline
 90
5
 70
1
 10
24.860000000000003
 20
1.05
 10
24.860000000000003
 20
2.4
 10
24.8
 20
2.4
 10
24.8
 20
1.05
 10
24.860000000000003
 20
1.05
  0
LWPOLYLINE
  5
270
330
17
100
AcDbEntity
  8
A-THIN
100
AcDbPolyline
 90
5
 70
1
 10
5.779999999999999
 20
3.2
 10
5.779999999999999
 20
7.5
 10
5.58
 20
7.5
 10
5.58
 20
3.2
 10
5.779999999999999
 20
3.2
  0
LWPOLYLINE
  5
271
330
17
100
AcDbEntity
  8
A-THIN
100
AcDbPolyline
 90
5
 70
1
 10
12.9
 20
3.5
 10
12.9
 20
6.6000000000000005
 10
12.7
 20
6.6000000000000005
 10
12.7
 20
3.5
 10
12.9
 20
3.5
  0
LWPOLYLINE
  5
272
330
17
100
AcDbEntity
  8
A-THIN
100
AcDbPolyline
 90
5
 70
1
 10
13.0
 20
3.1500000000000004
 10
13.0
 20
7.5
 10
12.9
 20
7.5
 10
12.9
 20
3.1500000000000004
 10
13.0
 20
3.1500000000000004
  0
LWPOLYLINE
  5
273
330
17
100
AcDbEntity
  8
A-THIN
100
AcDbPolyline
 90
5
 70
1
 10
12.86
 20
5.3
 10
12.86
 20
6.300000000000001
 10
12.799999999999999
 20
6.300000000000001
 10
12.799999999999999
 20
5.3
 10
12.86
 20
5.3
  0
LWPOLYLINE
  5
274
330
17
100
AcDbEntity
  8
A-THIN
100
AcDbPolyline
 90
5
 70
1
 10
5.779999999999999
 20
3.2
 10
5.779999999999999
 20
7.5
 10
5.58
 20
7.5
 10
5.58
 20
3.2
 10
5.779999999999999
 20
3.2
  0
LWPOLYLINE
  5
275
330
17
100
AcDbEntity
  8
A-THIN
100
AcDbPolyline
 90
5
 70
1
 10
6.300000000000001
 20
3.5
 10
6.300000000000001
 20
6.6000000000000005
 10
6.1000000000000005
 20
6.6000000000000005
 10
6.1000000000000005
 20
3.5
 10
6.300000000000001
 20
3.5
  0
LWPOLYLINE
  5
276
330
17
100
AcDbEntity
  8
A-THIN
100
AcDbPolyline
 90
5
 70
1
 10
6.1000000000000005
 20
3.1500000000000004
 10
6.1000000000000005
 20
7.5
 10
6.0
 20
7.5
 10
6.0
 20
3.1500000000000004
 10
6.1000000000000005
 20
3.1500000000000004
  0
LWPOLYLINE
  5
277
330
17
100
AcDbEntity
  8
A-THIN
100
AcDbPolyline
 90
5
 70
1
 10
6.2
 20
4.6
 10
6.2
 20
6.300000000000001
 10
6.140000000000001
 20
6.300000000000001
 10
6.140000000000001
 20
4.6
 10
6.2
 20
4.6
  0
LWPOLYLINE
  5
278
330
17
100
AcDbEntity
  8
A-THIN
100
AcDbPolyline
 90
5
 70
1
 10
5.779999999999999
 20
3.2
 10
5.779999999999999
 20
7.5
 10
5.58
 20
7.5
 10
5.58
 20
3.2
 10
5.779999999999999
 20
3.2
  0
LWPOLYLINE
  5
279
330
17
100
AcDbEntity
  8
A-THIN
100
AcDbPolyline
 90
5
 70
1
 10
19.2
 20
0.0
 10
19.2
 20
0.92
 10
21.0
 20
0.92
 10
21.0
 20
0.0
 10
19.2
 20
0.0
  0
LWPOLYLINE
  5
27A
330
17
100
AcDbEntity
  8
A-THIN
100
AcDbPolyline
 90
5
 70
1
 10
22.1
 20
0.0
 10
22.1
 20
2.2
 10
23.0
 20
2.2
 10
23.0
 20
0.0
 10
22.1
 20
0.0
  0
LWPOLYLINE
  5
27B
330
17
100
AcDbEntity
  8
A-THIN
100
AcDbPolyline
 90
5
 70
1
 10
24.08
 20
0.0
 10
24.08
 20
2.6
 10
23.0
 20
2.6
 10
23.0
 20
0.0
 10
24.08
 20
0.0
  0
LWPOLYLINE
  5
27C
330
17
100
AcDbEntity
  8
A-THIN
100
AcDbPolyline
 90
5
 70
1
 10
5.779999999999999
 20
3.2
 10
5.779999999999999
 20
7.5
 10
5.58
 20
7.5
 10
5.58
 20
3.2
 10
5.779999999999999
 20
3.2
  0
LWPOLYLINE
  5
27D
330
17
100
AcDbEntity
  8
A-THIN
100
AcDbPolyline
 90
5
 70
1
 10
9.5
 20
3.5
 10
9.5
 20
3.6
 10
9.620000000000001
 20
3.6
 10
9.620000000000001
 20
3.5
 10
9.5
 20
3.5
  0
LWPOLYLINE
  5
27E
330
17
100
AcDbEntity
  8
A-THIN
100
AcDbPolyline
 90
5
 70
1
 10
9.5
 20
5.800000000000001
 10
9.5
 20
6.6000000000000005
 10
9.620000000000001
 20
6.6000000000000005
 10
9.620000000000001
 20
5.800000000000001
 10
9.5
 20
5.800000000000001
  0
LWPOLYLINE
  5
27F
330
17
100
AcDbEntity
  8
A-THIN
100
AcDbPolyline
 90
5
 70
1
 10
9.585
 20
3.6
 10
9.585
 20
5.800000000000001
 10
9.535
 20
5.800000000000001
 10
9.535
 20
3.6
 10
9.585
 20
3.6
  0
LWPOLYLINE
  5
280
330
17
100
AcDbEntity
  8
A-THIN
100
AcDbPolyline
 90
5
 70
1
 10
5.779999999999999
 20
3.2
 10
5.779999999999999
 20
7.5
 10
5.58
 20
7.5
 10
5.58
 20
3.2
 10
5.779999999999999
 20
3.2
  0
LWPOLYLINE
  5
281
330
17
100
AcDbEntity
  8
A-THIN
100
AcDbPolyline
 90
5
 70
1
 10
5.779999999999999
 20
3.2
 10
5.779999999999999
 20
7.5
 10
5.58
 20
7.5
 10
5.58
 20
3.2
 10
5.779999999999999
 20
3.2
  0
LWPOLYLINE
  5
282
330
17
100
AcDbEntity
  8
A-THIN
100
AcDbPolyline
 90
5
 70
1
 10
5.779999999999999
 20
3.2
 10
5.779999999999999
 20
7.5
 10
5.58
 20
7.5
 10
5.58
 20
3.2
 10
5.779999999999999
 20
3.2
  0
LWPOLYLINE
  5
283
330
17
100
AcDbEntity
  8
A-THIN
100
AcDbPolyline
 90
5
 70
1
 10
5.779999999999999
 20
3.2
 10
5.779999999999999
 20
7.5
 10
5.58
 20
7.5
 10
5.58
 20
3.2
 10
5.779999999999999
 20
3.2
  0
LWPOLYLINE
  5
284
330
17
100
AcDbEntity
  8
A-THIN
100
AcDbPolyline
 90
5
 70
1
 10
8.55
 20
0.0
 10
8.55
 20
0.35
 10
7.75
 20
0.35
 10
7.75
 20
0.0
 10
8.55
 20
0.0
  0
LWPOLYLINE
  5
285
330
17
100
AcDbEntity
  8
A-THIN
100
AcDbPolyline
 90
5
 70
1
 10
6.2
 20
0.0
 10
6.2
 20
3.0
 10
6.140000000000001
 20
3.0
 10
6.140000000000001
 20
0.0
 10
6.2
 20
0.0
  0
LWPOLYLINE
  5
286
330
17
100
AcDbEntity
  8
A-THIN
100
AcDbPolyline
 90
5
 70
1
 10
24.860000000000003
 20
1.05
 10
24.860000000000003
 20
2.4
 10
24.8
 20
2.4
 10
24.8
 20
1.05
 10
24.860000000000003
 20
1.05
  0
LWPOLYLINE
  5
287
330
17
100
AcDbEntity
  8
A-THIN
100
AcDbPolyline
 90
5
 70
1
 10
12.86
 20
5.3
 10
12.86
 20
6.300000000000001
 10
12.799999999999999
 20
6.300000000000001
 10
12.799999999999999
 20
5.3
 10
12.86
 20
5.3
  0
LWPOLYLINE
  5
288
330
17
100
AcDbEntity
  8
A-THIN
100
AcDbPolyline
 90
5
 70
1
 10
5.779999999999999
 20
3.2
 10
5.779999999999999
 20
7.5
 10
5.58
 20
7.5
 10
5.58
 20
3.2
 10
5.779999999999999
 20
3.2
  0
LWPOLYLINE
  5
289
330
17
100
AcDbEntity
  8
A-THIN
100
AcDbPolyline
 90
5
 70
1
 10
6.2
 20
4.6
 10
6.2
 20
6.300000000000001
 10
6.140000000000001
 20
6.300000000000001
 10
6.140000000000001
 20
4.6
 10
6.2
 20
4.6
  0
LWPOLYLINE
  5
28A
330
17
100
AcDbEntity
  8
A-THIN
100
AcDbPolyline
 90
5
 70
1
 10
5.779999999999999
 20
3.2
 10
5.779999999999999
 20
7.5
 10
5.58
 20
7.5
 10
5.58
 20
3.2
 10
5.779999999999999
 20
3.2
  0
LWPOLYLINE
  5
28B
330
17
100
AcDbEntity
  8
A-THIN
100
AcDbPolyline
 90
5
 70
1
 10
5.779999999999999
 20
3.2
 10
5.779999999999999
 20
7.5
 10
5.58
 20
7.5
 10
5.58
 20
3.2
 10
5.779999999999999
 20
3.2
  0
LWPOLYLINE
  5
28C
330
17
100
AcDbEntity
  8
A-THIN
100
AcDbPolyline
 90
5
 70
1
 10
5.779999999999999
 20
3.2
 10
5.779999999999999
 20
7.5
 10
5.58
 20
7.5
 10
5.58
 20
3.2
 10
5.779999999999999
 20
3.2
  0
LWPOLYLINE
  5
28D
330
17
100
AcDbEntity
  8
A-THIN
100
AcDbPolyline
 90
5
 70
1
 10
22.2
 20
3.6
 10
22.2
 20
4.35
 10
21.0
 20
4.35
 10
21.0
 20
3.6
 10
22.2
 20
3.6
  0
LWPOLYLINE
  5
28E
330
17
100
AcDbEntity
  8
A-THIN
100
AcDbPolyline
 90
5
 70
1
 10
5.779999999999999
 20
3.2
 10
5.779999999999999
 20
7.5
 10
5.58
 20
7.5
 10
5.58
 20
3.2
 10
5.779999999999999
 20
3.2
  0
LWPOLYLINE
  5
28F
330
17
100
AcDbEntity
  8
A-THIN
100
AcDbPolyline
 90
5
 70
1
 10
17.8
 20
0.0
 10
17.8
 20
0.75
 10
14.4
 20
0.75
 10
14.4
 20
0.0
 10
17.8
 20
0.0
  0
LWPOLYLINE
  5
290
330
17
100
AcDbEntity
  8
A-THIN
100
AcDbPolyline
 90
5
 70
1
 10
5.779999999999999
 20
3.2
 10
5.779999999999999
 20
7.5
 10
5.58
 20
7.5
 10
5.58
 20
3.2
 10
5.779999999999999
 20
3.2
  0
LWPOLYLINE
  5
291
330
17
100
AcDbEntity
  8
A-THIN
100
AcDbPolyline
 90
5
 70
1
 10
7.2
 20
0.0
 10
7.2
 20
0.75
 10
8.1
 20
0.75
 10
8.1
 20
0.0
 10
7.2
 20
0.0
  0
LWPOLYLINE
  5
292
330
17
100
AcDbEntity
  8
A-THIN
100
AcDbPolyline
 90
5
 70
1
 10
8.5
 20
0.0
 10
8.5
 20
0.75
 10
9.4
 20
0.75
 10
9.4
 20
0.0
 10
8.5
 20
0.0
  0
LWPOLYLINE
  5
293
330
17
100
AcDbEntity
  8
A-THIN
100
AcDbPolyline
 90
5
 70
1
 10
5.779999999999999
 20
3.2
 10
5.779999999999999
 20
7.5
 10
5.58
 20
7.5
 10
5.58
 20
3.2
 10
5.779999999999999
 20
3.2
  0
LWPOLYLINE
  5
294
330
17
100
AcDbEntity
  8
A-THIN
100
AcDbPolyline
 90
5
 70
1
 10
23.0
 20
0.0
 10
23.0
 20
0.92
 10
20.4
 20
0.92
 10
20.4
 20
0.0
 10
23.0
 20
0.0
  0
LWPOLYLINE
  5
295
330
17
100
AcDbEntity
  8
A-THIN
100
AcDbPolyline
 90
5
 70
1
 10
6.182
 20
4.67
 10
6.182
 20
6.23
 10
6.158
 20
6.23
 10
6.158
 20
4.67
 10
6.182
 20
4.67
  0
LWPOLYLINE
  5
296
330
17
100
AcDbEntity
  8
A-THIN
100
AcDbPolyline
 90
5
 70
1
 10
6.1000000000000005
 20
3.5
 10
6.1000000000000005
 20
4.6
 10
6.300000000000001
 20
4.6
 10
6.300000000000001
 20
3.5
 10
6.1000000000000005
 20
3.5
  0
LWPOLYLINE
  5
297
330
17
100
AcDbEntity
  8
A-THIN
100
AcDbPolyline
 90
5
 70
1
 10
6.1000000000000005
 20
6.300000000000001
 10
6.1000000000000005
 20
6.6000000000000005
 10
6.300000000000001
 20
6.6000000000000005
 10
6.300000000000001
 20
6.300000000000001
 10
6.1000000000000005
 20
6.300000000000001
  0
LWPOLYLINE
  5
298
330
17
100
AcDbEntity
  8
A-THIN
100
AcDbPolyline
 90
5
 70
1
 10
6.0
 20
3.1500000000000004
 10
6.0
 20
4.6
 10
6.1000000000000005
 20
4.6
 10
6.1000000000000005
 20
3.1500000000000004
 10
6.0
 20
3.1500000000000004
  0
LWPOLYLINE
  5
299
330
17
100
AcDbEntity
  8
A-THIN
100
AcDbPolyline
 90
5
 70
1
 10
6.0
 20
6.300000000000001
 10
6.0
 20
7.5
 10
6.1000000000000005
 20
7.5
 10
6.1000000000000005
 20
6.300000000000001
 10
6.0
 20
6.300000000000001
  0
LWPOLYLINE
  5
29A
330
17
100
AcDbEntity
  8
A-THIN
100
AcDbPolyline
 90
9
 70
1
 10
6.2
 20
4.6
 10
6.140000000000001
 20
4.6
 10
6.140000000000001
 20
4.67
 10
6.140000000000001
 20
6.23
 10
6.140000000000001
 20
6.300000000000001
 10
6.2
 20
6.300000000000001
 10
6.2
 20
6.23
 10
6.2
 20
4.67
 10
6.2
 20
4.6
  0
LWPOLYLINE
  5
29B
330
17
100
AcDbEntity
  8
A-THIN
100
AcDbPolyline
 90
5
 70
1
 10
12.841999999999999
 20
5.37
 10
12.841999999999999
 20
6.23
 10
12.818
 20
6.23
 10
12.818
 20
5.37
 10
12.841999999999999
 20
5.37
  0
LWPOLYLINE
  5
29C
330
17
100
AcDbEntity
  8
A-THIN
100
AcDbPolyline
 90
5
 70
1
 10
5.779999999999999
 20
3.2
 10
5.779999999999999
 20
7.5
 10
5.58
 20
7.5
 10
5.58
 20
3.2
 10
5.779999999999999
 20
3.2
  0
LWPOLYLINE
  5
29D
330
17
100
AcDbEntity
  8
A-THIN
100
AcDbPolyline
 90
5
 70
1
 10
12.7
 20
3.5
 10
12.7
 20
5.3
 10
12.9
 20
5.3
 10
12.9
 20
3.5
 10
12.7
 20
3.5
  0
LWPOLYLINE
  5
29E
330
17
100
AcDbEntity
  8
A-THIN
100
AcDbPolyline
 90
5
 70
1
 10
12.7
 20
6.300000000000001
 10
12.7
 20
6.6000000000000005
 10
12.9
 20
6.6000000000000005
 10
12.9
 20
6.300000000000001
 10
12.7
 20
6.300000000000001
  0
LWPOLYLINE
  5
29F
330
17
100
AcDbEntity
  8
A-THIN
100
AcDbPolyline
 90
5
 70
1
 10
12.9
 20
3.1500000000000004
 10
12.9
 20
5.3
 10
13.0
 20
5.3
 10
13.0
 20
3.1500000000000004
 10
12.9
 20
3.1500000000000004
  0
LWPOLYLINE
  5
2A0
330
17
100
AcDbEntity
  8
A-THIN
100
AcDbPolyline
 90
5
 70
1
 10
12.9
 20
6.300000000000001
 10
12.9
 20
7.5
 10
13.0
 20
7.5
 10
13.0
 20
6.300000000000001
 10
12.9
 20
6.300000000000001
  0
LWPOLYLINE
  5
2A1
330
17
100
AcDbEntity
  8
A-THIN
100
AcDbPolyline
 90
9
 70
1
 10
12.86
 20
5.3
 10
12.799999999999999
 20
5.3
 10
12.799999999999999
 20
5.37
 10
12.799999999999999
 20
6.23
 10
12.799999999999999
 20
6.300000000000001
 10
12.86
 20
6.300000000000001
 10
12.86
 20
6.23
 10
12.86
 20
5.37
 10
12.86
 20
5.3
  0
LWPOLYLINE
  5
2A2
330
17
100
AcDbEntity
  8
A-THIN
100
AcDbPolyline
 90
5
 70
1
 10
24.842000000000002
 20
1.12
 10
24.842000000000002
 20
2.33
 10
24.818
 20
2.33
 10
24.818
 20
1.12
 10
24.842000000000002
 20
1.12
  0
LWPOLYLINE
  5
2A3
330
17
100
AcDbEntity
  8
A-THIN
100
AcDbPolyline
 90
5
 70
1
 10
24.700000000000003
 20
-0.1
 10
24.700000000000003
 20
1.05
 10
24.900000000000002
 20
1.05
 10
24.900000000000002
 20
-0.1
 10
24.700000000000003
 20
-0.1
  0
LWPOLYLINE
  5
2A4
330
17
100
AcDbEntity
  8
A-THIN
100
AcDbPolyline
 90
5
 70
1
 10
24.700000000000003
 20
2.4
 10
24.700000000000003
 20
3.2
 10
24.900000000000002
 20
3.2
 10
24.900000000000002
 20
2.4
 10
24.700000000000003
 20
2.4
  0
LWPOLYLINE
  5
2A5
330
17
100
AcDbEntity
  8
A-THIN
100
AcDbPolyline
 90
5
 70
1
 10
24.900000000000002
 20
-0.15
 10
24.900000000000002
 20
1.05
 10
25.0
 20
1.05
 10
25.0
 20
-0.15
 10
24.900000000000002
 20
-0.15
  0
LWPOLYLINE
  5
2A6
330
17
100
AcDbEntity
  8
A-THIN
100
AcDbPolyline
 90
5
 70
1
 10
24.900000000000002
 20
2.4
 10
24.900000000000002
 20
3.55
 10
25.0
 20
3.55
 10
25.0
 20
2.4
 10
24.900000000000002
 20
2.4
  0
LWPOLYLINE
  5
2A7
330
17
100
AcDbEntity
  8
A-THIN
100
AcDbPolyline
 90
9
 70
1
 10
24.860000000000003
 20
1.05
 10
24.8
 20
1.05
 10
24.8
 20
1.12
 10
24.8
 20
2.33
 10
24.8
 20
2.4
 10
24.860000000000003
 20
2.4
 10
24.860000000000003
 20
2.33
 10
24.860000000000003
 20
1.12
 10
24.860000000000003
 20
1.05
  0
LWPOLYLINE
  5
2A8
330
17
100
AcDbEntity
  8
A-THIN
100
AcDbPolyline
 90
5
 70
1
 10
12.1
 20
0.0
 10
12.1
 20
1.0
 10
10.6
 20
1.0
 10
10.6
 20
0.0
 10
12.1
 20
0.0
  0
LWPOLYLINE
  5
2A9
330
17
100
AcDbEntity
  8
A-THIN
100
AcDbPolyline
 90
5
 70
1
 10
7.25
 20
3.6
 10
7.25
 20
4.2
 10
6.45
 20
4.2
 10
6.45
 20
3.6
 10
7.25
 20
3.6
  0
LWPOLYLINE
  5
2AA
330
17
100
AcDbEntity
  8
A-THIN
100
AcDbPolyline
 90
5
 70
1
 10
5.779999999999999
 20
3.2
 10
5.779999999999999
 20
7.5
 10
5.58
 20
7.5
 10
5.58
 20
3.2
 10
5.779999999999999
 20
3.2
  0
LWPOLYLINE
  5
2AB
330
17
100
AcDbEntity
  8
A-THIN
100
AcDbPolyline
 90
5
 70
1
 10
9.5
 20
3.6
 10
9.5
 20
4.45
 10
8.95
 20
4.45
 10
8.95
 20
3.6
 10
9.5
 20
3.6
  0
LWPOLYLINE
  5
2AC
330
17
100
AcDbEntity
  8
A-THIN
100
AcDbPolyline
 90
5
 70
1
 10
9.65
 20
3.6
 10
9.65
 20
6.2
 10
10.25
 20
6.2
 10
10.25
 20
3.6
 10
9.65
 20
3.6
  0
LWPOLYLINE
  5
2AD
330
17
100
AcDbEntity
  8
A-THIN
100
AcDbPolyline
 90
5
 70
1
 10
12.05
 20
3.6
 10
12.05
 20
6.2
 10
12.65
 20
6.2
 10
12.65
 20
3.6
 10
12.05
 20
3.6
  0
LWPOLYLINE
  5
2AE
330
17
100
AcDbEntity
  8
A-THIN
100
AcDbPolyline
 90
5
 70
1
 10
5.779999999999999
 20
3.2
 10
5.779999999999999
 20
7.5
 10
5.58
 20
7.5
 10
5.58
 20
3.2
 10
5.779999999999999
 20
3.2
  0
LWPOLYLINE
  5
2AF
330
17
100
AcDbEntity
  8
A-THIN
100
AcDbPolyline
 90
5
 70
1
 10
9.620000000000001
 20
3.5
 10
9.620000000000001
 20
6.6000000000000005
 10
9.5
 20
6.6000000000000005
 10
9.5
 20
3.5
 10
9.620000000000001
 20
3.5
  0
LWPOLYLINE
  5
2B0
330
17
100
AcDbEntity
  8
A-THIN
100
AcDbPolyline
 90
5
 70
1
 10
14.2
 20
4.0
 10
14.899999999999999
 20
4.0
 10
14.899999999999999
 20
3.6
 10
14.2
 20
3.6
 10
14.2
 20
4.0
  0
LWPOLYLINE
  5
2B1
330
17
100
AcDbEntity
  8
A-THIN
100
AcDbPolyline
 90
5
 70
1
 10
15.2
 20
4.0
 10
15.899999999999999
 20
4.0
 10
15.899999999999999
 20
3.6
 10
15.2
 20
3.6
 10
15.2
 20
4.0
  0
LWPOLYLINE
  5
2B2
330
17
100
AcDbEntity
  8
A-THIN
100
AcDbPolyline
 90
11
 70
1
 10
6.3
 20
3.5
 10
6.3
 20
6.6000000000000005
 10
10.6
 20
6.6000000000000005
 10
12.4
 20
6.6000000000000005
 10
12.7
 20
6.6000000000000005
 10
12.7
 20
3.5
 10
12.4
 20
3.5
 10
12.4
 20
6.0
 10
10.6
 20
6.0
 10
10.6
 20
3.5
 10
6.3
 20
3.5
  0
LWPOLYLINE
  5
2B3
330
17
100
AcDbEntity
  8
A-THIN
100
AcDbPolyline
 90
5
 70
1
 10
5.779999999999999
 20
3.2
 10
5.779999999999999
 20
7.5
 10
5.58
 20
7.5
 10
5.58
 20
3.2
 10
5.779999999999999
 20
3.2
  0
LWPOLYLINE
  5
2B4
330
17
100
AcDbEntity
  8
A-THIN
100
AcDbPolyline
 90
5
 70
1
 10
29.8
 20
2.25
 10
29.8
 20
2.47
 10
24.6
 20
2.47
 10
24.6
 20
2.25
 10
29.8
 20
2.25
  0
LWPOLYLINE
  5
2B5
330
17
100
AcDbEntity
  8
A-THIN
100
AcDbPolyline
 90
5
 70
1
 10
6.182
 20
0.05
 10
6.182
 20
2.95
 10
6.158
 20
2.95
 10
6.158
 20
0.05
 10
6.182
 20
0.05
  0
LWPOLYLINE
  5
2B6
330
17
100
AcDbEntity
  8
A-THIN
100
AcDbPolyline
 90
5
 70
1
 10
24.675
 20
-0.15
 10
24.675
 20
2.25
 10
24.825
 20
2.25
 10
24.825
 20
-0.15
 10
24.675
 20
-0.15
  0
LWPOLYLINE
  5
2B7
330
17
100
AcDbEntity
  8
A-THIN
100
AcDbPolyline
 90
5
 70
1
 10
29.575
 20
-0.15
 10
29.575
 20
2.25
 10
29.724999999999998
 20
2.25
 10
29.724999999999998
 20
-0.15
 10
29.575
 20
-0.15
  0
LWPOLYLINE
  5
2B8
330
17
100
AcDbEntity
  8
A-THIN
100
AcDbPolyline
 90
5
 70
1
 10
6.1000000000000005
 20
-0.1
 10
6.1000000000000005
 20
0.0
 10
6.300000000000001
 20
0.0
 10
6.300000000000001
 20
-0.1
 10
6.1000000000000005
 20
-0.1
  0
LWPOLYLINE
  5
2B9
330
17
100
AcDbEntity
  8
A-THIN
100
AcDbPolyline
 90
5
 70
1
 10
6.1000000000000005
 20
3.0
 10
6.1000000000000005
 20
3.2
 10
6.300000000000001
 20
3.2
 10
6.300000000000001
 20
3.0
 10
6.1000000000000005
 20
3.0
  0
LWPOLYLINE
  5
2BA
330
17
100
AcDbEntity
  8
A-THIN
100
AcDbPolyline
 90
5
 70
1
 10
6.0
 20
-0.15
 10
6.0
 20
0.0
 10
6.1000000000000005
 20
0.0
 10
6.1000000000000005
 20
-0.15
 10
6.0
 20
-0.15
  0
LWPOLYLINE
  5
2BB
330
17
100
AcDbEntity
  8
A-THIN
100
AcDbPolyline
 90
5
 70
1
 10
6.0
 20
3.0
 10
6.0
 20
3.55
 10
6.1000000000000005
 20
3.55
 10
6.1000000000000005
 20
3.0
 10
6.0
 20
3.0
  0
LWPOLYLINE
  5
2BC
330
17
100
AcDbEntity
  8
A-THIN
100
AcDbPolyline
 90
9
 70
1
 10
6.2
 20
0.0
 10
6.140000000000001
 20
0.0
 10
6.140000000000001
 20
0.05
 10
6.140000000000001
 20
2.95
 10
6.140000000000001
 20
3.0
 10
6.2
 20
3.0
 10
6.2
 20
2.95
 10
6.2
 20
0.05
 10
6.2
 20
0.0
  0
LWPOLYLINE
  5
2BD
330
17
100
AcDbEntity
  8
A-THIN
100
AcDbPolyline
 90
5
 70
1
 10
24.7
 20
0.0
 10
24.7
 20
0.92
 10
24.08
 20
0.92
 10
24.08
 20
0.0
 10
24.7
 20
0.0
  0
LWPOLYLINE
  5
2BE
330
17
100
AcDbEntity
  8
A-THIN
100
AcDbPolyline
 90
5
 70
1
 10
6.300000000000001
 20
3.5
 10
6.300000000000001
 20
6.6000000000000005
 10
6.1000000000000005
 20
6.6000000000000005
 10
6.1000000000000005
 20
3.5
 10
6.300000000000001
 20
3.5
  0
LWPOLYLINE
  5
2BF
330
17
100
AcDbEntity
  8
A-THIN
100
AcDbPolyline
 90
5
 70
1
 10
6.1000000000000005
 20
3.1500000000000004
 10
6.1000000000000005
 20
7.5
 10
6.0
 20
7.5
 10
6.0
 20
3.1500000000000004
 10
6.1000000000000005
 20
3.1500000000000004
  0
LWPOLYLINE
  5
2C0
330
17
100
AcDbEntity
  8
A-THIN
100
AcDbPolyline
 90
5
 70
1
 10
5.779999999999999
 20
3.2
 10
5.779999999999999
 20
7.5
 10
5.58
 20
7.5
 10
5.58
 20
3.2
 10
5.779999999999999
 20
3.2
  0
LWPOLYLINE
  5
2C1
330
17
100
AcDbEntity
  8
A-THIN
100
AcDbPolyline
 90
5
 70
1
 10
6.2
 20
3.6
 10
6.2
 20
6.4
 10
6.140000000000001
 20
6.4
 10
6.140000000000001
 20
3.6
 10
6.2
 20
3.6
  0
LWPOLYLINE
  5
2C2
330
17
100
AcDbEntity
  8
A-THIN
100
AcDbPolyline
 90
5
 70
1
 10
12.9
 20
3.5
 10
12.9
 20
6.6000000000000005
 10
12.7
 20
6.6000000000000005
 10
12.7
 20
3.5
 10
12.9
 20
3.5
  0
LWPOLYLINE
  5
2C3
330
17
100
AcDbEntity
  8
A-THIN
100
AcDbPolyline
 90
5
 70
1
 10
13.0
 20
3.1500000000000004
 10
13.0
 20
7.5
 10
12.9
 20
7.5
 10
12.9
 20
3.1500000000000004
 10
13.0
 20
3.1500000000000004
  0
LWPOLYLINE
  5
2C4
330
17
100
AcDbEntity
  8
A-THIN
100
AcDbPolyline
 90
5
 70
1
 10
12.86
 20
4.1
 10
12.86
 20
6.4
 10
12.799999999999999
 20
6.4
 10
12.799999999999999
 20
4.1
 10
12.86
 20
4.1
  0
LWPOLYLINE
  5
2C5
330
17
100
AcDbEntity
  8
A-THIN
100
AcDbPolyline
 90
5
 70
1
 10
5.779999999999999
 20
3.2
 10
5.779999999999999
 20
7.5
 10
5.58
 20
7.5
 10
5.58
 20
3.2
 10
5.779999999999999
 20
3.2
  0
LWPOLYLINE
  5
2C6
330
17
100
AcDbEntity
  8
A-THIN
100
AcDbPolyline
 90
5
 70
1
 10
6.5
 20
2.95
 10
12.5
 20
2.95
 10
12.5
 20
0.05
 10
6.5
 20
0.05
 10
6.5
 20
2.95
  0
LWPOLYLINE
  5
2C7
330
17
100
AcDbEntity
  8
A-THIN
100
AcDbPolyline
 90
5
 70
1
 10
13.350000000000001
 20
2.95
 10
18.75
 20
2.95
 10
18.75
 20
0.05
 10
13.350000000000001
 20
0.05
 10
13.350000000000001
 20
2.95
  0
LWPOLYLINE
  5
2C8
330
17
100
AcDbEntity
  8
A-THIN
100
AcDbPolyline
 90
5
 70
1
 10
19.45
 20
2.95
 10
21.75
 20
2.95
 10
21.75
 20
0.05
 10
19.45
 20
0.05
 10
19.45
 20
2.95
  0
LWPOLYLINE
  5
2C9
330
17
100
AcDbEntity
  8
A-THIN
100
AcDbPolyline
 90
5
 70
1
 10
22.37
 20
2.33
 10
24.33
 20
2.33
 10
24.33
 20
1.12
 10
22.37
 20
1.12
 10
22.37
 20
2.33
  0
LWPOLYLINE
  5
2CA
330
17
100
AcDbEntity
  8
A-THIN
100
AcDbPolyline
 90
21
 70
1
 10
6.45
 20
3.0
 10
6.5
 20
3.0
 10
8.453333333333335
 20
3.0
 10
8.513333333333334
 20
3.0
 10
10.486666666666668
 20
3.0
 10
10.546666666666667
 20
3.0
 10
12.5
 20
3.0
 10
12.55
 20
3.0
 10
12.55
 20
2.95
 10
12.55
 20
0.05
 10
12.55
 20
0.0
 10
12.5
 20
0.0
 10
10.546666666666667
 20
0.0
 10
10.486666666666668
 20
0.0
 10
8.513333333333334
 20
0.0
 10
8.453333333333335
 20
0.0
 10
6.5
 20
0.0
 10
6.45
 20
0.0
 10
6.45
 20
0.05
 10
6.45
 20
2.95
 10
6.45
 20
3.0
  0
LWPOLYLINE
  5
2CB
330
17
100
AcDbEntity
  8
A-THIN
100
AcDbPolyline
 90
5
 70
1
 10
8.453333333333335
 20
0.05
 10
8.453333333333335
 20
2.95
 10
6.5
 20
2.95
 10
6.5
 20
0.05
 10
8.453333333333335
 20
0.05
  0
LWPOLYLINE
  5
2CC
330
17
100
AcDbEntity
  8
A-THIN
100
AcDbPolyline
 90
5
 70
1
 10
10.486666666666668
 20
0.05
 10
10.486666666666668
 20
2.95
 10
8.513333333333334
 20
2.95
 10
8.513333333333334
 20
0.05
 10
10.486666666666668
 20
0.05
  0
LWPOLYLINE
  5
2CD
330
17
100
AcDbEntity
  8
A-THIN
100
AcDbPolyline
 90
5
 70
1
 10
12.5
 20
0.05
 10
12.5
 20
2.95
 10
10.546666666666667
 20
2.95
 10
10.546666666666667
 20
0.05
 10
12.5
 20
0.05
  0
LWPOLYLINE
  5
2CE
330
17
100
AcDbEntity
  8
A-THIN
100
AcDbPolyline
 90
17
 70
1
 10
16.080000000000002
 20
3.0
 10
18.75
 20
3.0
 10
18.8
 20
3.0
 10
18.8
 20
2.95
 10
18.8
 20
0.05
 10
18.8
 20
0.0
 10
18.75
 20
0.0
 10
16.080000000000002
 20
0.0
 10
16.02
 20
0.0
 10
13.350000000000001
 20
0.0
 10
13.3
 20
0.0
 10
13.3
 20
0.05
 10
13.3
 20
2.95
 10
13.3
 20
3.0
 10
13.350000000000001
 20
3.0
 10
16.02
 20
3.0
 10
16.080000000000002
 20
3.0
  0
LWPOLYLINE
  5
2CF
330
17
100
AcDbEntity
  8
A-THIN
100
AcDbPolyline
 90
5
 70
1
 10
16.02
 20
2.95
 10
13.350000000000001
 20
2.95
 10
13.350000000000001
 20
0.05
 10
16.02
 20
0.05
 10
16.02
 20
2.95
  0
LWPOLYLINE
  5
2D0
330
17
100
AcDbEntity
  8
A-THIN
100
AcDbPolyline
 90
5
 70
1
 10
16.080000000000002
 20
0.05
 10
18.75
 20
0.05
 10
18.75
 20
2.95
 10
16.080000000000002
 20
2.95
 10
16.080000000000002
 20
0.05
  0
LWPOLYLINE
  5
2D1
330
17
100
AcDbEntity
  8
A-THIN
100
AcDbPolyline
 90
17
 70
1
 10
19.4
 20
3.0
 10
19.45
 20
3.0
 10
20.57
 20
3.0
 10
20.630000000000003
 20
3.0
 10
21.75
 20
3.0
 10
21.8
 20
3.0
 10
21.8
 20
2.95
 10
21.8
 20
0.05
 10
21.8
 20
0.0
 10
21.75
 20
0.0
 10
20.630000000000003
 20
0.0
 10
20.57
 20
0.0
 10
19.45
 20
0.0
 10
19.4
 20
0.0
 10
19.4
 20
0.05
 10
19.4
 20
2.95
 10
19.4
 20
3.0
  0
LWPOLYLINE
  5
2D2
330
17
100
AcDbEntity
  8
A-THIN
100
AcDbPolyline
 90
5
 70
1
 10
20.57
 20
0.05
 10
20.57
 20
2.95
 10
19.45
 20
2.95
 10
19.45
 20
0.05
 10
20.57
 20
0.05
  0
LWPOLYLINE
  5
2D3
330
17
100
AcDbEntity
  8
A-THIN
100
AcDbPolyline
 90
5
 70
1
 10
21.75
 20
0.05
 10
21.75
 20
2.95
 10
20.630000000000003
 20
2.95
 10
20.630000000000003
 20
0.05
 10
21.75
 20
0.05
  0
LWPOLYLINE
  5
2D4
330
17
100
AcDbEntity
  8
A-THIN
100
AcDbPolyline
 90
17
 70
1
 10
24.33
 20
1.05
 10
23.380000000000003
 20
1.05
 10
23.32
 20
1.05
 10
22.37
 20
1.05
 10
22.3
 20
1.05
 10
22.3
 20
1.12
 10
22.3
 20
2.33
 10
22.3
 20
2.4
 10
22.37
 20
2.4
 10
23.32
 20
2.4
 10
23.380000000000003
 20
2.4
 10
24.33
 20
2.4
 10
24.4
 20
2.4
 10
24.4
 20
2.33
 10
24.4
 20
1.12
 10
24.4
 20
1.05
 10
24.33
 20
1.05
  0
LWPOLYLINE
  5
2D5
330
17
100
AcDbEntity
  8
A-THIN
100
AcDbPolyline
 90
5
 70
1
 10
23.32
 20
2.33
 10
22.37
 20
2.33
 10
22.37
 20
1.12
 10
23.32
 20
1.12
 10
23.32
 20
2.33
  0
LWPOLYLINE
  5
2D6
330
17
100
AcDbEntity
  8
A-THIN
100
AcDbPolyline
 90
5
 70
1
 10
24.33
 20
2.33
 10
23.380000000000003
 20
2.33
 10
23.380000000000003
 20
1.12
 10
24.33
 20
1.12
 10
24.33
 20
2.33
  0
LWPOLYLINE
  5
2D7
330
17
100
AcDbEntity
  8
A-THIN
100
AcDbPolyline
 90
5
 70
1
 10
24.9
 20
3.75
 10
24.9
 20
4.7
 10
13.1
 20
4.7
 10
13.1
 20
3.75
 10
24.9
 20
3.75
  0
LWPOLYLINE
  5
2D8
330
17
100
AcDbEntity
  8
A-THIN
100
AcDbPolyline
 90
5
 70
1
 10
24.9
 20
4.67
 10
24.9
 20
4.7
 10
13.1
 20
4.7
 10
13.1
 20
4.67
 10
24.9
 20
4.67
  0
LWPOLYLINE
  5
2D9
330
17
100
AcDbEntity
  8
A-THIN
100
AcDbPolyline
 90
21
 70
1
 10
6.0
 20
-0.1
 10
6.0
 20
3.2
 10
6.45
 20
3.2
 10
12.55
 20
3.2
 10
13.3
 20
3.2
 10
18.8
 20
3.2
 10
19.4
 20
3.2
 10
21.8
 20
3.2
 10
22.3
 20
3.2
 10
24.4
 20
3.2
 10
25.0
 20
3.2
 10
25.0
 20
-0.1
 10
24.4
 20
-0.1
 10
22.3
 20
-0.1
 10
21.8
 20
-0.1
 10
19.4
 20
-0.1
 10
18.8
 20
-0.1
 10
13.3
 20
-0.1
 10
12.55
 20
-0.1
 10
6.45
 20
-0.1
 10
6.0
 20
-0.1
  0
LWPOLYLINE
  5
2DA
330
17
100
AcDbEntity
  8
A-THIN
100
AcDbPolyline
 90
5
 70
1
 10
13.3
 20
0.0
 10
18.8
 20
0.0
 10
18.8
 20
3.0
 10
13.3
 20
3.0
 10
13.3
 20
0.0
  0
LWPOLYLINE
  5
2DB
330
17
100
AcDbEntity
  8
A-THIN
100
AcDbPolyline
 90
5
 70
1
 10
19.4
 20
0.0
 10
21.8
 20
0.0
 10
21.8
 20
3.0
 10
19.4
 20
3.0
 10
19.4
 20
0.0
  0
LWPOLYLINE
  5
2DC
330
17
100
AcDbEntity
  8
A-THIN
100
AcDbPolyline
 90
5
 70
1
 10
12.55
 20
0.0
 10
12.55
 20
3.0
 10
6.45
 20
3.0
 10
6.45
 20
0.0
 10
12.55
 20
0.0
  0
LWPOLYLINE
  5
2DD
330
17
100
AcDbEntity
  8
A-THIN
100
AcDbPolyline
 90
5
 70
1
 10
24.4
 20
2.4
 10
22.3
 20
2.4
 10
22.3
 20
1.05
 10
24.4
 20
1.05
 10
24.4
 20
2.4
  0
LWPOLYLINE
  5
2DE
330
17
100
AcDbEntity
  8
A-THIN
100
AcDbPolyline
 90
13
 70
1
 10
13.0
 20
-0.1
 10
15.7
 20
-0.1
 10
15.9
 20
-0.1
 10
17.3
 20
-0.1
 10
24.9
 20
-0.1
 10
24.9
 20
-0.15
 10
17.3
 20
-0.15
 10
15.9
 20
-0.15
 10
15.7
 20
-0.15
 10
13.0
 20
-0.15
 10
6.1
 20
-0.15
 10
6.1
 20
-0.1
 10
13.0
 20
-0.1
  0
LWPOLYLINE
  5
2DF
330
17
100
AcDbEntity
  8
A-THIN
100
AcDbPolyline
 90
13
 70
1
 10
13.1
 20
3.5
 10
15.7
 20
3.5
 10
15.9
 20
3.5
 10
17.3
 20
3.5
 10
24.9
 20
3.5
 10
24.9
 20
3.2
 10
17.3
 20
3.2
 10
15.9
 20
3.2
 10
15.7
 20
3.2
 10
13.1
 20
3.2
 10
12.9
 20
3.2
 10
12.9
 20
3.5
 10
13.1
 20
3.5
  0
LWPOLYLINE
  5
2E0
330
17
100
AcDbEntity
  8
A-THIN
100
AcDbPolyline
 90
13
 70
1
 10
13.0
 20
0.0
 10
15.7
 20
0.0
 10
15.9
 20
0.0
 10
17.3
 20
0.0
 10
24.9
 20
0.0
 10
24.9
 20
-0.1
 10
17.3
 20
-0.1
 10
15.9
 20
-0.1
 10
15.7
 20
-0.1
 10
13.0
 20
-0.1
 10
6.1
 20
-0.1
 10
6.1
 20
0.0
 10
13.0
 20
0.0
  0
LWPOLYLINE
  5
2E1
330
17
100
AcDbEntity
  8
A-THIN
100
AcDbPolyline
 90
13
 70
1
 10
13.1
 20
3.6
 10
15.7
 20
3.6
 10
15.9
 20
3.6
 10
17.3
 20
3.6
 10
24.9
 20
3.6
 10
24.9
 20
3.5
 10
17.3
 20
3.5
 10
15.9
 20
3.5
 10
15.7
 20
3.5
 10
13.1
 20
3.5
 10
12.9
 20
3.5
 10
12.9
 20
3.6
 10
13.1
 20
3.6
  0
LWPOLYLINE
  5
2E2
330
17
100
AcDbEntity
  8
A-THIN
100
AcDbPolyline
 90
5
 70
1
 10
24.860000000000003
 20
3.75
 10
24.860000000000003
 20
4.7
 10
24.84
 20
4.7
 10
24.84
 20
3.75
 10
24.860000000000003
 20
3.75
  0
LWPOLYLINE
  5
2E3
330
17
100
AcDbEntity
  8
A-THIN
100
AcDbPolyline
 90
5
 70
1
 10
24.880000000000003
 20
4.67
 10
24.880000000000003
 20
4.7
 10
24.82
 20
4.7
 10
24.82
 20
4.67
 10
24.880000000000003
 20
4.67
  0
LWPOLYLINE
  5
2E4
330
17
100
AcDbEntity
  8
A-THIN
100
AcDbPolyline
 90
5
 70
1
 10
7.9
 20
3.6
 10
7.9
 20
4.1
 10
8.4
 20
4.1
 10
8.4
 20
3.6
 10
7.9
 20
3.6
  0
LWPOLYLINE
  5
2E5
330
17
100
AcDbEntity
  8
A-THIN
100
AcDbPolyline
 90
5
 70
1
 10
10.6
 20
3.6
 10
10.6
 20
4.1
 10
11.1
 20
4.1
 10
11.1
 20
3.6
 10
10.6
 20
3.6
  0
LWPOLYLINE
  5
2E6
330
17
100
AcDbEntity
  8
A-THIN
100
AcDbPolyline
 90
5
 70
1
 10
5.779999999999999
 20
3.2
 10
5.779999999999999
 20
7.5
 10
5.58
 20
7.5
 10
5.58
 20
3.2
 10
5.779999999999999
 20
3.2
  0
LWPOLYLINE
  5
2E7
330
17
100
AcDbEntity
  8
A-THIN
100
AcDbPolyline
 90
23
 70
1
 10
6.1000000000000005
 20
-0.15
 10
6.0
 20
-0.15
 10
6.0
 20
3.55
 10
6.1000000000000005
 20
3.55
 10
6.45
 20
3.55
 10
12.55
 20
3.55
 10
13.0
 20
3.55
 10
13.0
 20
3.75
 10
24.799999999999997
 20
3.75
 10
25.0
 20
3.75
 10
25.0
 20
3.55
 10
25.0
 20
3.5
 10
25.0
 20
-0.15
 10
24.900000000000002
 20
-0.15
 10
24.4
 20
-0.15
 10
22.3
 20
-0.15
 10
21.8
 20
-0.15
 10
19.4
 20
-0.15
 10
18.8
 20
-0.15
 10
13.3
 20
-0.15
 10
12.55
 20
-0.15
 10
6.45
 20
-0.15
 10
6.1000000000000005
 20
-0.15
  0
LWPOLYLINE
  5
2E8
330
17
100
AcDbEntity
  8
A-THIN
100
AcDbPolyline
 90
5
 70
1
 10
19.4
 20
0.0
 10
21.8
 20
0.0
 10
21.8
 20
3.0
 10
19.4
 20
3.0
 10
19.4
 20
0.0
  0
LWPOLYLINE
  5
2E9
330
17
100
AcDbEntity
  8
A-THIN
100
AcDbPolyline
 90
5
 70
1
 10
12.55
 20
0.0
 10
12.55
 20
3.0
 10
6.45
 20
3.0
 10
6.45
 20
0.0
 10
12.55
 20
0.0
  0
LWPOLYLINE
  5
2EA
330
17
100
AcDbEntity
  8
A-THIN
100
AcDbPolyline
 90
5
 70
1
 10
18.8
 20
3.0
 10
13.3
 20
3.0
 10
13.3
 20
0.0
 10
18.8
 20
0.0
 10
18.8
 20
3.0
  0
LWPOLYLINE
  5
2EB
330
17
100
AcDbEntity
  8
A-THIN
100
AcDbPolyline
 90
5
 70
1
 10
24.4
 20
1.05
 10
24.4
 20
2.4
 10
22.3
 20
2.4
 10
22.3
 20
1.05
 10
24.4
 20
1.05
  0
LWPOLYLINE
  5
2EC
330
17
100
AcDbEntity
  8
A-THIN
100
AcDbPolyline
 90
5
 70
1
 10
6.1000000000000005
 20
-0.1
 10
6.1000000000000005
 20
3.2
 10
6.300000000000001
 20
3.2
 10
6.300000000000001
 20
-0.1
 10
6.1000000000000005
 20
-0.1
  0
LWPOLYLINE
  5
2ED
330
17
100
AcDbEntity
  8
A-THIN
100
AcDbPolyline
 90
5
 70
1
 10
24.700000000000003
 20
-0.1
 10
24.700000000000003
 20
3.2
 10
24.900000000000002
 20
3.2
 10
24.900000000000002
 20
-0.1
 10
24.700000000000003
 20
-0.1
  0
LWPOLYLINE
  5
2EE
330
17
100
AcDbEntity
  8
A-THIN
100
AcDbPolyline
 90
5
 70
1
 10
6.0
 20
3.2
 10
6.300000000000001
 20
3.2
 10
6.300000000000001
 20
-0.1
 10
6.0
 20
-0.1
 10
6.0
 20
3.2
  0
LWPOLYLINE
  5
2EF
330
17
100
AcDbEntity
  8
A-THIN
100
AcDbPolyline
 90
5
 70
1
 10
12.7
 20
3.2
 10
13.0
 20
3.2
 10
13.0
 20
-0.1
 10
12.7
 20
-0.1
 10
12.7
 20
3.2
  0
LWPOLYLINE
  5
2F0
330
17
100
AcDbEntity
  8
A-THIN
100
AcDbPolyline
 90
5
 70
1
 10
18.91
 20
3.2
 10
19.209999999999997
 20
3.2
 10
19.209999999999997
 20
-0.1
 10
18.91
 20
-0.1
 10
18.91
 20
3.2
  0
LWPOLYLINE
  5
2F1
330
17
100
AcDbEntity
  8
A-THIN
100
AcDbPolyline
 90
5
 70
1
 10
24.700000000000003
 20
3.2
 10
25.0
 20
3.2
 10
25.0
 20
-0.1
 10
24.700000000000003
 20
-0.1
 10
24.700000000000003
 20
3.2
  0
LWPOLYLINE
  5
2F2
330
17
100
AcDbEntity
  8
A-THIN
100
AcDbPolyline
 90
5
 70
1
 10
24.45
 20
2.9
 10
24.45
 20
3.12
 10
21.8
 20
3.12
 10
21.8
 20
2.9
 10
24.45
 20
2.9
  0
LWPOLYLINE
  5
2F3
330
17
100
AcDbEntity
  8
A-THIN
100
AcDbPolyline
 90
5
 70
1
 10
5.779999999999999
 20
3.2
 10
5.779999999999999
 20
7.5
 10
5.58
 20
7.5
 10
5.58
 20
3.2
 10
5.779999999999999
 20
3.2
  0
LWPOLYLINE
  5
2F4
330
17
100
AcDbEntity
  8
A-THIN
100
AcDbPolyline
 90
5
 70
1
 10
5.779999999999999
 20
3.2
 10
5.779999999999999
 20
7.5
 10
5.58
 20
7.5
 10
5.58
 20
3.2
 10
5.779999999999999
 20
3.2
  0
LWPOLYLINE
  5
2F5
330
17
100
AcDbEntity
  8
A-THIN
100
AcDbPolyline
 90
5
 70
1
 10
24.33
 20
2.94
 10
24.33
 20
3.1
 10
21.92
 20
3.1
 10
21.92
 20
2.94
 10
24.33
 20
2.94
  0
LWPOLYLINE
  5
2F6
330
17
100
AcDbEntity
  8
A-THIN
100
AcDbPolyline
 90
5
 70
1
 10
5.779999999999999
 20
3.2
 10
5.779999999999999
 20
7.5
 10
5.58
 20
7.5
 10
5.58
 20
3.2
 10
5.779999999999999
 20
3.2
  0
LWPOLYLINE
  5
2F7
330
17
100
AcDbEntity
  8
A-THIN
100
AcDbPolyline
 90
5
 70
1
 10
5.779999999999999
 20
3.2
 10
5.779999999999999
 20
7.5
 10
5.58
 20
7.5
 10
5.58
 20
3.2
 10
5.779999999999999
 20
3.2
  0
LWPOLYLINE
  5
2F8
330
17
100
AcDbEntity
  8
A-THIN
100
AcDbPolyline
 90
5
 70
1
 10
24.33
 20
2.94
 10
24.33
 20
3.1
 10
21.92
 20
3.1
 10
21.92
 20
2.94
 10
24.33
 20
2.94
  0
LWPOLYLINE
  5
2F9
330
17
100
AcDbEntity
  8
A-THIN
100
AcDbPolyline
 90
5
 70
1
 10
12.86
 20
4.1
 10
12.86
 20
6.4
 10
12.799999999999999
 20
6.4
 10
12.799999999999999
 20
4.1
 10
12.86
 20
4.1
  0
LWPOLYLINE
  5
2FA
330
17
100
AcDbEntity
  8
A-THIN
100
AcDbPolyline
 90
5
 70
1
 10
5.779999999999999
 20
3.2
 10
5.779999999999999
 20
7.5
 10
5.58
 20
7.5
 10
5.58
 20
3.2
 10
5.779999999999999
 20
3.2
  0
LWPOLYLINE
  5
2FB
330
17
100
AcDbEntity
  8
A-THIN
100
AcDbPolyline
 90
5
 70
1
 10
24.33
 20
2.94
 10
24.33
 20
3.1
 10
21.92
 20
3.1
 10
21.92
 20
2.94
 10
24.33
 20
2.94
  0
LWPOLYLINE
  5
2FC
330
17
100
AcDbEntity
  8
A-THIN
100
AcDbPolyline
 90
5
 70
1
 10
5.779999999999999
 20
3.2
 10
5.779999999999999
 20
7.5
 10
5.58
 20
7.5
 10
5.58
 20
3.2
 10
5.779999999999999
 20
3.2
  0
LWPOLYLINE
  5
2FD
330
17
100
AcDbEntity
  8
A-THIN
100
AcDbPolyline
 90
5
 70
1
 10
24.4
 20
-0.15
 10
24.4
 20
0.77
 10
22.0
 20
0.77
 10
22.0
 20
-0.15
 10
24.4
 20
-0.15
  0
LWPOLYLINE
  5
2FE
330
17
100
AcDbEntity
  8
A-THIN
100
AcDbPolyline
 90
5
 70
1
 10
5.779999999999999
 20
3.2
 10
5.779999999999999
 20
7.5
 10
5.58
 20
7.5
 10
5.58
 20
3.2
 10
5.779999999999999
 20
3.2
  0
LWPOLYLINE
  5
2FF
330
17
100
AcDbEntity
  8
A-THIN
100
AcDbPolyline
 90
5
 70
1
 10
24.33
 20
2.94
 10
24.33
 20
3.1
 10
21.92
 20
3.1
 10
21.92
 20
2.94
 10
24.33
 20
2.94
  0
LWPOLYLINE
  5
300
330
17
100
AcDbEntity
  8
A-THIN
100
AcDbPolyline
 90
5
 70
1
 10
6.2
 20
3.6
 10
6.2
 20
6.4
 10
6.140000000000001
 20
6.4
 10
6.140000000000001
 20
3.6
 10
6.2
 20
3.6
  0
LWPOLYLINE
  5
301
330
17
100
AcDbEntity
  8
A-THIN
100
AcDbPolyline
 90
5
 70
1
 10
21.8
 20
-0.15
 10
21.8
 20
-0.02
 10
13.0
 20
-0.02
 10
13.0
 20
-0.15
 10
21.8
 20
-0.15
  0
LWPOLYLINE
  5
302
330
17
100
AcDbEntity
  8
A-THIN
100
AcDbPolyline
 90
5
 70
1
 10
5.779999999999999
 20
3.2
 10
5.779999999999999
 20
7.5
 10
5.58
 20
7.5
 10
5.58
 20
3.2
 10
5.779999999999999
 20
3.2
  0
LWPOLYLINE
  5
303
330
17
100
AcDbEntity
  8
A-THIN
100
AcDbPolyline
 90
5
 70
1
 10
21.5
 20
-0.02
 10
21.5
 20
1.03
 10
14.0
 20
1.03
 10
14.0
 20
-0.02
 10
21.5
 20
-0.02
  0
LWPOLYLINE
  5
304
330
17
100
AcDbEntity
  8
A-THIN
100
AcDbPolyline
 90
5
 70
1
 10
21.5
 20
1.0
 10
21.5
 20
1.03
 10
14.0
 20
1.03
 10
14.0
 20
1.0
 10
21.5
 20
1.0
  0
LWPOLYLINE
  5
305
330
17
100
AcDbEntity
  8
A-THIN
100
AcDbPolyline
 90
5
 70
1
 10
5.779999999999999
 20
3.2
 10
5.779999999999999
 20
7.5
 10
5.58
 20
7.5
 10
5.58
 20
3.2
 10
5.779999999999999
 20
3.2
  0
LWPOLYLINE
  5
306
330
17
100
AcDbEntity
  8
A-THIN
100
AcDbPolyline
 90
5
 70
1
 10
24.33
 20
2.94
 10
24.33
 20
3.1
 10
21.92
 20
3.1
 10
21.92
 20
2.94
 10
24.33
 20
2.94
  0
LWPOLYLINE
  5
307
330
17
100
AcDbEntity
  8
A-THIN
100
AcDbPolyline
 90
5
 70
1
 10
10.5
 20
3.6
 10
10.5
 20
4.15
 10
8.5
 20
4.15
 10
8.5
 20
3.6
 10
10.5
 20
3.6
  0
LWPOLYLINE
  5
308
330
17
100
AcDbEntity
  8
A-THIN
100
AcDbPolyline
 90
5
 70
1
 10
29.0
 20
0.55
 10
29.0
 20
1.1
 10
26.2
 20
1.1
 10
26.2
 20
0.55
 10
29.0
 20
0.55
  0
LWPOLYLINE
  5
309
330
17
100
AcDbEntity
  8
A-THIN
100
AcDbPolyline
 90
5
 70
1
 10
5.779999999999999
 20
3.2
 10
5.779999999999999
 20
7.5
 10
5.58
 20
7.5
 10
5.58
 20
3.2
 10
5.779999999999999
 20
3.2
  0
LWPOLYLINE
  5
30A
330
17
100
AcDbEntity
  8
A-THIN
100
AcDbPolyline
 90
5
 70
1
 10
29.8
 20
-0.15
 10
29.8
 20
0.55
 10
25.2
 20
0.55
 10
25.2
 20
-0.15
 10
29.8
 20
-0.15
  0
LWPOLYLINE
  5
30B
330
17
100
AcDbEntity
  8
A-THIN
100
AcDbPolyline
 90
5
 70
1
 10
24.33
 20
2.94
 10
24.33
 20
3.1
 10
21.92
 20
3.1
 10
21.92
 20
2.94
 10
24.33
 20
2.94
  0
LWPOLYLINE
  5
30C
330
17
100
AcDbEntity
  8
A-THIN
100
AcDbPolyline
 90
5
 70
1
 10
12.86
 20
4.1
 10
12.86
 20
6.4
 10
12.799999999999999
 20
6.4
 10
12.799999999999999
 20
4.1
 10
12.86
 20
4.1
  0
LWPOLYLINE
  5
30D
330
17
100
AcDbEntity
  8
A-THIN
100
AcDbPolyline
 90
5
 70
1
 10
5.779999999999999
 20
3.2
 10
5.779999999999999
 20
7.5
 10
5.58
 20
7.5
 10
5.58
 20
3.2
 10
5.779999999999999
 20
3.2
  0
LWPOLYLINE
  5
30E
330
17
100
AcDbEntity
  8
A-THIN
100
AcDbPolyline
 90
5
 70
1
 10
5.779999999999999
 20
3.2
 10
5.779999999999999
 20
7.5
 10
5.58
 20
7.5
 10
5.58
 20
3.2
 10
5.779999999999999
 20
3.2
  0
LWPOLYLINE
  5
30F
330
17
100
AcDbEntity
  8
A-THIN
100
AcDbPolyline
 90
5
 70
1
 10
24.33
 20
2.94
 10
24.33
 20
3.1
 10
21.92
 20
3.1
 10
21.92
 20
2.94
 10
24.33
 20
2.94
  0
LWPOLYLINE
  5
310
330
17
100
AcDbEntity
  8
A-THIN
100
AcDbPolyline
 90
5
 70
1
 10
5.779999999999999
 20
3.2
 10
5.779999999999999
 20
7.5
 10
5.58
 20
7.5
 10
5.58
 20
3.2
 10
5.779999999999999
 20
3.2
  0
LWPOLYLINE
  5
311
330
17
100
AcDbEntity
  8
A-THIN
100
AcDbPolyline
 90
5
 70
1
 10
5.779999999999999
 20
3.2
 10
5.779999999999999
 20
7.5
 10
5.58
 20
7.5
 10
5.58
 20
3.2
 10
5.779999999999999
 20
3.2
  0
LWPOLYLINE
  5
312
330
17
100
AcDbEntity
  8
A-THIN
100
AcDbPolyline
 90
5
 70
1
 10
24.33
 20
2.94
 10
24.33
 20
3.1
 10
21.92
 20
3.1
 10
21.92
 20
2.94
 10
24.33
 20
2.94
  0
LWPOLYLINE
  5
313
330
17
100
AcDbEntity
  8
A-THIN
100
AcDbPolyline
 90
5
 70
1
 10
11.0
 20
0.0
 10
11.0
 20
0.75
 10
8.0
 20
0.75
 10
8.0
 20
0.0
 10
11.0
 20
0.0
  0
LWPOLYLINE
  5
314
330
17
100
AcDbEntity
  8
A-THIN
100
AcDbPolyline
 90
5
 70
1
 10
5.779999999999999
 20
3.2
 10
5.779999999999999
 20
7.5
 10
5.58
 20
7.5
 10
5.58
 20
3.2
 10
5.779999999999999
 20
3.2
  0
LWPOLYLINE
  5
315
330
17
100
AcDbEntity
  8
A-THIN
100
AcDbPolyline
 90
5
 70
1
 10
24.33
 20
2.94
 10
24.33
 20
3.1
 10
21.92
 20
3.1
 10
21.92
 20
2.94
 10
24.33
 20
2.94
  0
LWPOLYLINE
  5
316
330
17
100
AcDbEntity
  8
A-THIN
100
AcDbPolyline
 90
5
 70
1
 10
5.779999999999999
 20
3.2
 10
5.779999999999999
 20
7.5
 10
5.58
 20
7.5
 10
5.58
 20
3.2
 10
5.779999999999999
 20
3.2
  0
LWPOLYLINE
  5
317
330
17
100
AcDbEntity
  8
A-THIN
100
AcDbPolyline
 90
5
 70
1
 10
12.841999999999999
 20
4.17
 10
12.841999999999999
 20
6.33
 10
12.818
 20
6.33
 10
12.818
 20
4.17
 10
12.841999999999999
 20
4.17
  0
LWPOLYLINE
  5
318
330
17
100
AcDbEntity
  8
A-THIN
100
AcDbPolyline
 90
5
 70
1
 10
12.7
 20
3.5
 10
12.7
 20
4.1
 10
12.9
 20
4.1
 10
12.9
 20
3.5
 10
12.7
 20
3.5
  0
LWPOLYLINE
  5
319
330
17
100
AcDbEntity
  8
A-THIN
100
AcDbPolyline
 90
5
 70
1
 10
12.7
 20
6.4
 10
12.7
 20
6.6000000000000005
 10
12.9
 20
6.6000000000000005
 10
12.9
 20
6.4
 10
12.7
 20
6.4
  0
LWPOLYLINE
  5
31A
330
17
100
AcDbEntity
  8
A-THIN
100
AcDbPolyline
 90
5
 70
1
 10
12.9
 20
3.1500000000000004
 10
12.9
 20
4.1
 10
13.0
 20
4.1
 10
13.0
 20
3.1500000000000004
 10
12.9
 20
3.1500000000000004
  0
LWPOLYLINE
  5
31B
330
17
100
AcDbEntity
  8
A-THIN
100
AcDbPolyline
 90
5
 70
1
 10
12.9
 20
6.4
 10
12.9
 20
7.5
 10
13.0
 20
7.5
 10
13.0
 20
6.4
 10
12.9
 20
6.4
  0
LWPOLYLINE
  5
31C
330
17
100
AcDbEntity
  8
A-THIN
100
AcDbPolyline
 90
9
 70
1
 10
12.86
 20
4.1
 10
12.799999999999999
 20
4.1
 10
12.799999999999999
 20
4.17
 10
12.799999999999999
 20
6.33
 10
12.799999999999999
 20
6.4
 10
12.86
 20
6.4
 10
12.86
 20
6.33
 10
12.86
 20
4.17
 10
12.86
 20
4.1
  0
LWPOLYLINE
  5
31D
330
17
100
AcDbEntity
  8
A-THIN
100
AcDbPolyline
 90
5
 70
1
 10
13.049999999999999
 20
3.6
 10
13.049999999999999
 20
4.65
 10
13.03
 20
4.65
 10
13.03
 20
3.6
 10
13.049999999999999
 20
3.6
  0
LWPOLYLINE
  5
31E
330
17
100
AcDbEntity
  8
A-THIN
100
AcDbPolyline
 90
5
 70
1
 10
13.069999999999999
 20
4.62
 10
13.069999999999999
 20
4.65
 10
13.01
 20
4.65
 10
13.01
 20
4.62
 10
13.069999999999999
 20
4.62
  0
LWPOLYLINE
  5
31F
330
17
100
AcDbEntity
  8
A-THIN
100
AcDbPolyline
 90
5
 70
1
 10
12.3
 20
3.6
 10
12.3
 20
4.35
 10
11.4
 20
4.35
 10
11.4
 20
3.6
 10
12.3
 20
3.6
  0
LWPOLYLINE
  5
320
330
17
100
AcDbEntity
  8
A-THIN
100
AcDbPolyline
 90
5
 70
1
 10
5.779999999999999
 20
3.2
 10
5.779999999999999
 20
7.5
 10
5.58
 20
7.5
 10
5.58
 20
3.2
 10
5.779999999999999
 20
3.2
  0
LWPOLYLINE
  5
321
330
17
100
AcDbEntity
  8
A-THIN
100
AcDbPolyline
 90
5
 70
1
 10
6.182
 20
3.65
 10
6.182
 20
6.3500000000000005
 10
6.158
 20
6.3500000000000005
 10
6.158
 20
3.65
 10
6.182
 20
3.65
  0
LWPOLYLINE
  5
322
330
17
100
AcDbEntity
  8
A-THIN
100
AcDbPolyline
 90
5
 70
1
 10
6.1000000000000005
 20
3.5
 10
6.1000000000000005
 20
3.6
 10
6.300000000000001
 20
3.6
 10
6.300000000000001
 20
3.5
 10
6.1000000000000005
 20
3.5
  0
LWPOLYLINE
  5
323
330
17
100
AcDbEntity
  8
A-THIN
100
AcDbPolyline
 90
5
 70
1
 10
6.1000000000000005
 20
6.4
 10
6.1000000000000005
 20
6.6000000000000005
 10
6.300000000000001
 20
6.6000000000000005
 10
6.300000000000001
 20
6.4
 10
6.1000000000000005
 20
6.4
  0
LWPOLYLINE
  5
324
330
17
100
AcDbEntity
  8
A-THIN
100
AcDbPolyline
 90
5
 70
1
 10
6.0
 20
3.1500000000000004
 10
6.0
 20
3.6
 10
6.1000000000000005
 20
3.6
 10
6.1000000000000005
 20
3.1500000000000004
 10
6.0
 20
3.1500000000000004
  0
LWPOLYLINE
  5
325
330
17
100
AcDbEntity
  8
A-THIN
100
AcDbPolyline
 90
5
 70
1
 10
6.0
 20
6.4
 10
6.0
 20
7.5
 10
6.1000000000000005
 20
7.5
 10
6.1000000000000005
 20
6.4
 10
6.0
 20
6.4
  0
LWPOLYLINE
  5
326
330
17
100
AcDbEntity
  8
A-THIN
100
AcDbPolyline
 90
9
 70
1
 10
6.2
 20
3.6
 10
6.140000000000001
 20
3.6
 10
6.140000000000001
 20
3.65
 10
6.140000000000001
 20
6.3500000000000005
 10
6.140000000000001
 20
6.4
 10
6.2
 20
6.4
 10
6.2
 20
6.3500000000000005
 10
6.2
 20
3.65
 10
6.2
 20
3.6
  0
LWPOLYLINE
  5
327
330
17
100
AcDbEntity
  8
A-THIN
100
AcDbPolyline
 90
5
 70
1
 10
5.97
 20
3.6
 10
5.97
 20
4.65
 10
5.95
 20
4.65
 10
5.95
 20
3.6
 10
5.97
 20
3.6
  0
LWPOLYLINE
  5
328
330
17
100
AcDbEntity
  8
A-THIN
100
AcDbPolyline
 90
5
 70
1
 10
5.99
 20
4.62
 10
5.99
 20
4.65
 10
5.93
 20
4.65
 10
5.93
 20
4.62
 10
5.99
 20
4.62
  0
LWPOLYLINE
  5
329
330
17
100
AcDbEntity
  8
A-THIN
100
AcDbPolyline
 90
5
 70
1
 10
24.33
 20
2.94
 10
24.33
 20
3.1
 10
21.92
 20
3.1
 10
21.92
 20
2.94
 10
24.33
 20
2.94
  0
LWPOLYLINE
  5
32A
330
17
100
AcDbEntity
  8
A-THIN
100
AcDbPolyline
 90
5
 70
1
 10
5.779999999999999
 20
3.2
 10
5.779999999999999
 20
7.5
 10
5.58
 20
7.5
 10
5.58
 20
3.2
 10
5.779999999999999
 20
3.2
  0
LWPOLYLINE
  5
32B
330
17
100
AcDbEntity
  8
A-THIN
100
AcDbPolyline
 90
5
 70
1
 10
5.779999999999999
 20
3.2
 10
5.779999999999999
 20
7.5
 10
5.58
 20
7.5
 10
5.58
 20
3.2
 10
5.779999999999999
 20
3.2
  0
LWPOLYLINE
  5
32C
330
17
100
AcDbEntity
  8
A-THIN
100
AcDbPolyline
 90
5
 70
1
 10
24.33
 20
2.94
 10
24.33
 20
3.1
 10
21.92
 20
3.1
 10
21.92
 20
2.94
 10
24.33
 20
2.94
  0
LWPOLYLINE
  5
32D
330
17
100
AcDbEntity
  8
A-THIN
100
AcDbPolyline
 90
5
 70
1
 10
12.549999999999999
 20
3.65
 10
12.549999999999999
 20
6.3500000000000005
 10
6.45
 20
6.3500000000000005
 10
6.45
 20
3.65
 10
12.549999999999999
 20
3.65
  0
LWPOLYLINE
  5
32E
330
17
100
AcDbEntity
  8
A-THIN
100
AcDbPolyline
 90
21
 70
1
 10
12.6
 20
3.6
 10
12.549999999999999
 20
3.6
 10
10.563333333333333
 20
3.6
 10
10.503333333333334
 20
3.6
 10
8.496666666666666
 20
3.6
 10
8.436666666666667
 20
3.6
 10
6.45
 20
3.6
 10
6.4
 20
3.6
 10
6.4
 20
3.65
 10
6.4
 20
6.3500000000000005
 10
6.4
 20
6.4
 10
6.45
 20
6.4
 10
8.436666666666667
 20
6.4
 10
8.496666666666666
 20
6.4
 10
10.503333333333334
 20
6.4
 10
10.563333333333333
 20
6.4
 10
12.549999999999999
 20
6.4
 10
12.6
 20
6.4
 10
12.6
 20
6.3500000000000005
 10
12.6
 20
3.65
 10
12.6
 20
3.6
  0
LWPOLYLINE
  5
32F
330
17
100
AcDbEntity
  8
A-THIN
100
AcDbPolyline
 90
5
 70
1
 10
6.45
 20
3.65
 10
8.436666666666667
 20
3.65
 10
8.436666666666667
 20
6.3500000000000005
 10
6.45
 20
6.3500000000000005
 10
6.45
 20
3.65
  0
LWPOLYLINE
  5
330
330
17
100
AcDbEntity
  8
A-THIN
100
AcDbPolyline
 90
5
 70
1
 10
8.496666666666666
 20
3.65
 10
10.503333333333334
 20
3.65
 10
10.503333333333334
 20
6.3500000000000005
 10
8.496666666666666
 20
6.3500000000000005
 10
8.496666666666666
 20
3.65
  0
LWPOLYLINE
  5
331
330
17
100
AcDbEntity
  8
A-THIN
100
AcDbPolyline
 90
5
 70
1
 10
12.549999999999999
 20
3.65
 10
12.549999999999999
 20
6.3500000000000005
 10
10.563333333333333
 20
6.3500000000000005
 10
10.563333333333333
 20
3.65
 10
12.549999999999999
 20
3.65
  0
LWPOLYLINE
  5
332
330
17
100
AcDbEntity
  8
A-THIN
100
AcDbPolyline
 90
9
 70
1
 10
6.4
 20
3.5
 10
6.3
 20
3.5
 10
6.3
 20
6.6000000000000005
 10
6.4
 20
6.6000000000000005
 10
12.6
 20
6.6000000000000005
 10
12.7
 20
6.6000000000000005
 10
12.7
 20
3.5
 10
12.6
 20
3.5
 10
6.4
 20
3.5
  0
LWPOLYLINE
  5
333
330
17
100
AcDbEntity
  8
A-THIN
100
AcDbPolyline
 90
5
 70
1
 10
6.4
 20
3.6
 10
12.6
 20
3.6
 10
12.6
 20
6.4
 10
6.4
 20
6.4
 10
6.4
 20
3.6
  0
LWPOLYLINE
  5
334
330
17
100
AcDbEntity
  8
A-THIN
100
AcDbPolyline
 90
5
 70
1
 10
5.779999999999999
 20
3.2
 10
5.779999999999999
 20
7.5
 10
5.58
 20
7.5
 10
5.58
 20
3.2
 10
5.779999999999999
 20
3.2
  0
LWPOLYLINE
  5
335
330
17
100
AcDbEntity
  8
A-THIN
100
AcDbPolyline
 90
5
 70
1
 10
24.33
 20
2.94
 10
24.33
 20
3.1
 10
21.92
 20
3.1
 10
21.92
 20
2.94
 10
24.33
 20
2.94
  0
LWPOLYLINE
  5
336
330
17
100
AcDbEntity
  8
A-THIN
100
AcDbPolyline
 90
5
 70
1
 10
5.779999999999999
 20
3.2
 10
5.779999999999999
 20
7.5
 10
5.58
 20
7.5
 10
5.58
 20
3.2
 10
5.779999999999999
 20
3.2
  0
LWPOLYLINE
  5
337
330
17
100
AcDbEntity
  8
A-THIN
100
AcDbPolyline
 90
5
 70
1
 10
5.779999999999999
 20
3.2
 10
5.779999999999999
 20
7.5
 10
5.58
 20
7.5
 10
5.58
 20
3.2
 10
5.779999999999999
 20
3.2
  0
LWPOLYLINE
  5
338
330
17
100
AcDbEntity
  8
A-THIN
100
AcDbPolyline
 90
5
 70
1
 10
13.99
 20
-0.04999999999999999
 10
13.99
 20
0.8999999999999999
 10
14.01
 20
0.8999999999999999
 10
14.01
 20
-0.04999999999999999
 10
13.99
 20
-0.04999999999999999
  0
LWPOLYLINE
  5
339
330
17
100
AcDbEntity
  8
A-THIN
100
AcDbPolyline
 90
5
 70
1
 10
21.49
 20
-0.04999999999999999
 10
21.49
 20
0.8999999999999999
 10
21.51
 20
0.8999999999999999
 10
21.51
 20
-0.04999999999999999
 10
21.49
 20
-0.04999999999999999
  0
LWPOLYLINE
  5
33A
330
17
100
AcDbEntity
  8
A-THIN
100
AcDbPolyline
 90
5
 70
1
 10
13.97
 20
0.8699999999999999
 10
13.97
 20
0.8999999999999999
 10
14.03
 20
0.8999999999999999
 10
14.03
 20
0.8699999999999999
 10
13.97
 20
0.8699999999999999
  0
LWPOLYLINE
  5
33B
330
17
100
AcDbEntity
  8
A-THIN
100
AcDbPolyline
 90
5
 70
1
 10
21.47
 20
0.8699999999999999
 10
21.47
 20
0.8999999999999999
 10
21.53
 20
0.8999999999999999
 10
21.53
 20
0.8699999999999999
 10
21.47
 20
0.8699999999999999
  0
LWPOLYLINE
  5
33C
330
17
100
AcDbEntity
  8
A-THIN
100
AcDbPolyline
 90
5
 70
1
 10
24.33
 20
2.94
 10
24.33
 20
3.1
 10
21.92
 20
3.1
 10
21.92
 20
2.94
 10
24.33
 20
2.94
  0
LWPOLYLINE
  5
33D
330
17
100
AcDbEntity
  8
A-THIN
100
AcDbPolyline
 90
5
 70
1
 10
14.0
 20
-0.04999999999999999
 10
14.0
 20
0.8999999999999999
 10
19.42
 20
0.8999999999999999
 10
19.42
 20
-0.04999999999999999
 10
14.0
 20
-0.04999999999999999
  0
LWPOLYLINE
  5
33E
330
17
100
AcDbEntity
  8
A-THIN
100
AcDbPolyline
 90
5
 70
1
 10
20.42
 20
-0.04999999999999999
 10
20.42
 20
0.8999999999999999
 10
21.5
 20
0.8999999999999999
 10
21.5
 20
-0.04999999999999999
 10
20.42
 20
-0.04999999999999999
  0
LWPOLYLINE
  5
33F
330
17
100
AcDbEntity
  8
A-THIN
100
AcDbPolyline
 90
5
 70
1
 10
14.0
 20
0.8699999999999999
 10
14.0
 20
0.8999999999999999
 10
19.42
 20
0.8999999999999999
 10
19.42
 20
0.8699999999999999
 10
14.0
 20
0.8699999999999999
  0
LWPOLYLINE
  5
340
330
17
100
AcDbEntity
  8
A-THIN
100
AcDbPolyline
 90
5
 70
1
 10
20.42
 20
0.8699999999999999
 10
20.42
 20
0.8999999999999999
 10
21.5
 20
0.8999999999999999
 10
21.5
 20
0.8699999999999999
 10
20.42
 20
0.8699999999999999
  0
LWPOLYLINE
  5
341
330
17
100
AcDbEntity
  8
A-THIN
100
AcDbPolyline
 90
5
 70
1
 10
5.779999999999999
 20
3.2
 10
5.779999999999999
 20
7.5
 10
5.58
 20
7.5
 10
5.58
 20
3.2
 10
5.779999999999999
 20
3.2
  0
LWPOLYLINE
  5
342
330
17
100
AcDbEntity
  8
A-THIN
100
AcDbPolyline
 90
5
 70
1
 10
21.875
 20
-0.15
 10
21.875
 20
2.9
 10
22.025
 20
2.9
 10
22.025
 20
-0.15
 10
21.875
 20
-0.15
  0
LWPOLYLINE
  5
343
330
17
100
AcDbEntity
  8
A-THIN
100
AcDbPolyline
 90
5
 70
1
 10
24.225
 20
-0.15
 10
24.225
 20
2.9
 10
24.375
 20
2.9
 10
24.375
 20
-0.15
 10
24.225
 20
-0.15
  0
LWPOLYLINE
  5
344
330
17
100
AcDbEntity
  8
A-THIN
100
AcDbPolyline
 90
9
 70
1
 10
21.92
 20
3.12
 10
24.33
 20
3.12
 10
24.45
 20
3.12
 10
24.45
 20
2.9
 10
24.33
 20
2.9
 10
21.92
 20
2.9
 10
21.8
 20
2.9
 10
21.8
 20
3.12
 10
21.92
 20
3.12
  0
LWPOLYLINE
  5
345
330
17
100
AcDbEntity
  8
A-THIN
100
AcDbPolyline
 90
5
 70
1
 10
5.779999999999999
 20
3.2
 10
5.779999999999999
 20
7.5
 10
5.58
 20
7.5
 10
5.58
 20
3.2
 10
5.779999999999999
 20
3.2
  0
LWPOLYLINE
  5
346
330
17
100
AcDbEntity
  8
A-THIN
100
AcDbPolyline
 90
5
 70
1
 10
21.95
 20
-0.15
 10
21.95
 20
-0.04999999999999999
 10
13.549999999999999
 20
-0.04999999999999999
 10
13.549999999999999
 20
-0.15
 10
21.95
 20
-0.15
  0
LWPOLYLINE
  5
347
330
17
100
AcDbEntity
  8
A-THIN
100
AcDbPolyline
 90
5
 70
1
 10
13.7
 20
-0.15
 10
13.7
 20
-0.04999999999999999
 10
14.0
 20
-0.04999999999999999
 10
14.0
 20
-0.15
 10
13.7
 20
-0.15
  0
LWPOLYLINE
  5
348
330
17
100
AcDbEntity
  8
A-THIN
100
AcDbPolyline
 90
5
 70
1
 10
21.5
 20
-0.15
 10
21.5
 20
-0.04999999999999999
 10
21.799999999999997
 20
-0.04999999999999999
 10
21.799999999999997
 20
-0.15
 10
21.5
 20
-0.15
  0
LWPOLYLINE
  5
349
330
17
100
AcDbEntity
  8
A-THIN
100
AcDbPolyline
 90
5
 70
1
 10
5.779999999999999
 20
3.2
 10
5.779999999999999
 20
7.5
 10
5.58
 20
7.5
 10
5.58
 20
3.2
 10
5.779999999999999
 20
3.2
  0
LWPOLYLINE
  5
34A
330
17
100
AcDbEntity
  8
A-THIN
100
AcDbPolyline
 90
5
 70
1
 10
5.779999999999999
 20
3.2
 10
5.779999999999999
 20
7.5
 10
5.58
 20
7.5
 10
5.58
 20
3.2
 10
5.779999999999999
 20
3.2
  0
LWPOLYLINE
  5
34B
330
17
100
AcDbEntity
  8
A-THIN
100
AcDbPolyline
 90
5
 70
1
 10
29.0
 20
0.55
 10
29.0
 20
1.1
 10
26.2
 20
1.1
 10
26.2
 20
0.55
 10
29.0
 20
0.55
  0
LWPOLYLINE
  5
34C
330
17
100
AcDbEntity
  8
A-THIN
100
AcDbPolyline
 90
5
 70
1
 10
5.779999999999999
 20
3.2
 10
5.779999999999999
 20
7.5
 10
5.58
 20
7.5
 10
5.58
 20
3.2
 10
5.779999999999999
 20
3.2
  0
LWPOLYLINE
  5
34D
330
17
100
AcDbEntity
  8
A-THIN
100
AcDbPolyline
 90
5
 70
1
 10
29.8
 20
-0.15
 10
29.8
 20
0.55
 10
25.2
 20
0.55
 10
25.2
 20
-0.15
 10
29.8
 20
-0.15
  0
LWPOLYLINE
  5
34E
330
17
100
AcDbEntity
  8
A-THIN
100
AcDbPolyline
 90
5
 70
1
 10
12.7
 20
3.6
 10
12.7
 20
4.65
 10
6.3
 20
4.65
 10
6.3
 20
3.6
 10
12.7
 20
3.6
  0
LWPOLYLINE
  5
34F
330
17
100
AcDbEntity
  8
A-THIN
100
AcDbPolyline
 90
5
 70
1
 10
12.7
 20
4.62
 10
12.7
 20
4.65
 10
6.3
 20
4.65
 10
6.3
 20
4.62
 10
12.7
 20
4.62
  0
LWPOLYLINE
  5
350
330
17
100
AcDbEntity
  8
A-THIN
100
AcDbPolyline
 90
11
 70
1
 10
6.3
 20
3.5
 10
6.0
 20
3.5
 10
6.0
 20
6.6000000000000005
 10
6.3
 20
6.6000000000000005
 10
12.7
 20
6.6000000000000005
 10
13.0
 20
6.6000000000000005
 10
13.0
 20
3.5
 10
12.7
 20
3.5
 10
12.7
 20
6.4
 10
6.3
 20
6.4
 10
6.3
 20
3.5
  0
LWPOLYLINE
  5
351
330
17
100
AcDbEntity
  8
A-THIN
100
AcDbPolyline
 90
5
 70
1
 10
6.1
 20
3.2
 10
6.1
 20
3.5
 10
12.9
 20
3.5
 10
12.9
 20
3.2
 10
6.1
 20
3.2
  0
LWPOLYLINE
  5
352
330
17
100
AcDbEntity
  8
A-THIN
100
AcDbPolyline
 90
5
 70
1
 10
6.1
 20
6.6000000000000005
 10
6.1
 20
6.9
 10
12.9
 20
6.9
 10
12.9
 20
6.6000000000000005
 10
6.1
 20
6.6000000000000005
  0
LWPOLYLINE
  5
353
330
17
100
AcDbEntity
  8
A-THIN
100
AcDbPolyline
 90
5
 70
1
 10
12.9
 20
3.5
 10
12.9
 20
3.6
 10
6.1
 20
3.6
 10
6.1
 20
3.5
 10
12.9
 20
3.5
  0
LWPOLYLINE
  5
354
330
17
100
AcDbEntity
  8
A-THIN
100
AcDbPolyline
 90
5
 70
1
 10
12.9
 20
6.9
 10
12.9
 20
7.0200000000000005
 10
6.1
 20
7.0200000000000005
 10
6.1
 20
6.9
 10
12.9
 20
6.9
  0
LWPOLYLINE
  5
355
330
17
100
AcDbEntity
  8
A-THIN
100
AcDbPolyline
 90
17
 70
1
 10
12.8
 20
7.5
 10
12.9
 20
7.5
 10
13.0
 20
7.5
 10
13.0
 20
6.9
 10
13.0
 20
3.1500000000000004
 10
12.9
 20
3.1500000000000004
 10
12.7
 20
3.1500000000000004
 10
6.3
 20
3.1500000000000004
 10
6.1000000000000005
 20
3.1500000000000004
 10
6.0
 20
3.1500000000000004
 10
6.0
 20
6.9
 10
6.0
 20
7.5
 10
6.1000000000000005
 20
7.5
 10
6.199999999999999
 20
7.5
 10
6.3
 20
7.5
 10
12.7
 20
7.5
 10
12.8
 20
7.5
  0
LWPOLYLINE
  5
356
330
17
100
AcDbEntity
  8
A-THIN
100
AcDbPolyline
 90
5
 70
1
 10
12.7
 20
6.4
 10
6.3
 20
6.4
 10
6.3
 20
3.5
 10
12.7
 20
3.5
 10
12.7
 20
6.4
  0
LWPOLYLINE
  5
357
330
17
100
AcDbEntity
  8
A-THIN
100
AcDbPolyline
 90
5
 70
1
 10
6.1000000000000005
 20
3.5
 10
6.1000000000000005
 20
6.6000000000000005
 10
6.300000000000001
 20
6.6000000000000005
 10
6.300000000000001
 20
3.5
 10
6.1000000000000005
 20
3.5
  0
LWPOLYLINE
  5
358
330
17
100
AcDbEntity
  8
A-THIN
100
AcDbPolyline
 90
5
 70
1
 10
12.7
 20
3.5
 10
12.7
 20
6.6000000000000005
 10
12.9
 20
6.6000000000000005
 10
12.9
 20
3.5
 10
12.7
 20
3.5
  0
LWPOLYLINE
  5
359
330
17
100
AcDbEntity
  8
A-THIN
100
AcDbPolyline
 90
5
 70
1
 10
5.779999999999999
 20
3.2
 10
5.779999999999999
 20
7.5
 10
5.58
 20
7.5
 10
5.58
 20
3.2
 10
5.779999999999999
 20
3.2
  0
LWPOLYLINE
  5
35A
330
17
100
AcDbEntity
  8
A-THIN
100
AcDbPolyline
 90
5
 70
1
 10
5.6499999999999995
 20
3.2
 10
5.6499999999999995
 20
3.2600000000000002
 10
5.71
 20
3.2600000000000002
 10
5.71
 20
3.2
 10
5.6499999999999995
 20
3.2
  0
LWPOLYLINE
  5
35B
330
17
100
AcDbEntity
  8
A-THIN
100
AcDbPolyline
 90
5
 70
1
 10
5.6499999999999995
 20
7.44
 10
5.6499999999999995
 20
7.5
 10
5.71
 20
7.5
 10
5.71
 20
7.44
 10
5.6499999999999995
 20
7.44
  0
LWPOLYLINE
  5
35C
330
17
100
AcDbEntity
  8
A-THIN
100
AcDbPolyline
 90
5
 70
1
 10
24.85
 20
2.29
 10
24.8
 20
2.29
 10
24.8
 20
2.45
 10
24.85
 20
2.45
 10
24.85
 20
2.29
  0
LWPOLYLINE
  5
35D
330
17
100
AcDbEntity
  8
A-THIN
100
AcDbPolyline
 90
5
 70
1
 10
25.1
 20
2.29
 10
25.05
 20
2.29
 10
25.05
 20
2.45
 10
25.1
 20
2.45
 10
25.1
 20
2.29
  0
LWPOLYLINE
  5
35E
330
17
100
AcDbEntity
  8
A-THIN
100
AcDbPolyline
 90
5
 70
1
 10
25.35
 20
2.29
 10
25.3
 20
2.29
 10
25.3
 20
2.45
 10
25.35
 20
2.45
 10
25.35
 20
2.29
  0
LWPOLYLINE
  5
35F
330
17
100
AcDbEntity
  8
A-THIN
100
AcDbPolyline
 90
5
 70
1
 10
25.55
 20
2.29
 10
25.55
 20
2.45
 10
25.6
 20
2.45
 10
25.6
 20
2.29
 10
25.55
 20
2.29
  0
LWPOLYLINE
  5
360
330
17
100
AcDbEntity
  8
A-THIN
100
AcDbPolyline
 90
5
 70
1
 10
25.8
 20
2.29
 10
25.8
 20
2.45
 10
25.85
 20
2.45
 10
25.85
 20
2.29
 10
25.8
 20
2.29
  0
LWPOLYLINE
  5
361
330
17
100
AcDbEntity
  8
A-THIN
100
AcDbPolyline
 90
5
 70
1
 10
26.1
 20
2.29
 10
26.05
 20
2.29
 10
26.05
 20
2.45
 10
26.1
 20
2.45
 10
26.1
 20
2.29
  0
LWPOLYLINE
  5
362
330
17
100
AcDbEntity
  8
A-THIN
100
AcDbPolyline
 90
5
 70
1
 10
26.35
 20
2.29
 10
26.3
 20
2.29
 10
26.3
 20
2.45
 10
26.35
 20
2.45
 10
26.35
 20
2.29
  0
LWPOLYLINE
  5
363
330
17
100
AcDbEntity
  8
A-THIN
100
AcDbPolyline
 90
5
 70
1
 10
26.6
 20
2.29
 10
26.55
 20
2.29
 10
26.55
 20
2.45
 10
26.6
 20
2.45
 10
26.6
 20
2.29
  0
LWPOLYLINE
  5
364
330
17
100
AcDbEntity
  8
A-THIN
100
AcDbPolyline
 90
5
 70
1
 10
26.8
 20
2.29
 10
26.8
 20
2.45
 10
26.85
 20
2.45
 10
26.85
 20
2.29
 10
26.8
 20
2.29
  0
LWPOLYLINE
  5
365
330
17
100
AcDbEntity
  8
A-THIN
100
AcDbPolyline
 90
5
 70
1
 10
27.05
 20
2.29
 10
27.05
 20
2.45
 10
27.1
 20
2.45
 10
27.1
 20
2.29
 10
27.05
 20
2.29
  0
LWPOLYLINE
  5
366
330
17
100
AcDbEntity
  8
A-THIN
100
AcDbPolyline
 90
5
 70
1
 10
27.35
 20
2.29
 10
27.3
 20
2.29
 10
27.3
 20
2.45
 10
27.35
 20
2.45
 10
27.35
 20
2.29
  0
LWPOLYLINE
  5
367
330
17
100
AcDbEntity
  8
A-THIN
100
AcDbPolyline
 90
5
 70
1
 10
27.6
 20
2.29
 10
27.55
 20
2.29
 10
27.55
 20
2.45
 10
27.6
 20
2.45
 10
27.6
 20
2.29
  0
LWPOLYLINE
  5
368
330
17
100
AcDbEntity
  8
A-THIN
100
AcDbPolyline
 90
5
 70
1
 10
27.85
 20
2.29
 10
27.8
 20
2.29
 10
27.8
 20
2.45
 10
27.85
 20
2.45
 10
27.85
 20
2.29
  0
LWPOLYLINE
  5
369
330
17
100
AcDbEntity
  8
A-THIN
100
AcDbPolyline
 90
5
 70
1
 10
28.05
 20
2.29
 10
28.05
 20
2.45
 10
28.1
 20
2.45
 10
28.1
 20
2.29
 10
28.05
 20
2.29
  0
LWPOLYLINE
  5
36A
330
17
100
AcDbEntity
  8
A-THIN
100
AcDbPolyline
 90
5
 70
1
 10
28.3
 20
2.29
 10
28.3
 20
2.45
 10
28.35
 20
2.45
 10
28.35
 20
2.29
 10
28.3
 20
2.29
  0
LWPOLYLINE
  5
36B
330
17
100
AcDbEntity
  8
A-THIN
100
AcDbPolyline
 90
5
 70
1
 10
28.6
 20
2.29
 10
28.55
 20
2.29
 10
28.55
 20
2.45
 10
28.6
 20
2.45
 10
28.6
 20
2.29
  0
LWPOLYLINE
  5
36C
330
17
100
AcDbEntity
  8
A-THIN
100
AcDbPolyline
 90
5
 70
1
 10
28.85
 20
2.29
 10
28.8
 20
2.29
 10
28.8
 20
2.45
 10
28.85
 20
2.45
 10
28.85
 20
2.29
  0
LWPOLYLINE
  5
36D
330
17
100
AcDbEntity
  8
A-THIN
100
AcDbPolyline
 90
5
 70
1
 10
29.1
 20
2.29
 10
29.05
 20
2.29
 10
29.05
 20
2.45
 10
29.1
 20
2.45
 10
29.1
 20
2.29
  0
LWPOLYLINE
  5
36E
330
17
100
AcDbEntity
  8
A-THIN
100
AcDbPolyline
 90
5
 70
1
 10
29.3
 20
2.29
 10
29.3
 20
2.45
 10
29.35
 20
2.45
 10
29.35
 20
2.29
 10
29.3
 20
2.29
  0
LWPOLYLINE
  5
36F
330
17
100
AcDbEntity
  8
A-THIN
100
AcDbPolyline
 90
5
 70
1
 10
29.55
 20
2.29
 10
29.55
 20
2.45
 10
29.6
 20
2.45
 10
29.6
 20
2.29
 10
29.55
 20
2.29
  0
LWPOLYLINE
  5
370
330
17
100
AcDbEntity
  8
A-THIN
100
AcDbPolyline
 90
5
 70
1
 10
24.675
 20
-0.15
 10
24.675
 20
2.25
 10
24.825
 20
2.25
 10
24.825
 20
-0.15
 10
24.675
 20
-0.15
  0
LWPOLYLINE
  5
371
330
17
100
AcDbEntity
  8
A-THIN
100
AcDbPolyline
 90
5
 70
1
 10
29.575
 20
-0.15
 10
29.575
 20
2.25
 10
29.724999999999998
 20
2.25
 10
29.724999999999998
 20
-0.15
 10
29.575
 20
-0.15
  0
LWPOLYLINE
  5
372
330
17
100
AcDbEntity
  8
A-THIN
100
AcDbPolyline
 90
9
 70
1
 10
24.720000000000002
 20
2.47
 10
29.68
 20
2.47
 10
29.8
 20
2.47
 10
29.8
 20
2.25
 10
29.68
 20
2.25
 10
24.720000000000002
 20
2.25
 10
24.6
 20
2.25
 10
24.6
 20
2.47
 10
24.720000000000002
 20
2.47
  0
LWPOLYLINE
  5
373
330
17
100
AcDbEntity
  8
A-THIN
100
AcDbPolyline
 90
5
 70
1
 10
9.0
 20
0.23
 10
9.7
 20
0.23
 10
9.7
 20
-0.15
 10
9.0
 20
-0.15
 10
9.0
 20
0.23
  0
LWPOLYLINE
  5
374
330
17
100
AcDbEntity
  8
A-THIN
100
AcDbPolyline
 90
5
 70
1
 10
10.2
 20
0.23
 10
10.899999999999999
 20
0.23
 10
10.899999999999999
 20
-0.15
 10
10.2
 20
-0.15
 10
10.2
 20
0.23
  0
LWPOLYLINE
  5
375
330
17
100
AcDbEntity
  8
A-THIN
100
AcDbPolyline
 90
5
 70
1
 10
11.4
 20
0.23
 10
12.1
 20
0.23
 10
12.1
 20
-0.15
 10
11.4
 20
-0.15
 10
11.4
 20
0.23
  0
LWPOLYLINE
  5
376
330
17
100
AcDbEntity
  8
A-THIN
100
AcDbPolyline
 90
5
 70
1
 10
12.6
 20
0.23
 10
13.299999999999999
 20
0.23
 10
13.299999999999999
 20
-0.15
 10
12.6
 20
-0.15
 10
12.6
 20
0.23
  0
LWPOLYLINE
  5
377
330
17
100
AcDbEntity
  8
A-THIN
100
AcDbPolyline
 90
5
 70
1
 10
22.3
 20
-0.15
 10
22.3
 20
-0.13999999999999999
 10
7.7
 20
-0.13999999999999999
 10
7.7
 20
-0.15
 10
22.3
 20
-0.15
  0
LWPOLYLINE
  5
378
330
17
100
AcDbEntity
  8
A-THIN
100
AcDbPolyline
 90
5
 70
1
 10
7.7
 20
-0.15
 10
7.7
 20
-0.13999999999999999
 10
8.0
 20
-0.13999999999999999
 10
8.0
 20
-0.15
 10
7.7
 20
-0.15
  0
LWPOLYLINE
  5
379
330
17
100
AcDbEntity
  8
A-THIN
100
AcDbPolyline
 90
5
 70
1
 10
22.0
 20
-0.15
 10
22.0
 20
-0.13999999999999999
 10
22.3
 20
-0.13999999999999999
 10
22.3
 20
-0.15
 10
22.0
 20
-0.15
  0
LWPOLYLINE
  5
37A
330
17
100
AcDbEntity
  8
A-THIN
100
AcDbPolyline
 90
5
 70
1
 10
22.3
 20
-0.15
 10
22.3
 20
-0.13999999999999999
 10
7.7
 20
-0.13999999999999999
 10
7.7
 20
-0.15
 10
22.3
 20
-0.15
  0
CIRCLE
  5
37B
330
17
100
AcDbEntity
  8
A-THIN
100
AcDbCircle
 10
10.5
 20
1.4449999999999998
 30
0.0
 40
0.11
  0
CIRCLE
  5
37C
330
17
100
AcDbEntity
  8
A-THIN
100
AcDbCircle
 10
17.2
 20
1.5150000000000001
 30
0.0
 40
0.11
  0
LINE
  5
37D
330
17
100
AcDbEntity
  8
A-HIDDEN
100
AcDbLine
 10
0.0
 20
-0.65
 30
0.0
 11
0.0
 21
11.2
 31
0.0
  0
LINE
  5
37E
330
17
100
AcDbEntity
  8
A-HIDDEN
100
AcDbLine
 10
6.0
 20
-0.65
 30
0.0
 11
6.0
 21
11.2
 31
0.0
  0
LINE
  5
37F
330
17
100
AcDbEntity
  8
A-HIDDEN
100
AcDbLine
 10
25.0
 20
-0.65
 30
0.0
 11
25.0
 21
11.2
 31
0.0
  0
LINE
  5
380
330
17
100
AcDbEntity
  8
A-HIDDEN
100
AcDbLine
 10
30.0
 20
-0.65
 30
0.0
 11
30.0
 21
11.2
 31
0.0
  0
ENDSEC
  0
SECTION
  2
OBJECTS
  0
DICTIONARY
  5
A
330
0
100
AcDbDictionary
281
1
  3
ACAD_COLOR
350
B
  3
ACAD_GROUP
350
C
  3
ACAD_LAYOUT
350
D
  3
ACAD_MATERIAL
350
E
  3
ACAD_MLEADERSTYLE
350
F
  3
ACAD_MLINESTYLE
350
10
  3
ACAD_PLOTSETTINGS
350
11
  3
ACAD_PLOTSTYLENAME
350
12
  3
ACAD_SCALELIST
350
14
  3
ACAD_TABLESTYLE
350
15
  3
ACAD_VISUALSTYLE
350
16
  3
EZDXF_META
350
2D
  0
DICTIONARY
  5
B
330
A
100
AcDbDictionary
281
1
  0
DICTIONARY
  5
C
330
A
100
AcDbDictionary
281
1
  0
DICTIONARY
  5
D
330
A
100
AcDbDictionary
281
1
  3
Model
350
1A
  3
Layout1
350
1E
  0
DICTIONARY
  5
E
330
A
100
AcDbDictionary
281
1
  3
ByBlock
350
1F
  3
ByLayer
350
20
  3
Global
350
21
  0
DICTIONARY
  5
F
330
A
100
AcDbDictionary
281
1
  3
Standard
350
2C
  0
DICTIONARY
  5
10
330
A
100
AcDbDictionary
281
1
  3
Standard
350
22
  0
DICTIONARY
  5
11
330
A
100
AcDbDictionary
281
1
  0
ACDBDICTIONARYWDFLT
  5
12
330
A
100
AcDbDictionary
281
1
  3
Normal
350
13
100
AcDbDictionaryWithDefault
340
13
  0
ACDBPLACEHOLDER
  5
13
330
12
  0
DICTIONARY
  5
14
330
A
100
AcDbDictionary
281
1
  0
DICTIONARY
  5
15
330
A
100
AcDbDictionary
281
1
  0
DICTIONARY
  5
16
330
A
100
AcDbDictionary
281
1
  3
2dWireframe
350
5A
  3
Basic
350
5B
  3
Brighten
350
5C
  3
ColorChange
350
5D
  3
Conceptual
350
5E
  3
Dim
350
5F
  3
EdgeColorOff
350
60
  3
Facepattern
350
61
  3
Flat
350
62
  3
FlatWithEdges
350
63
  3
Gouraud
350
64
  3
GouraudWithEdges
350
65
  3
Hidden
350
66
  3
JitterOff
350
67
  3
Linepattern
350
68
  3
Modeling
350
69
  3
OverhangOff
350
6A
  3
Realistic
350
6B
  3
Shaded
350
6C
  3
Shaded with edges
350
6D
  3
Shades of Gray
350
6E
  3
Sketchy
350
6F
  3
Thicken
350
70
  3
Wireframe
350
71
  3
X-Ray
350
72
  0
LAYOUT
  5
1A
330
D
100
AcDbPlotSettings
  1

  4
A3
  6

 40
7.5
 41
20.0
 42
7.5
 43
20.0
 44
420.0
 45
297.0
 46
0.0
 47
0.0
 48
0.0
 49
0.0
140
0.0
141
0.0
142
1.0
143
1.0
 70
1024
 72
1
 73
0
 74
5
  7

 75
16
 76
0
 77
2
 78
300
147
1.0
148
0.0
149
0.0
100
AcDbLayout
  1
Model
 70
1
 71
0
 10
0.0
 20
0.0
 11
420.0
 21
297.0
 12
0.0
 22
0.0
 32
0.0
 14
1e+20
 24
1e+20
 34
1e+20
 15
-1e+20
 25
-1e+20
 35
-1e+20
146
0.0
 13
0.0
 23
0.0
 33
0.0
 16
1.0
 26
0.0
 36
0.0
 17
0.0
 27
1.0
 37
0.0
 76
1
330
17
  0
LAYOUT
  5
1E
330
D
100
AcDbPlotSettings
  1

  4
A3
  6

 40
7.5
 41
20.0
 42
7.5
 43
20.0
 44
420.0
 45
297.0
 46
0.0
 47
0.0
 48
0.0
 49
0.0
140
0.0
141
0.0
142
1.0
143
1.0
 70
0
 72
1
 73
0
 74
5
  7

 75
16
 76
0
 77
2
 78
300
147
1.0
148
0.0
149
0.0
100
AcDbLayout
  1
Layout1
 70
1
 71
1
 10
0.0
 20
0.0
 11
420.0
 21
297.0
 12
0.0
 22
0.0
 32
0.0
 14
1e+20
 24
1e+20
 34
1e+20
 15
-1e+20
 25
-1e+20
 35
-1e+20
146
0.0
 13
0.0
 23
0.0
 33
0.0
 16
1.0
 26
0.0
 36
0.0
 17
0.0
 27
1.0
 37
0.0
 76
1
330
1B
  0
MATERIAL
  5
1F
102
{ACAD_REACTORS
330
E
102
}
330
E
100
AcDbMaterial
  1
ByBlock
  2

 70
0
 40
1.0
 71
1
 41
1.0
 91
-1023410177
 42
1.0
 72
1
  3

 73
1
 74
1
 75
1
 44
0.5
 73
0
 45
1.0
 46
1.0
 77
1
  4

 78
1
 79
1
170
1
 48
1.0
171
1
  6

172
1
173
1
174
1
140
1.0
141
1.0
175
1
  7

176
1
177
1
178
1
143
1.0
179
1
  8

270
1
271
1
272
1
145
1.0
146
1.0
273
1
  9

274
1
275
1
276
1
 42
1.0
 72
1
  3

 73
1
 74
1
 75
1
 94
63
  0
MATERIAL
  5
20
102
{ACAD_REACTORS
330
E
102
}
330
E
100
AcDbMaterial
  1
ByLayer
  2

 70
0
 40
1.0
 71
1
 41
1.0
 91
-1023410177
 42
1.0
 72
1
  3

 73
1
 74
1
 75
1
 44
0.5
 73
0
 45
1.0
 46
1.0
 77
1
  4

 78
1
 79
1
170
1
 48
1.0
171
1
  6

172
1
173
1
174
1
140
1.0
141
1.0
175
1
  7

176
1
177
1
178
1
143
1.0
179
1
  8

270
1
271
1
272
1
145
1.0
146
1.0
273
1
  9

274
1
275
1
276
1
 42
1.0
 72
1
  3

 73
1
 74
1
 75
1
 94
63
  0
MATERIAL
  5
21
102
{ACAD_REACTORS
330
E
102
}
330
E
100
AcDbMaterial
  1
Global
  2

 70
0
 40
1.0
 71
1
 41
1.0
 91
-1023410177
 42
1.0
 72
1
  3

 73
1
 74
1
 75
1
 44
0.5
 73
0
 45
1.0
 46
1.0
 77
1
  4

 78
1
 79
1
170
1
 48
1.0
171
1
  6

172
1
173
1
174
1
140
1.0
141
1.0
175
1
  7

176
1
177
1
178
1
143
1.0
179
1
  8

270
1
271
1
272
1
145
1.0
146
1.0
273
1
  9

274
1
275
1
276
1
 42
1.0
 72
1
  3

 73
1
 74
1
 75
1
 94
63
  0
MLINESTYLE
  5
22
102
{ACAD_REACTORS
330
10
102
}
330
10
100
AcDbMlineStyle
  2
Standard
 70
0
  3

 62
256
 51
90.0
 52
90.0
 71
2
 49
0.5
 62
256
  6
BYLAYER
 49
-0.5
 62
256
  6
BYLAYER
  0
MLEADERSTYLE
  5
2C
102
{ACAD_REACTORS
330
F
102
}
330
F
100
AcDbMLeaderStyle
179
2
170
2
171
1
172
0
 90
2
 40
0.0
 41
0.0
173
1
 91
-1056964608
 92
-2
290
1
 42
2.0
291
1
 43
8.0
  3
Standard
 44
4.0
300

342
29
174
1
175
1
176
0
178
1
 93
-1056964608
 45
4.0
292
0
297
0
 46
4.0
 94
-1056964608
 47
1.0
 49
1.0
140
1.0
294
1
141
0.0
177
0
142
1.0
295
0
296
0
143
3.75
271
0
272
9
273
9
  0
DICTIONARY
  5
2D
330
A
100
AcDbDictionary
280
1
281
1
  3
CREATED_BY_EZDXF
350
2E
  3
WRITTEN_BY_EZDXF
350
383
  0
DICTIONARYVAR
  5
2E
330
2D
100
DictionaryVariables
280
0
  1
1.4.4 @ 2026-10-04T18:50:43.138692+00:00
  0
VISUALSTYLE
  5
5A
102
{ACAD_REACTORS
330
16
102
}
330
16
100
AcDbVisualStyle
  2
2dWireframe
 70
4
177
3
291
0
 70
58
 90
2
176
1
 90
2
176
1
 90
0
176
1
 90
0
176
1
 40
0.6
176
1
 40
30.0
176
1
 62
7
420
16777215
176
1
 90
1
176
1
 90
4
176
1
 62
7
176
1
 62
257
176
1
 90
1
176
1
 90
1
176
1
 40
1.0
176
1
 90
8
176
1
 62
7
176
1
 40
1.0
176
1
 90
1
176
1
 90
6
176
1
 90
2
176
1
 62
7
176
1
 90
5
176
1
 90
0
176
1
 90
0
176
1
290
0
176
1
 90
1
176
1
 40
0.0
176
1
 90
0
176
1
290
1
176
1
290
1
176
1
290
0
176
1
290
0
176
1
290
0
176
1
290
0
176
1
290
0
176
1
290
0
176
1
290
0
176
1
 90
50
176
1
 40
0.0
176
1
 40
1.0
176
1
 90
0
176
1
 62
18
420
0
176
1
 90
50
176
1
 90
3
176
1
 62
5
420
255
176
1
290
0
176
1
 90
50
176
1
 90
50
176
1
 90
50
176
1
290
0
176
1
 90
50
176
1
 62
256
176
0
 40
1.0
176
0
 90
2
176
1
  1
strokes_ogs.tif
176
1
290
0
176
1
 40
1.0
176
1
 40
1.0
176
1
  0
VISUALSTYLE
  5
5B
102
{ACAD_REACTORS
330
16
102
}
330
16
100
AcDbVisualStyle
  2
Basic
 70
7
177
3
291
1
 70
58
 90
2
176
1
 90
2
176
1
 90
0
176
1
 90
1
176
1
 40
0.6
176
1
 40
30.0
176
1
 62
7
420
16777215
176
1
 90
1
176
1
 90
4
176
1
 62
7
176
1
 62
257
176
1
 90
1
176
1
 90
1
176
1
 40
1.0
176
1
 90
8
176
1
 62
7
176
1
 40
1.0
176
1
 90
1
176
1
 90
6
176
1
 90
2
176
1
 62
7
176
1
 90
5
176
1
 90
0
176
1
 90
0
176
1
290
0
176
1
 90
1
176
1
 40
0.0
176
1
 90
0
176
1
290
0
176
1
290
1
176
1
290
1
176
1
290
0
176
1
290
0
176
1
290
0
176
1
290
0
176
1
290
0
176
1
290
0
176
1
 90
50
176
1
 40
0.0
176
1
 40
1.0
176
1
 90
0
176
1
 62
18
420
0
176
1
 90
50
176
1
 90
3
176
1
 62
5
420
255
176
1
290
0
176
1
 90
50
176
1
 90
50
176
1
 90
50
176
1
290
0
176
1
 90
50
176
1
 62
256
176
0
 40
1.0
176
0
 90
2
176
1
  1
strokes_ogs.tif
176
1
290
0
176
1
 40
1.0
176
1
 40
1.0
176
1
  0
VISUALSTYLE
  5
5C
102
{ACAD_REACTORS
330
16
102
}
330
16
100
AcDbVisualStyle
  2
Brighten
 70
12
177
3
291
1
 70
58
 90
2
176
1
 90
2
176
1
 90
0
176
1
 90
2
176
1
 40
0.6
176
1
 40
30.0
176
1
 62
7
420
16777215
176
1
 90
1
176
1
 90
4
176
1
 62
7
176
1
 62
257
176
1
 90
1
176
1
 90
1
176
1
 40
1.0
176
1
 90
8
176
1
 62
7
176
1
 40
1.0
176
1
 90
1
176
1
 90
6
176
1
 90
2
176
1
 62
7
176
1
 90
5
176
1
 90
0
176
1
 90
0
176
1
290
0
176
1
 90
1
176
1
 40
0.0
176
1
 90
0
176
1
290
0
176
1
290
1
176
1
290
1
176
1
290
0
176
1
290
0
176
1
290
0
176
1
290
0
176
1
290
0
176
1
290
0
176
1
 90
50
176
1
 40
0.0
176
1
 40
1.0
176
1
 90
0
176
1
 62
18
420
0
176
1
 90
50
176
1
 90
3
176
1
 62
5
420
255
176
1
290
0
176
1
 90
50
176
1
 90
50
176
1
 90
50
176
1
290
0
176
1
 90
50
176
1
 62
256
176
0
 40
1.0
176
0
 90
2
176
1
  1
strokes_ogs.tif
176
1
290
0
176
1
 40
1.0
176
1
 40
1.0
176
1
  0
VISUALSTYLE
  5
5D
102
{ACAD_REACTORS
330
16
102
}
330
16
100
AcDbVisualStyle
  2
ColorChange
 70
16
177
3
291
1
 70
58
 90
2
176
1
 90
2
176
1
 90
0
176
1
 90
2
176
1
 40
0.6
176
1
 40
30.0
176
1
 62
7
420
16777215
176
1
 90
1
176
1
 90
4
176
1
 62
7
176
1
 62
257
176
1
 90
1
176
1
 90
1
176
1
 40
1.0
176
1
 90
8
176
1
 62
7
176
1
 40
1.0
176
1
 90
1
176
1
 90
6
176
1
 90
2
176
1
 62
7
176
1
 90
5
176
1
 90
0
176
1
 90
0
176
1
290
0
176
1
 90
1
176
1
 40
0.0
176
1
 90
0
176
1
290
0
176
1
290
1
176
1
290
1
176
1
290
0
176
1
290
0
176
1
290
0
176
1
290
0
176
1
290
0
176
1
290
0
176
1
 90
50
176
1
 40
0.0
176
1
 40
1.0
176
1
 90
0
176
1
 62
18
420
0
176
1
 90
50
176
1
 90
3
176
1
 62
5
420
255
176
1
290
0
176
1
 90
50
176
1
 90
50
176
1
 90
50
176
1
290
0
176
1
 90
50
176
1
 62
256
176
0
 40
1.0
176
0
 90
2
176
1
  1
strokes_ogs.tif
176
1
290
0
176
1
 40
1.0
176
1
 40
1.0
176
1
  0
VISUALSTYLE
  5
5E
102
{ACAD_REACTORS
330
16
102
}
330
16
100
AcDbVisualStyle
  2
Conceptual
 70
9
177
3
291
0
 70
58
 90
2
176
1
 90
2
176
1
 90
0
176
1
 90
3
176
1
 40
0.6
176
1
 40
30.0
176
1
 62
7
420
16777215
176
1
 90
1
176
1
 90
4
176
1
 62
7
176
1
 62
257
176
1
 90
1
176
1
 90
1
176
1
 40
1.0
176
1
 90
8
176
1
 62
7
176
1
 40
1.0
176
1
 90
1
176
1
 90
6
176
1
 90
2
176
1
 62
7
176
1
 90
5
176
1
 90
0
176
1
 90
0
176
1
290
0
176
1
 90
1
176
1
 40
0.0
176
1
 90
0
176
1
290
0
176
1
290
1
176
1
290
1
176
1
290
0
176
1
290
0
176
1
290
0
176
1
290
0
176
1
290
0
176
1
290
0
176
1
 90
50
176
1
 40
0.0
176
1
 40
1.0
176
1
 90
0
176
1
 62
18
420
0
176
1
 90
50
176
1
 90
3
176
1
 62
5
420
255
176
1
290
0
176
1
 90
50
176
1
 90
50
176
1
 90
50
176
1
290
0
176
1
 90
50
176
1
 62
256
176
0
 40
1.0
176
0
 90
2
176
1
  1
strokes_ogs.tif
176
1
290
0
176
1
 40
1.0
176
1
 40
1.0
176
1
  0
VISUALSTYLE
  5
5F
102
{ACAD_REACTORS
330
16
102
}
330
16
100
AcDbVisualStyle
  2
Dim
 70
11
177
3
291
1
 70
58
 90
2
176
1
 90
2
176
1
 90
0
176
1
 90
2
176
1
 40
0.6
176
1
 40
30.0
176
1
 62
7
420
16777215
176
1
 90
1
176
1
 90
4
176
1
 62
7
176
1
 62
257
176
1
 90
1
176
1
 90
1
176
1
 40
1.0
176
1
 90
8
176
1
 62
7
176
1
 40
1.0
176
1
 90
1
176
1
 90
6
176
1
 90
2
176
1
 62
7
176
1
 90
5
176
1
 90
0
176
1
 90
0
176
1
290
0
176
1
 90
1
176
1
 40
0.0
176
1
 90
0
176
1
290
0
176
1
290
1
176
1
290
1
176
1
290
0
176
1
290
0
176
1
290
0
176
1
290
0
176
1
290
0
176
1
290
0
176
1
 90
50
176
1
 40
0.0
176
1
 40
1.0
176
1
 90
0
176
1
 62
18
420
0
176
1
 90
50
176
1
 90
3
176
1
 62
5
420
255
176
1
290
0
176
1
 90
50
176
1
 90
50
176
1
 90
50
176
1
290
0
176
1
 90
50
176
1
 62
256
176
0
 40
1.0
176
0
 90
2
176
1
  1
strokes_ogs.tif
176
1
290
0
176
1
 40
1.0
176
1
 40
1.0
176
1
  0
VISUALSTYLE
  5
60
102
{ACAD_REACTORS
330
16
102
}
330
16
100
AcDbVisualStyle
  2
EdgeColorOff
 70
22
177
3
291
1
 70
58
 90
2
176
1
 90
2
176
1
 90
0
176
1
 90
2
176
1
 40
0.6
176
1
 40
30.0
176
1
 62
7
420
16777215
176
1
 90
1
176
1
 90
4
176
1
 62
7
176
1
 62
257
176
1
 90
1
176
1
 90
1
176
1
 40
1.0
176
1
 90
8
176
1
 62
7
176
1
 40
1.0
176
1
 90
1
176
1
 90
6
176
1
 90
2
176
1
 62
7
176
1
 90
5
176
1
 90
0
176
1
 90
0
176
1
290
0
176
1
 90
1
176
1
 40
0.0
176
1
 90
0
176
1
290
0
176
1
290
1
176
1
290
1
176
1
290
0
176
1
290
0
176
1
290
0
176
1
290
0
176
1
290
0
176
1
290
0
176
1
 90
50
176
1
 40
0.0
176
1
 40
1.0
176
1
 90
0
176
1
 62
18
420
0
176
1
 90
50
176
1
 90
3
176
1
 62
5
420
255
176
1
290
0
176
1
 90
50
176
1
 90
50
176
1
 90
50
176
1
290
0
176
1
 90
50
176
1
 62
256
176
0
 40
1.0
176
0
 90
2
176
1
  1
strokes_ogs.tif
176
1
290
0
176
1
 40
1.0
176
1
 40
1.0
176
1
  0
VISUALSTYLE
  5
61
102
{ACAD_REACTORS
330
16
102
}
330
16
100
AcDbVisualStyle
  2
Facepattern
 70
15
177
3
291
1
 70
58
 90
2
176
1
 90
2
176
1
 90
0
176
1
 90
2
176
1
 40
0.6
176
1
 40
30.0
176
1
 62
7
420
16777215
176
1
 90
1
176
1
 90
4
176
1
 62
7
176
1
 62
257
176
1
 90
1
176
1
 90
1
176
1
 40
1.0
176
1
 90
8
176
1
 62
7
176
1
 40
1.0
176
1
 90
1
176
1
 90
6
176
1
 90
2
176
1
 62
7
176
1
 90
5
176
1
 90
0
176
1
 90
0
176
1
290
0
176
1
 90
1
176
1
 40
0.0
176
1
 90
0
176
1
290
0
176
1
290
1
176
1
290
1
176
1
290
0
176
1
290
0
176
1
290
0
176
1
290
0
176
1
290
0
176
1
290
0
176
1
 90
50
176
1
 40
0.0
176
1
 40
1.0
176
1
 90
0
176
1
 62
18
420
0
176
1
 90
50
176
1
 90
3
176
1
 62
5
420
255
176
1
290
0
176
1
 90
50
176
1
 90
50
176
1
 90
50
176
1
290
0
176
1
 90
50
176
1
 62
256
176
0
 40
1.0
176
0
 90
2
176
1
  1
strokes_ogs.tif
176
1
290
0
176
1
 40
1.0
176
1
 40
1.0
176
1
  0
VISUALSTYLE
  5
62
102
{ACAD_REACTORS
330
16
102
}
330
16
100
AcDbVisualStyle
  2
Flat
 70
0
177
3
291
1
 70
58
 90
2
176
1
 90
2
176
1
 90
0
176
1
 90
2
176
1
 40
0.6
176
1
 40
30.0
176
1
 62
7
420
16777215
176
1
 90
1
176
1
 90
4
176
1
 62
7
176
1
 62
257
176
1
 90
1
176
1
 90
1
176
1
 40
1.0
176
1
 90
8
176
1
 62
7
176
1
 40
1.0
176
1
 90
1
176
1
 90
6
176
1
 90
2
176
1
 62
7
176
1
 90
5
176
1
 90
0
176
1
 90
0
176
1
290
0
176
1
 90
1
176
1
 40
0.0
176
1
 90
0
176
1
290
0
176
1
290
1
176
1
290
1
176
1
290
0
176
1
290
0
176
1
290
0
176
1
290
0
176
1
290
0
176
1
290
0
176
1
 90
50
176
1
 40
0.0
176
1
 40
1.0
176
1
 90
0
176
1
 62
18
420
0
176
1
 90
50
176
1
 90
3
176
1
 62
5
420
255
176
1
290
0
176
1
 90
50
176
1
 90
50
176
1
 90
50
176
1
290
0
176
1
 90
50
176
1
 62
256
176
0
 40
1.0
176
0
 90
2
176
1
  1
strokes_ogs.tif
176
1
290
0
176
1
 40
1.0
176
1
 40
1.0
176
1
  0
VISUALSTYLE
  5
63
102
{ACAD_REACTORS
330
16
102
}
330
16
100
AcDbVisualStyle
  2
FlatWithEdges
 70
1
177
3
291
1
 70
58
 90
2
176
1
 90
2
176
1
 90
0
176
1
 90
2
176
1
 40
0.6
176
1
 40
30.0
176
1
 62
7
420
16777215
176
1
 90
1
176
1
 90
4
176
1
 62
7
176
1
 62
257
176
1
 90
1
176
1
 90
1
176
1
 40
1.0
176
1
 90
8
176
1
 62
7
176
1
 40
1.0
176
1
 90
1
176
1
 90
6
176
1
 90
2
176
1
 62
7
176
1
 90
5
176
1
 90
0
176
1
 90
0
176
1
290
0
176
1
 90
1
176
1
 40
0.0
176
1
 90
0
176
1
290
0
176
1
290
1
176
1
290
1
176
1
290
0
176
1
290
0
176
1
290
0
176
1
290
0
176
1
290
0
176
1
290
0
176
1
 90
50
176
1
 40
0.0
176
1
 40
1.0
176
1
 90
0
176
1
 62
18
420
0
176
1
 90
50
176
1
 90
3
176
1
 62
5
420
255
176
1
290
0
176
1
 90
50
176
1
 90
50
176
1
 90
50
176
1
290
0
176
1
 90
50
176
1
 62
256
176
0
 40
1.0
176
0
 90
2
176
1
  1
strokes_ogs.tif
176
1
290
0
176
1
 40
1.0
176
1
 40
1.0
176
1
  0
VISUALSTYLE
  5
64
102
{ACAD_REACTORS
330
16
102
}
330
16
100
AcDbVisualStyle
  2
Gouraud
 70
2
177
3
291
1
 70
58
 90
2
176
1
 90
2
176
1
 90
0
176
1
 90
2
176
1
 40
0.6
176
1
 40
30.0
176
1
 62
7
420
16777215
176
1
 90
1
176
1
 90
4
176
1
 62
7
176
1
 62
257
176
1
 90
1
176
1
 90
1
176
1
 40
1.0
176
1
 90
8
176
1
 62
7
176
1
 40
1.0
176
1
 90
1
176
1
 90
6
176
1
 90
2
176
1
 62
7
176
1
 90
5
176
1
 90
0
176
1
 90
0
176
1
290
0
176
1
 90
1
176
1
 40
0.0
176
1
 90
0
176
1
290
0
176
1
290
1
176
1
290
1
176
1
290
0
176
1
290
0
176
1
290
0
176
1
290
0
176
1
290
0
176
1
290
0
176
1
 90
50
176
1
 40
0.0
176
1
 40
1.0
176
1
 90
0
176
1
 62
18
420
0
176
1
 90
50
176
1
 90
3
176
1
 62
5
420
255
176
1
290
0
176
1
 90
50
176
1
 90
50
176
1
 90
50
176
1
290
0
176
1
 90
50
176
1
 62
256
176
0
 40
1.0
176
0
 90
2
176
1
  1
strokes_ogs.tif
176
1
290
0
176
1
 40
1.0
176
1
 40
1.0
176
1
  0
VISUALSTYLE
  5
65
102
{ACAD_REACTORS
330
16
102
}
330
16
100
AcDbVisualStyle
  2
GouraudWithEdges
 70
3
177
3
291
1
 70
58
 90
2
176
1
 90
2
176
1
 90
0
176
1
 90
2
176
1
 40
0.6
176
1
 40
30.0
176
1
 62
7
420
16777215
176
1
 90
1
176
1
 90
4
176
1
 62
7
176
1
 62
257
176
1
 90
1
176
1
 90
1
176
1
 40
1.0
176
1
 90
8
176
1
 62
7
176
1
 40
1.0
176
1
 90
1
176
1
 90
6
176
1
 90
2
176
1
 62
7
176
1
 90
5
176
1
 90
0
176
1
 90
0
176
1
290
0
176
1
 90
1
176
1
 40
0.0
176
1
 90
0
176
1
290
0
176
1
290
1
176
1
290
1
176
1
290
0
176
1
290
0
176
1
290
0
176
1
290
0
176
1
290
0
176
1
290
0
176
1
 90
50
176
1
 40
0.0
176
1
 40
1.0
176
1
 90
0
176
1
 62
18
420
0
176
1
 90
50
176
1
 90
3
176
1
 62
5
420
255
176
1
290
0
176
1
 90
50
176
1
 90
50
176
1
 90
50
176
1
290
0
176
1
 90
50
176
1
 62
256
176
0
 40
1.0
176
0
 90
2
176
1
  1
strokes_ogs.tif
176
1
290
0
176
1
 40
1.0
176
1
 40
1.0
176
1
  0
VISUALSTYLE
  5
66
102
{ACAD_REACTORS
330
16
102
}
330
16
100
AcDbVisualStyle
  2
Hidden
 70
6
177
3
291
0
 70
58
 90
2
176
1
 90
2
176
1
 90
0
176
1
 90
1
176
1
 40
0.6
176
1
 40
30.0
176
1
 62
7
420
16777215
176
1
 90
1
176
1
 90
4
176
1
 62
7
176
1
 62
257
176
1
 90
1
176
1
 90
1
176
1
 40
1.0
176
1
 90
8
176
1
 62
7
176
1
 40
1.0
176
1
 90
1
176
1
 90
6
176
1
 90
2
176
1
 62
7
176
1
 90
5
176
1
 90
0
176
1
 90
0
176
1
290
0
176
1
 90
1
176
1
 40
0.0
176
1
 90
0
176
1
290
0
176
1
290
1
176
1
290
1
176
1
290
0
176
1
290
0
176
1
290
0
176
1
290
0
176
1
290
0
176
1
290
0
176
1
 90
50
176
1
 40
0.0
176
1
 40
1.0
176
1
 90
0
176
1
 62
18
420
0
176
1
 90
50
176
1
 90
3
176
1
 62
5
420
255
176
1
290
0
176
1
 90
50
176
1
 90
50
176
1
 90
50
176
1
290
0
176
1
 90
50
176
1
 62
256
176
0
 40
1.0
176
0
 90
2
176
1
  1
strokes_ogs.tif
176
1
290
0
176
1
 40
1.0
176
1
 40
1.0
176
1
  0
VISUALSTYLE
  5
67
102
{ACAD_REACTORS
330
16
102
}
330
16
100
AcDbVisualStyle
  2
JitterOff
 70
20
177
3
291
1
 70
58
 90
2
176
1
 90
2
176
1
 90
0
176
1
 90
2
176
1
 40
0.6
176
1
 40
30.0
176
1
 62
7
420
16777215
176
1
 90
1
176
1
 90
4
176
1
 62
7
176
1
 62
257
176
1
 90
1
176
1
 90
1
176
1
 40
1.0
176
1
 90
8
176
1
 62
7
176
1
 40
1.0
176
1
 90
1
176
1
 90
6
176
1
 90
2
176
1
 62
7
176
1
 90
5
176
1
 90
0
176
1
 90
0
176
1
290
0
176
1
 90
1
176
1
 40
0.0
176
1
 90
0
176
1
290
0
176
1
290
1
176
1
290
1
176
1
290
0
176
1
290
0
176
1
290
0
176
1
290
0
176
1
290
0
176
1
290
0
176
1
 90
50
176
1
 40
0.0
176
1
 40
1.0
176
1
 90
0
176
1
 62
18
420
0
176
1
 90
50
176
1
 90
3
176
1
 62
5
420
255
176
1
290
0
176
1
 90
50
176
1
 90
50
176
1
 90
50
176
1
290
0
176
1
 90
50
176
1
 62
256
176
0
 40
1.0
176
0
 90
2
176
1
  1
strokes_ogs.tif
176
1
290
0
176
1
 40
1.0
176
1
 40
1.0
176
1
  0
VISUALSTYLE
  5
68
102
{ACAD_REACTORS
330
16
102
}
330
16
100
AcDbVisualStyle
  2
Linepattern
 70
14
177
3
291
1
 70
58
 90
2
176
1
 90
2
176
1
 90
0
176
1
 90
2
176
1
 40
0.6
176
1
 40
30.0
176
1
 62
7
420
16777215
176
1
 90
1
176
1
 90
4
176
1
 62
7
176
1
 62
257
176
1
 90
1
176
1
 90
1
176
1
 40
1.0
176
1
 90
8
176
1
 62
7
176
1
 40
1.0
176
1
 90
1
176
1
 90
6
176
1
 90
2
176
1
 62
7
176
1
 90
5
176
1
 90
0
176
1
 90
0
176
1
290
0
176
1
 90
1
176
1
 40
0.0
176
1
 90
0
176
1
290
0
176
1
290
1
176
1
290
1
176
1
290
0
176
1
290
0
176
1
290
0
176
1
290
0
176
1
290
0
176
1
290
0
176
1
 90
50
176
1
 40
0.0
176
1
 40
1.0
176
1
 90
0
176
1
 62
18
420
0
176
1
 90
50
176
1
 90
3
176
1
 62
5
420
255
176
1
290
0
176
1
 90
50
176
1
 90
50
176
1
 90
50
176
1
290
0
176
1
 90
50
176
1
 62
256
176
0
 40
1.0
176
0
 90
2
176
1
  1
strokes_ogs.tif
176
1
290
0
176
1
 40
1.0
176
1
 40
1.0
176
1
  0
VISUALSTYLE
  5
69
102
{ACAD_REACTORS
330
16
102
}
330
16
100
AcDbVisualStyle
  2
Modeling
 70
10
177
3
291
0
 70
58
 90
2
176
1
 90
2
176
1
 90
0
176
1
 90
2
176
1
 40
0.6
176
1
 40
30.0
176
1
 62
7
420
16777215
176
1
 90
1
176
1
 90
4
176
1
 62
7
176
1
 62
257
176
1
 90
1
176
1
 90
1
176
1
 40
1.0
176
1
 90
8
176
1
 62
7
176
1
 40
1.0
176
1
 90
1
176
1
 90
6
176
1
 90
2
176
1
 62
7
176
1
 90
5
176
1
 90
0
176
1
 90
0
176
1
290
0
176
1
 90
1
176
1
 40
0.0
176
1
 90
0
176
1
290
0
176
1
290
1
176
1
290
1
176
1
290
0
176
1
290
0
176
1
290
0
176
1
290
0
176
1
290
0
176
1
290
0
176
1
 90
50
176
1
 40
0.0
176
1
 40
1.0
176
1
 90
0
176
1
 62
18
420
0
176
1
 90
50
176
1
 90
3
176
1
 62
5
420
255
176
1
290
0
176
1
 90
50
176
1
 90
50
176
1
 90
50
176
1
290
0
176
1
 90
50
176
1
 62
256
176
0
 40
1.0
176
0
 90
2
176
1
  1
strokes_ogs.tif
176
1
290
0
176
1
 40
1.0
176
1
 40
1.0
176
1
  0
VISUALSTYLE
  5
6A
102
{ACAD_REACTORS
330
16
102
}
330
16
100
AcDbVisualStyle
  2
OverhangOff
 70
21
177
3
291
1
 70
58
 90
2
176
1
 90
2
176
1
 90
0
176
1
 90
2
176
1
 40
0.6
176
1
 40
30.0
176
1
 62
7
420
16777215
176
1
 90
1
176
1
 90
4
176
1
 62
7
176
1
 62
257
176
1
 90
1
176
1
 90
1
176
1
 40
1.0
176
1
 90
8
176
1
 62
7
176
1
 40
1.0
176
1
 90
1
176
1
 90
6
176
1
 90
2
176
1
 62
7
176
1
 90
5
176
1
 90
0
176
1
 90
0
176
1
290
0
176
1
 90
1
176
1
 40
0.0
176
1
 90
0
176
1
290
0
176
1
290
1
176
1
290
1
176
1
290
0
176
1
290
0
176
1
290
0
176
1
290
0
176
1
290
0
176
1
290
0
176
1
 90
50
176
1
 40
0.0
176
1
 40
1.0
176
1
 90
0
176
1
 62
18
420
0
176
1
 90
50
176
1
 90
3
176
1
 62
5
420
255
176
1
290
0
176
1
 90
50
176
1
 90
50
176
1
 90
50
176
1
290
0
176
1
 90
50
176
1
 62
256
176
0
 40
1.0
176
0
 90
2
176
1
  1
strokes_ogs.tif
176
1
290
0
176
1
 40
1.0
176
1
 40
1.0
176
1
  0
VISUALSTYLE
  5
6B
102
{ACAD_REACTORS
330
16
102
}
330
16
100
AcDbVisualStyle
  2
Realistic
 70
8
177
3
291
0
 70
58
 90
2
176
1
 90
2
176
1
 90
0
176
1
 90
2
176
1
 40
0.6
176
1
 40
30.0
176
1
 62
7
420
16777215
176
1
 90
1
176
1
 90
4
176
1
 62
7
176
1
 62
257
176
1
 90
1
176
1
 90
1
176
1
 40
1.0
176
1
 90
8
176
1
 62
7
176
1
 40
1.0
176
1
 90
1
176
1
 90
6
176
1
 90
2
176
1
 62
7
176
1
 90
5
176
1
 90
0
176
1
 90
0
176
1
290
0
176
1
 90
1
176
1
 40
0.0
176
1
 90
0
176
1
290
0
176
1
290
1
176
1
290
1
176
1
290
0
176
1
290
0
176
1
290
0
176
1
290
0
176
1
290
0
176
1
290
0
176
1
 90
50
176
1
 40
0.0
176
1
 40
1.0
176
1
 90
0
176
1
 62
18
420
0
176
1
 90
50
176
1
 90
3
176
1
 62
5
420
255
176
1
290
0
176
1
 90
50
176
1
 90
50
176
1
 90
50
176
1
290
0
176
1
 90
50
176
1
 62
256
176
0
 40
1.0
176
0
 90
2
176
1
  1
strokes_ogs.tif
176
1
290
0
176
1
 40
1.0
176
1
 40
1.0
176
1
  0
VISUALSTYLE
  5
6C
102
{ACAD_REACTORS
330
16
102
}
330
16
100
AcDbVisualStyle
  2
Shaded
 70
27
177
3
291
0
 70
58
 90
2
176
1
 90
2
176
1
 90
0
176
1
 90
2
176
1
 40
0.6
176
1
 40
30.0
176
1
 62
7
420
16777215
176
1
 90
1
176
1
 90
4
176
1
 62
7
176
1
 62
257
176
1
 90
1
176
1
 90
1
176
1
 40
1.0
176
1
 90
8
176
1
 62
7
176
1
 40
1.0
176
1
 90
1
176
1
 90
6
176
1
 90
2
176
1
 62
7
176
1
 90
5
176
1
 90
0
176
1
 90
0
176
1
290
0
176
1
 90
1
176
1
 40
0.0
176
1
 90
0
176
1
290
0
176
1
290
1
176
1
290
1
176
1
290
0
176
1
290
0
176
1
290
0
176
1
290
0
176
1
290
0
176
1
290
0
176
1
 90
50
176
1
 40
0.0
176
1
 40
1.0
176
1
 90
0
176
1
 62
18
420
0
176
1
 90
50
176
1
 90
3
176
1
 62
5
420
255
176
1
290
0
176
1
 90
50
176
1
 90
50
176
1
 90
50
176
1
290
0
176
1
 90
50
176
1
 62
256
176
0
 40
1.0
176
0
 90
2
176
1
  1
strokes_ogs.tif
176
1
290
0
176
1
 40
1.0
176
1
 40
1.0
176
1
  0
VISUALSTYLE
  5
6D
102
{ACAD_REACTORS
330
16
102
}
330
16
100
AcDbVisualStyle
  2
Shaded with edges
 70
26
177
3
291
0
 70
58
 90
2
176
1
 90
2
176
1
 90
0
176
1
 90
2
176
1
 40
0.6
176
1
 40
30.0
176
1
 62
7
420
16777215
176
1
 90
1
176
1
 90
4
176
1
 62
7
176
1
 62
257
176
1
 90
1
176
1
 90
1
176
1
 40
1.0
176
1
 90
8
176
1
 62
7
176
1
 40
1.0
176
1
 90
1
176
1
 90
6
176
1
 90
2
176
1
 62
7
176
1
 90
5
176
1
 90
0
176
1
 90
0
176
1
290
0
176
1
 90
1
176
1
 40
0.0
176
1
 90
0
176
1
290
0
176
1
290
1
176
1
290
1
176
1
290
0
176
1
290
0
176
1
290
0
176
1
290
0
176
1
290
0
176
1
290
0
176
1
 90
50
176
1
 40
0.0
176
1
 40
1.0
176
1
 90
0
176
1
 62
18
420
0
176
1
 90
50
176
1
 90
3
176
1
 62
5
420
255
176
1
290
0
176
1
 90
50
176
1
 90
50
176
1
 90
50
176
1
290
0
176
1
 90
50
176
1
 62
256
176
0
 40
1.0
176
0
 90
2
176
1
  1
strokes_ogs.tif
176
1
290
0
176
1
 40
1.0
176
1
 40
1.0
176
1
  0
VISUALSTYLE
  5
6E
102
{ACAD_REACTORS
330
16
102
}
330
16
100
AcDbVisualStyle
  2
Shades of Gray
 70
23
177
3
291
0
 70
58
 90
2
176
1
 90
2
176
1
 90
0
176
1
 90
2
176
1
 40
0.6
176
1
 40
30.0
176
1
 62
7
420
16777215
176
1
 90
1
176
1
 90
4
176
1
 62
7
176
1
 62
257
176
1
 90
1
176
1
 90
1
176
1
 40
1.0
176
1
 90
8
176
1
 62
7
176
1
 40
1.0
176
1
 90
1
176
1
 90
6
176
1
 90
2
176
1
 62
7
176
1
 90
5
176
1
 90
0
176
1
 90
0
176
1
290
0
176
1
 90
1
176
1
 40
0.0
176
1
 90
0
176
1
290
0
176
1
290
1
176
1
290
1
176
1
290
0
176
1
290
0
176
1
290
0
176
1
290
0
176
1
290
0
176
1
290
0
176
1
 90
50
176
1
 40
0.0
176
1
 40
1.0
176
1
 90
0
176
1
 62
18
420
0
176
1
 90
50
176
1
 90
3
176
1
 62
5
420
255
176
1
290
0
176
1
 90
50
176
1
 90
50
176
1
 90
50
176
1
290
0
176
1
 90
50
176
1
 62
256
176
0
 40
1.0
176
0
 90
2
176
1
  1
strokes_ogs.tif
176
1
290
0
176
1
 40
1.0
176
1
 40
1.0
176
1
  0
VISUALSTYLE
  5
6F
102
{ACAD_REACTORS
330
16
102
}
330
16
100
AcDbVisualStyle
  2
Sketchy
 70
24
177
3
291
0
 70
58
 90
2
176
1
 90
2
176
1
 90
0
176
1
 90
1
176
1
 40
0.6
176
1
 40
30.0
176
1
 62
7
420
16777215
176
1
 90
1
176
1
 90
4
176
1
 62
7
176
1
 62
257
176
1
 90
1
176
1
 90
1
176
1
 40
1.0
176
1
 90
8
176
1
 62
7
176
1
 40
1.0
176
1
 90
1
176
1
 90
6
176
1
 90
2
176
1
 62
7
176
1
 90
5
176
1
 90
0
176
1
 90
0
176
1
290
0
176
1
 90
1
176
1
 40
0.0
176
1
 90
0
176
1
290
0
176
1
290
1
176
1
290
1
176
1
290
0
176
1
290
0
176
1
290
0
176
1
290
0
176
1
290
0
176
1
290
0
176
1
 90
50
176
1
 40
0.0
176
1
 40
1.0
176
1
 90
0
176
1
 62
18
420
0
176
1
 90
50
176
1
 90
3
176
1
 62
5
420
255
176
1
290
0
176
1
 90
50
176
1
 90
50
176
1
 90
50
176
1
290
0
176
1
 90
50
176
1
 62
256
176
0
 40
1.0
176
0
 90
2
176
1
  1
strokes_ogs.tif
176
1
290
0
176
1
 40
1.0
176
1
 40
1.0
176
1
  0
VISUALSTYLE
  5
70
102
{ACAD_REACTORS
330
16
102
}
330
16
100
AcDbVisualStyle
  2
Thicken
 70
13
177
3
291
1
 70
58
 90
2
176
1
 90
2
176
1
 90
0
176
1
 90
2
176
1
 40
0.6
176
1
 40
30.0
176
1
 62
7
420
16777215
176
1
 90
1
176
1
 90
4
176
1
 62
7
176
1
 62
257
176
1
 90
1
176
1
 90
1
176
1
 40
1.0
176
1
 90
8
176
1
 62
7
176
1
 40
1.0
176
1
 90
1
176
1
 90
6
176
1
 90
2
176
1
 62
7
176
1
 90
5
176
1
 90
0
176
1
 90
0
176
1
290
0
176
1
 90
1
176
1
 40
0.0
176
1
 90
0
176
1
290
0
176
1
290
1
176
1
290
1
176
1
290
0
176
1
290
0
176
1
290
0
176
1
290
0
176
1
290
0
176
1
290
0
176
1
 90
50
176
1
 40
0.0
176
1
 40
1.0
176
1
 90
0
176
1
 62
18
420
0
176
1
 90
50
176
1
 90
3
176
1
 62
5
420
255
176
1
290
0
176
1
 90
50
176
1
 90
50
176
1
 90
50
176
1
290
0
176
1
 90
50
176
1
 62
256
176
0
 40
1.0
176
0
 90
2
176
1
  1
strokes_ogs.tif
176
1
290
0
176
1
 40
1.0
176
1
 40
1.0
176
1
  0
VISUALSTYLE
  5
71
102
{ACAD_REACTORS
330
16
102
}
330
16
100
AcDbVisualStyle
  2
Wireframe
 70
5
177
3
291
0
 70
58
 90
2
176
1
 90
2
176
1
 90
0
176
1
 90
0
176
1
 40
0.6
176
1
 40
30.0
176
1
 62
7
420
16777215
176
1
 90
1
176
1
 90
4
176
1
 62
7
176
1
 62
257
176
1
 90
1
176
1
 90
1
176
1
 40
1.0
176
1
 90
8
176
1
 62
7
176
1
 40
1.0
176
1
 90
1
176
1
 90
6
176
1
 90
2
176
1
 62
7
176
1
 90
5
176
1
 90
0
176
1
 90
0
176
1
290
0
176
1
 90
1
176
1
 40
0.0
176
1
 90
0
176
1
290
0
176
1
290
1
176
1
290
1
176
1
290
0
176
1
290
0
176
1
290
0
176
1
290
0
176
1
290
0
176
1
290
0
176
1
 90
50
176
1
 40
0.0
176
1
 40
1.0
176
1
 90
0
176
1
 62
18
420
0
176
1
 90
50
176
1
 90
3
176
1
 62
5
420
255
176
1
290
0
176
1
 90
50
176
1
 90
50
176
1
 90
50
176
1
290
0
176
1
 90
50
176
1
 62
256
176
0
 40
1.0
176
0
 90
2
176
1
  1
strokes_ogs.tif
176
1
290
0
176
1
 40
1.0
176
1
 40
1.0
176
1
  0
VISUALSTYLE
  5
72
102
{ACAD_REACTORS
330
16
102
}
330
16
100
AcDbVisualStyle
  2
X-Ray
 70
25
177
3
291
0
 70
58
 90
2
176
1
 90
2
176
1
 90
0
176
1
 90
2
176
1
 40
0.5
176
1
 40
30.0
176
1
 62
7
420
16777215
176
1
 90
1
176
1
 90
4
176
1
 62
7
176
1
 62
257
176
1
 90
1
176
1
 90
1
176
1
 40
1.0
176
1
 90
8
176
1
 62
7
176
1
 40
1.0
176
1
 90
1
176
1
 90
6
176
1
 90
2
176
1
 62
7
176
1
 90
5
176
1
 90
0
176
1
 90
0
176
1
290
0
176
1
 90
1
176
1
 40
0.0
176
1
 90
0
176
1
290
0
176
1
290
1
176
1
290
1
176
1
290
0
176
1
290
0
176
1
290
0
176
1
290
0
176
1
290
0
176
1
290
0
176
1
 90
50
176
1
 40
0.0
176
1
 40
1.0
176
1
 90
0
176
1
 62
18
420
0
176
1
 90
50
176
1
 90
3
176
1
 62
5
420
255
176
1
290
0
176
1
 90
50
176
1
 90
50
176
1
 90
50
176
1
290
0
176
1
 90
50
176
1
 62
256
176
0
 40
1.0
176
0
 90
2
176
1
  1
strokes_ogs.tif
176
1
290
0
176
1
 40
1.0
176
1
 40
1.0
176
1
  0
DICTIONARYVAR
  5
383
330
2D
100
DictionaryVariables
280
0
  1
1.4.4 @ 2026-10-04T18:50:44.530663+00:00
  0
ENDSEC
  0
EOF
