  0
SECTION
  2
HEADER
  9
$ACADVER
  1
AC1032
  9
$ACADMAINTVER
 90
4
  9
$DWGCODEPAGE
  3
ANSI_1252
  9
$LASTSAVEDBY
  1
ezdxf
  9
$REQUIREDVERSIONS
160
0
  9
$INSBASE
 10
0.0
 20
0.0
 30
0.0
  9
$EXTMIN
 10
1e+20
 20
1e+20
 30
1e+20
  9
$EXTMAX
 10
-1e+20
 20
-1e+20
 30
-1e+20
  9
$LIMMIN
 10
0.0
 20
0.0
  9
$LIMMAX
 10
420.0
 20
297.0
  9
$ORTHOMODE
 70
0
  9
$REGENMODE
 70
1
  9
$FILLMODE
 70
1
  9
$QTEXTMODE
 70
0
  9
$MIRRTEXT
 70
1
  9
$LTSCALE
 40
1.0
  9
$ATTMODE
 70
1
  9
$TEXTSIZE
 40
2.5
  9
$TRACEWID
 40
1.0
  9
$TEXTSTYLE
  7
OpenSans
  9
$CLAYER
  8
0
  9
$CELTYPE
  6
ByLayer
  9
$CECOLOR
 62
256
  9
$CELTSCALE
 40
1.0
  9
$DISPSILH
 70
0
  9
$DIMSCALE
 40
1.0
  9
$DIMASZ
 40
0.175
  9
$DIMEXO
 40
0.125
  9
$DIMDLI
 40
3.75
  9
$DIMRND
 40
0.0
  9
$DIMDLE
 40
0.0
  9
$DIMEXE
 40
0.375
  9
$DIMTP
 40
0.0
  9
$DIMTM
 40
0.0
  9
$DIMTXT
 40
0.25
  9
$DIMCEN
 40
2.5
  9
$DIMTSZ
 40
0.0
  9
$DIMTOL
 70
0
  9
$DIMLIM
 70
0
  9
$DIMTIH
 70
0
  9
$DIMTOH
 70
0
  9
$DIMSE1
 70
0
  9
$DIMSE2
 70
0
  9
$DIMTAD
 70
1
  9
$DIMZIN
 70
12
  9
$DIMBLK
  1
ARCHTICK
  9
$DIMASO
 70
1
  9
$DIMSHO
 70
1
  9
$DIMPOST
  1

  9
$DIMAPOST
  1

  9
$DIMALT
 70
0
  9
$DIMALTD
 70
3
  9
$DIMALTF
 40
0.03937007874
  9
$DIMLFAC
 40
100.0
  9
$DIMTOFL
 70
1
  9
$DIMTVP
 40
0.0
  9
$DIMTIX
 70
0
  9
$DIMSOXD
 70
0
  9
$DIMSAH
 70
0
  9
$DIMBLK1
  1

  9
$DIMBLK2
  1

  9
$DIMSTYLE
  2
EZDXF
  9
$DIMCLRD
 70
0
  9
$DIMCLRE
 70
0
  9
$DIMCLRT
 70
0
  9
$DIMTFAC
 40
0.5
  9
$DIMGAP
 40
0.1
  9
$DIMJUST
 70
0
  9
$DIMSD1
 70
0
  9
$DIMSD2
 70
0
  9
$DIMTOLJ
 70
0
  9
$DIMTZIN
 70
8
  9
$DIMALTZ
 70
0
  9
$DIMALTTZ
 70
0
  9
$DIMUPT
 70
1
  9
$DIMDEC
 70
2
  9
$DIMTDEC
 70
2
  9
$DIMALTU
 70
2
  9
$DIMALTTD
 70
3
  9
$DIMTXSTY
  7
OpenSansCondensed-Light
  9
$DIMAUNIT
 70
0
  9
$DIMADEC
 70
2
  9
$DIMALTRND
 40
0.0
  9
$DIMAZIN
 70
3
  9
$DIMDSEP
 70
46
  9
$DIMATFIT
 70
3
  9
$DIMFRAC
 70
0
  9
$DIMLDRBLK
  1

  9
$DIMLUNIT
 70
2
  9
$DIMLWD
 70
-2
  9
$DIMLWE
 70
-2
  9
$DIMTMOVE
 70
2
  9
$DIMFXL
 40
1.0
  9
$DIMFXLON
 70
0
  9
$DIMJOGANG
 40
0.785398163397
  9
$DIMTFILL
 70
0
  9
$DIMTFILLCLR
 70
0
  9
$DIMARCSYM
 70
0
  9
$DIMLTYPE
  6

  9
$DIMLTEX1
  6

  9
$DIMLTEX2
  6

  9
$DIMTXTDIRECTION
 70
0
  9
$LUNITS
 70
2
  9
$LUPREC
 70
4
  9
$SKETCHINC
 40
1.0
  9
$FILLETRAD
 40
10.0
  9
$AUNITS
 70
0
  9
$AUPREC
 70
2
  9
$MENU
  1
.
  9
$ELEVATION
 40
0.0
  9
$PELEVATION
 40
0.0
  9
$THICKNESS
 40
0.0
  9
$LIMCHECK
 70
0
  9
$CHAMFERA
 40
0.0
  9
$CHAMFERB
 40
0.0
  9
$CHAMFERC
 40
0.0
  9
$CHAMFERD
 40
0.0
  9
$SKPOLY
 70
0
  9
$TDCREATE
 40
2461318.7852314813
  9
$TDUCREATE
 40
2458532.153996898
  9
$TDUPDATE
 40
2461318.78525463
  9
$TDUUPDATE
 40
2458532.1544311
  9
$TDINDWG
 40
0.0
  9
$TDUSRTIMER
 40
0.0
  9
$USRTIMER
 70
1
  9
$ANGBASE
 50
0.0
  9
$ANGDIR
 70
0
  9
$PDMODE
 70
0
  9
$PDSIZE
 40
0.0
  9
$PLINEWID
 40
0.0
  9
$SPLFRAME
 70
0
  9
$SPLINETYPE
 70
6
  9
$SPLINESEGS
 70
8
  9
$HANDSEED
  5
389
  9
$SURFTAB1
 70
6
  9
$SURFTAB2
 70
6
  9
$SURFTYPE
 70
6
  9
$SURFU
 70
6
  9
$SURFV
 70
6
  9
$UCSBASE
  2

  9
$UCSNAME
  2

  9
$UCSORG
 10
0.0
 20
0.0
 30
0.0
  9
$UCSXDIR
 10
1.0
 20
0.0
 30
0.0
  9
$UCSYDIR
 10
0.0
 20
1.0
 30
0.0
  9
$UCSORTHOREF
  2

  9
$UCSORTHOVIEW
 70
0
  9
$UCSORGTOP
 10
0.0
 20
0.0
 30
0.0
  9
$UCSORGBOTTOM
 10
0.0
 20
0.0
 30
0.0
  9
$UCSORGLEFT
 10
0.0
 20
0.0
 30
0.0
  9
$UCSORGRIGHT
 10
0.0
 20
0.0
 30
0.0
  9
$UCSORGFRONT
 10
0.0
 20
0.0
 30
0.0
  9
$UCSORGBACK
 10
0.0
 20
0.0
 30
0.0
  9
$PUCSBASE
  2

  9
$PUCSNAME
  2

  9
$PUCSORG
 10
0.0
 20
0.0
 30
0.0
  9
$PUCSXDIR
 10
1.0
 20
0.0
 30
0.0
  9
$PUCSYDIR
 10
0.0
 20
1.0
 30
0.0
  9
$PUCSORTHOREF
  2

  9
$PUCSORTHOVIEW
 70
0
  9
$PUCSORGTOP
 10
0.0
 20
0.0
 30
0.0
  9
$PUCSORGBOTTOM
 10
0.0
 20
0.0
 30
0.0
  9
$PUCSORGLEFT
 10
0.0
 20
0.0
 30
0.0
  9
$PUCSORGRIGHT
 10
0.0
 20
0.0
 30
0.0
  9
$PUCSORGFRONT
 10
0.0
 20
0.0
 30
0.0
  9
$PUCSORGBACK
 10
0.0
 20
0.0
 30
0.0
  9
$USERI1
 70
0
  9
$USERI2
 70
0
  9
$USERI3
 70
0
  9
$USERI4
 70
0
  9
$USERI5
 70
0
  9
$USERR1
 40
0.0
  9
$USERR2
 40
0.0
  9
$USERR3
 40
0.0
  9
$USERR4
 40
0.0
  9
$USERR5
 40
0.0
  9
$WORLDVIEW
 70
1
  9
$SHADEDGE
 70
3
  9
$SHADEDIF
 70
70
  9
$TILEMODE
 70
1
  9
$MAXACTVP
 70
64
  9
$PINSBASE
 10
0.0
 20
0.0
 30
0.0
  9
$PLIMCHECK
 70
0
  9
$PEXTMIN
 10
1e+20
 20
1e+20
 30
1e+20
  9
$PEXTMAX
 10
-1e+20
 20
-1e+20
 30
-1e+20
  9
$PLIMMIN
 10
0.0
 20
0.0
  9
$PLIMMAX
 10
420.0
 20
297.0
  9
$UNITMODE
 70
0
  9
$VISRETAIN
 70
1
  9
$PLINEGEN
 70
0
  9
$PSLTSCALE
 70
1
  9
$TREEDEPTH
 70
3020
  9
$CMLSTYLE
  2
Standard
  9
$CMLJUST
 70
0
  9
$CMLSCALE
 40
20.0
  9
$PROXYGRAPHICS
 70
1
  9
$MEASUREMENT
 70
1
  9
$CELWEIGHT
370
-1
  9
$ENDCAPS
280
0
  9
$JOINSTYLE
280
0
  9
$LWDISPLAY
290
0
  9
$INSUNITS
 70
6
  9
$HYPERLINKBASE
  1

  9
$STYLESHEET
  1

  9
$XEDIT
290
1
  9
$CEPSNTYPE
380
0
  9
$PSTYLEMODE
290
1
  9
$FINGERPRINTGUID
  2
{AD679759-D03C-4E44-B6F5-86ADCBCB5A90}
  9
$VERSIONGUID
  2
{D3EA012A-2EEC-4FA0-9DA3-704FF614A4CA}
  9
$EXTNAMES
290
1
  9
$PSVPSCALE
 40
0.0
  9
$OLESTARTUP
290
0
  9
$SORTENTS
280
127
  9
$INDEXCTL
280
0
  9
$HIDETEXT
280
1
  9
$XCLIPFRAME
280
1
  9
$HALOGAP
280
0
  9
$OBSCOLOR
 70
257
  9
$OBSLTYPE
280
0
  9
$INTERSECTIONDISPLAY
280
0
  9
$INTERSECTIONCOLOR
 70
257
  9
$DIMASSOC
280
2
  9
$PROJECTNAME
  1

  9
$CAMERADISPLAY
290
0
  9
$LENSLENGTH
 40
50.0
  9
$CAMERAHEIGHT
 40
0.0
  9
$STEPSPERSEC
 40
24.0
  9
$STEPSIZE
 40
100.0
  9
$3DDWFPREC
 40
2.0
  9
$PSOLWIDTH
 40
0.005
  9
$PSOLHEIGHT
 40
0.08
  9
$LOFTANG1
 40
1.570796326795
  9
$LOFTANG2
 40
1.570796326795
  9
$LOFTMAG1
 40
0.0
  9
$LOFTMAG2
 40
0.0
  9
$LOFTPARAM
 70
7
  9
$LOFTNORMALS
280
1
  9
$LATITUDE
 40
37.795
  9
$LONGITUDE
 40
-122.394
  9
$NORTHDIRECTION
 40
0.0
  9
$TIMEZONE
 70
-8000
  9
$LIGHTGLYPHDISPLAY
280
1
  9
$TILEMODELIGHTSYNCH
280
1
  9
$CMATERIAL
347
20
  9
$SOLIDHIST
280
0
  9
$SHOWHIST
280
1
  9
$DWFFRAME
280
2
  9
$DGNFRAME
280
2
  9
$REALWORLDSCALE
290
1
  9
$INTERFERECOLOR
 62
256
  9
$CSHADOW
280
0
  9
$SHADOWPLANELOCATION
 40
0.0
  0
ENDSEC
  0
SECTION
  2
CLASSES
  0
CLASS
  1
ACDBDICTIONARYWDFLT
  2
AcDbDictionaryWithDefault
  3
ObjectDBX Classes
 90
0
 91
0
280
0
281
0
  0
CLASS
  1
SUN
  2
AcDbSun
  3
SCENEOE
 90
1153
 91
0
280
0
281
0
  0
CLASS
  1
VISUALSTYLE
  2
AcDbVisualStyle
  3
ObjectDBX Classes
 90
4095
 91
0
280
0
281
0
  0
CLASS
  1
MATERIAL
  2
AcDbMaterial
  3
ObjectDBX Classes
 90
1153
 91
0
280
0
281
0
  0
CLASS
  1
SCALE
  2
AcDbScale
  3
ObjectDBX Classes
 90
1153
 91
0
280
0
281
0
  0
CLASS
  1
TABLESTYLE
  2
AcDbTableStyle
  3
ObjectDBX Classes
 90
4095
 91
0
280
0
281
0
  0
CLASS
  1
MLEADERSTYLE
  2
AcDbMLeaderStyle
  3
ACDB_MLEADERSTYLE_CLASS
 90
4095
 91
0
280
0
281
0
  0
CLASS
  1
DICTIONARYVAR
  2
AcDbDictionaryVar
  3
ObjectDBX Classes
 90
0
 91
0
280
0
281
0
  0
CLASS
  1
CELLSTYLEMAP
  2
AcDbCellStyleMap
  3
ObjectDBX Classes
 90
1152
 91
0
280
0
281
0
  0
CLASS
  1
MENTALRAYRENDERSETTINGS
  2
AcDbMentalRayRenderSettings
  3
SCENEOE
 90
1024
 91
0
280
0
281
0
  0
CLASS
  1
ACDBDETAILVIEWSTYLE
  2
AcDbDetailViewStyle
  3
ObjectDBX Classes
 90
1025
 91
0
280
0
281
0
  0
CLASS
  1
ACDBSECTIONVIEWSTYLE
  2
AcDbSectionViewStyle
  3
ObjectDBX Classes
 90
1025
 91
0
280
0
281
0
  0
CLASS
  1
RASTERVARIABLES
  2
AcDbRasterVariables
  3
ISM
 90
0
 91
0
280
0
281
0
  0
CLASS
  1
ACDBPLACEHOLDER
  2
AcDbPlaceHolder
  3
ObjectDBX Classes
 90
0
 91
0
280
0
281
0
  0
CLASS
  1
LAYOUT
  2
AcDbLayout
  3
ObjectDBX Classes
 90
0
 91
0
280
0
281
0
  0
ENDSEC
  0
SECTION
  2
TABLES
  0
TABLE
  2
VPORT
  5
8
330
0
100
AcDbSymbolTable
 70
1
  0
VPORT
  5
23
330
8
100
AcDbSymbolTableRecord
100
AcDbViewportTableRecord
  2
*Active
 70
0
 10
0.0
 20
0.0
 11
1.0
 21
1.0
 12
0.0
 22
0.0
 13
0.0
 23
0.0
 14
0.5
 24
0.5
 15
0.5
 25
0.5
 16
0.0
 26
0.0
 36
1.0
 17
0.0
 27
0.0
 37
0.0
 40
1000.0
 41
1.34
 42
50.0
 43
0.0
 44
0.0
 50
0.0
 51
0.0
 71
0
 72
1000
 73
1
 74
3
 75
0
 76
0
 77
0
 78
0
281
0
 65
0
146
0.0
  0
ENDTAB
  0
TABLE
  2
LTYPE
  5
2
330
0
100
AcDbSymbolTable
 70
21
  0
LTYPE
  5
24
330
2
100
AcDbSymbolTableRecord
100
AcDbLinetypeTableRecord
  2
ByBlock
 70
0
  3

 72
65
 73
0
 40
0.0
  0
LTYPE
  5
25
330
2
100
AcDbSymbolTableRecord
100
AcDbLinetypeTableRecord
  2
ByLayer
 70
0
  3

 72
65
 73
0
 40
0.0
  0
LTYPE
  5
26
330
2
100
AcDbSymbolTableRecord
100
AcDbLinetypeTableRecord
  2
Continuous
 70
0
  3

 72
65
 73
0
 40
0.0
  0
LTYPE
  5
2F
330
2
100
AcDbSymbolTableRecord
100
AcDbLinetypeTableRecord
  2
CENTER
 70
0
  3
Center ____ _ ____ _ ____ _ ____ _ ____ _ ____
 72
65
 73
4
 40
5.08
 49
3.175
 74
0
 49
-0.635
 74
0
 49
0.635
 74
0
 49
-0.635
 74
0
  0
LTYPE
  5
30
330
2
100
AcDbSymbolTableRecord
100
AcDbLinetypeTableRecord
  2
CENTERX2
 70
0
  3
Center (2x) ________  __  ________  __  ________
 72
65
 73
4
 40
8.89
 49
6.35
 74
0
 49
-0.635
 74
0
 49
1.27
 74
0
 49
-0.635
 74
0
  0
LTYPE
  5
31
330
2
100
AcDbSymbolTableRecord
100
AcDbLinetypeTableRecord
  2
CENTER2
 70
0
  3
Center (.5x) ____ _ ____ _ ____ _ ____ _ ____
 72
65
 73
4
 40
2.54
 49
1.587
 74
0
 49
-0.318
 74
0
 49
0.318
 74
0
 49
-0.318
 74
0
  0
LTYPE
  5
32
330
2
100
AcDbSymbolTableRecord
100
AcDbLinetypeTableRecord
  2
DASHED
 70
0
  3
Dashed __ __ __ __ __ __ __ __ __ __ __ __ __ _
 72
65
 73
2
 40
1.524
 49
1.27
 74
0
 49
-0.254
 74
0
  0
LTYPE
  5
33
330
2
100
AcDbSymbolTableRecord
100
AcDbLinetypeTableRecord
  2
DASHEDX2
 70
0
  3
Dashed (2x) ____  ____  ____  ____  ____  ____
 72
65
 73
2
 40
3.048
 49
2.54
 74
0
 49
-0.508
 74
0
  0
LTYPE
  5
34
330
2
100
AcDbSymbolTableRecord
100
AcDbLinetypeTableRecord
  2
DASHED2
 70
0
  3
Dashed (.5x) _ _ _ _ _ _ _ _ _ _ _ _ _ _
 72
65
 73
2
 40
0.762
 49
0.635
 74
0
 49
-0.127
 74
0
  0
LTYPE
  5
35
330
2
100
AcDbSymbolTableRecord
100
AcDbLinetypeTableRecord
  2
PHANTOM
 70
0
  3
Phantom ______  __  __  ______  __  __  ______
 72
65
 73
6
 40
6.35
 49
3.175
 74
0
 49
-0.635
 74
0
 49
0.635
 74
0
 49
-0.635
 74
0
 49
0.635
 74
0
 49
-0.635
 74
0
  0
LTYPE
  5
36
330
2
100
AcDbSymbolTableRecord
100
AcDbLinetypeTableRecord
  2
PHANTOMX2
 70
0
  3
Phantom (2x)____________    ____    ____    ____________
 72
65
 73
6
 40
10.795
 49
6.35
 74
0
 49
-0.635
 74
0
 49
1.27
 74
0
 49
-0.635
 74
0
 49
1.27
 74
0
 49
-0.635
 74
0
  0
LTYPE
  5
37
330
2
100
AcDbSymbolTableRecord
100
AcDbLinetypeTableRecord
  2
PHANTOM2
 70
0
  3
Phantom (.5x) ___ _ _ ___ _ _ ___ _ _ ___ _ _ ___
 72
65
 73
6
 40
3.175
 49
1.587
 74
0
 49
-0.318
 74
0
 49
0.318
 74
0
 49
-0.318
 74
0
 49
0.318
 74
0
 49
-0.318
 74
0
  0
LTYPE
  5
38
330
2
100
AcDbSymbolTableRecord
100
AcDbLinetypeTableRecord
  2
DASHDOT
 70
0
  3
Dash dot __ . __ . __ . __ . __ . __ . __ . __
 72
65
 73
4
 40
3.556
 49
2.54
 74
0
 49
-0.508
 74
0
 49
0.0
 74
0
 49
-0.508
 74
0
  0
LTYPE
  5
39
330
2
100
AcDbSymbolTableRecord
100
AcDbLinetypeTableRecord
  2
DASHDOTX2
 70
0
  3
Dash dot (2x) ____  .  ____  .  ____  .  ____
 72
65
 73
4
 40
6.096
 49
5.08
 74
0
 49
-0.508
 74
0
 49
0.0
 74
0
 49
-0.508
 74
0
  0
LTYPE
  5
3A
330
2
100
AcDbSymbolTableRecord
100
AcDbLinetypeTableRecord
  2
DASHDOT2
 70
0
  3
Dash dot (.5x) _ . _ . _ . _ . _ . _ . _ . _
 72
65
 73
4
 40
1.778
 49
1.27
 74
0
 49
-0.254
 74
0
 49
0.0
 74
0
 49
-0.254
 74
0
  0
LTYPE
  5
3B
330
2
100
AcDbSymbolTableRecord
100
AcDbLinetypeTableRecord
  2
DOT
 70
0
  3
Dot .  .  .  .  .  .  .  .  .  .  .  .  .  .  .  .
 72
65
 73
2
 40
0.508
 49
0.0
 74
0
 49
-0.508
 74
0
  0
LTYPE
  5
3C
330
2
100
AcDbSymbolTableRecord
100
AcDbLinetypeTableRecord
  2
DOTX2
 70
0
  3
Dot (2x) .    .    .    .    .    .    .    . 
 72
65
 73
2
 40
1.016
 49
0.0
 74
0
 49
-1.016
 74
0
  0
LTYPE
  5
3D
330
2
100
AcDbSymbolTableRecord
100
AcDbLinetypeTableRecord
  2
DOT2
 70
0
  3
Dot (.5) . . . . . . . . . . . . . . . . . . . 
 72
65
 73
2
 40
0.254
 49
0.0
 74
0
 49
-0.254
 74
0
  0
LTYPE
  5
3E
330
2
100
AcDbSymbolTableRecord
100
AcDbLinetypeTableRecord
  2
DIVIDE
 70
0
  3
Divide __ . . __ . . __ . . __ . . __ . . __
 72
65
 73
6
 40
4.064
 49
2.54
 74
0
 49
-0.508
 74
0
 49
0.0
 74
0
 49
-0.508
 74
0
 49
0.0
 74
0
 49
-0.508
 74
0
  0
LTYPE
  5
3F
330
2
100
AcDbSymbolTableRecord
100
AcDbLinetypeTableRecord
  2
DIVIDEX2
 70
0
  3
Divide (2x) ____  . .  ____  . .  ____  . .  ____
 72
65
 73
6
 40
6.604
 49
5.08
 74
0
 49
-0.508
 74
0
 49
0.0
 74
0
 49
-0.508
 74
0
 49
0.0
 74
0
 49
-0.508
 74
0
  0
LTYPE
  5
40
330
2
100
AcDbSymbolTableRecord
100
AcDbLinetypeTableRecord
  2
DIVIDE2
 70
0
  3
Divide(.5x) _ . _ . _ . _ . _ . _ . _ . _
 72
65
 73
6
 40
2.032
 49
1.27
 74
0
 49
-0.254
 74
0
 49
0.0
 74
0
 49
-0.254
 74
0
 49
0.0
 74
0
 49
-0.254
 74
0
  0
ENDTAB
  0
TABLE
  2
LAYER
  5
1
330
0
100
AcDbSymbolTable
 70
12
  0
LAYER
  5
27
330
1
100
AcDbSymbolTableRecord
100
AcDbLayerTableRecord
  2
0
 70
0
 62
7
  6
Continuous
370
-3
390
13
347
21
  0
LAYER
  5
28
330
1
100
AcDbSymbolTableRecord
100
AcDbLayerTableRecord
  2
Defpoints
 70
0
 62
7
  6
Continuous
290
0
370
-3
390
13
347
21
  0
LAYER
  5
8A
330
1
100
AcDbSymbolTableRecord
100
AcDbLayerTableRecord
  2
A-CUT
 70
0
 62
7
  6
Continuous
370
50
390
13
347
21
  0
LAYER
  5
8B
330
1
100
AcDbSymbolTableRecord
100
AcDbLayerTableRecord
  2
A-MAIN
 70
0
 62
7
  6
Continuous
370
35
390
13
347
21
  0
LAYER
  5
8C
330
1
100
AcDbSymbolTableRecord
100
AcDbLayerTableRecord
  2
A-THIN
 70
0
 62
8
  6
Continuous
370
18
390
13
347
21
  0
LAYER
  5
8D
330
1
100
AcDbSymbolTableRecord
100
AcDbLayerTableRecord
  2
A-HIDDEN
 70
0
 62
8
  6
DASHED
370
18
390
13
347
21
  0
LAYER
  5
8E
330
1
100
AcDbSymbolTableRecord
100
AcDbLayerTableRecord
  2
A-HATCH
 70
0
 62
8
  6
Continuous
370
9
390
13
347
21
  0
LAYER
  5
8F
330
1
100
AcDbSymbolTableRecord
100
AcDbLayerTableRecord
  2
A-TEXT
 70
0
 62
7
  6
Continuous
370
18
390
13
347
21
  0
LAYER
  5
90
330
1
100
AcDbSymbolTableRecord
100
AcDbLayerTableRecord
  2
A-DIMS
 70
0
 62
1
  6
Continuous
370
13
390
13
347
21
  0
LAYER
  5
91
330
1
100
AcDbSymbolTableRecord
100
AcDbLayerTableRecord
  2
A-FURN
 70
0
 62
9
  6
Continuous
370
13
390
13
347
21
  0
LAYER
  5
92
330
1
100
AcDbSymbolTableRecord
100
AcDbLayerTableRecord
  2
A-GRID
 70
0
 62
1
  6
Continuous
370
13
390
13
347
21
  0
LAYER
  5
93
330
1
100
AcDbSymbolTableRecord
100
AcDbLayerTableRecord
  2
A-SITE
 70
0
 62
3
  6
Continuous
370
18
390
13
347
21
  0
ENDTAB
  0
TABLE
  2
STYLE
  5
5
330
0
100
AcDbSymbolTable
 70
26
  0
STYLE
  5
29
330
5
100
AcDbSymbolTableRecord
100
AcDbTextStyleTableRecord
  2
Standard
 70
0
 40
0.0
 41
1.0
 50
0.0
 71
0
 42
2.5
  3
txt
  4

  0
STYLE
  5
41
330
5
100
AcDbSymbolTableRecord
100
AcDbTextStyleTableRecord
  2
OpenSans-Light
 70
0
 40
0.0
 41
1.0
 50
0.0
 71
0
 42
2.5
  3
OpenSans-Light.ttf
  4

  0
STYLE
  5
42
330
5
100
AcDbSymbolTableRecord
100
AcDbTextStyleTableRecord
  2
OpenSans-Light-Italic
 70
0
 40
0.0
 41
1.0
 50
0.0
 71
0
 42
2.5
  3
OpenSans-LightItalic.ttf
  4

  0
STYLE
  5
43
330
5
100
AcDbSymbolTableRecord
100
AcDbTextStyleTableRecord
  2
OpenSans
 70
0
 40
0.0
 41
1.0
 50
0.0
 71
0
 42
2.5
  3
OpenSans-Regular.ttf
  4

  0
STYLE
  5
44
330
5
100
AcDbSymbolTableRecord
100
AcDbTextStyleTableRecord
  2
OpenSans-Italic
 70
0
 40
0.0
 41
1.0
 50
0.0
 71
0
 42
2.5
  3
OpenSans-Italic.ttf
  4

  0
STYLE
  5
45
330
5
100
AcDbSymbolTableRecord
100
AcDbTextStyleTableRecord
  2
OpenSans-SemiBold
 70
0
 40
0.0
 41
1.0
 50
0.0
 71
0
 42
2.5
  3
OpenSans-SemiBold.ttf
  4

  0
STYLE
  5
46
330
5
100
AcDbSymbolTableRecord
100
AcDbTextStyleTableRecord
  2
OpenSans-SemiBoldItalic
 70
0
 40
0.0
 41
1.0
 50
0.0
 71
0
 42
2.5
  3
OpenSans-SemiBoldItalic.ttf
  4

  0
STYLE
  5
47
330
5
100
AcDbSymbolTableRecord
100
AcDbTextStyleTableRecord
  2
OpenSans-Bold
 70
0
 40
0.0
 41
1.0
 50
0.0
 71
0
 42
2.5
  3
OpenSans-Bold.ttf
  4

  0
STYLE
  5
48
330
5
100
AcDbSymbolTableRecord
100
AcDbTextStyleTableRecord
  2
OpenSans-BoldItalic
 70
0
 40
0.0
 41
1.0
 50
0.0
 71
0
 42
2.5
  3
OpenSans-BoldItalic.ttf
  4

  0
STYLE
  5
49
330
5
100
AcDbSymbolTableRecord
100
AcDbTextStyleTableRecord
  2
OpenSans-ExtraBold
 70
0
 40
0.0
 41
1.0
 50
0.0
 71
0
 42
2.5
  3
OpenSans-ExtraBold.ttf
  4

  0
STYLE
  5
4A
330
5
100
AcDbSymbolTableRecord
100
AcDbTextStyleTableRecord
  2
OpenSans-ExtraBoldItalic
 70
0
 40
0.0
 41
1.0
 50
0.0
 71
0
 42
2.5
  3
OpenSans-ExtraBoldItalic.ttf
  4

  0
STYLE
  5
4B
330
5
100
AcDbSymbolTableRecord
100
AcDbTextStyleTableRecord
  2
OpenSansCondensed-Bold
 70
0
 40
0.0
 41
1.0
 50
0.0
 71
0
 42
2.5
  3
OpenSansCondensed-Bold.ttf
  4

  0
STYLE
  5
4C
330
5
100
AcDbSymbolTableRecord
100
AcDbTextStyleTableRecord
  2
OpenSansCondensed-Light
 70
0
 40
0.0
 41
1.0
 50
0.0
 71
0
 42
2.5
  3
OpenSansCondensed-Light.ttf
  4

  0
STYLE
  5
4D
330
5
100
AcDbSymbolTableRecord
100
AcDbTextStyleTableRecord
  2
OpenSansCondensed-Italic
 70
0
 40
0.0
 41
1.0
 50
0.0
 71
0
 42
2.5
  3
OpenSansCondensed-LightItalic.ttf
  4

  0
STYLE
  5
4E
330
5
100
AcDbSymbolTableRecord
100
AcDbTextStyleTableRecord
  2
LiberationSans
 70
0
 40
0.0
 41
1.0
 50
0.0
 71
0
 42
2.5
  3
LiberationSans-Regular.ttf
  4

  0
STYLE
  5
4F
330
5
100
AcDbSymbolTableRecord
100
AcDbTextStyleTableRecord
  2
LiberationSans-Bold
 70
0
 40
0.0
 41
1.0
 50
0.0
 71
0
 42
2.5
  3
LiberationSans-Bold.ttf
  4

  0
STYLE
  5
50
330
5
100
AcDbSymbolTableRecord
100
AcDbTextStyleTableRecord
  2
LiberationSans-BoldItalic
 70
0
 40
0.0
 41
1.0
 50
0.0
 71
0
 42
2.5
  3
LiberationSans-BoldItalic.ttf
  4

  0
STYLE
  5
51
330
5
100
AcDbSymbolTableRecord
100
AcDbTextStyleTableRecord
  2
LiberationSans-Italic
 70
0
 40
0.0
 41
1.0
 50
0.0
 71
0
 42
2.5
  3
LiberationSans-Italic.ttf
  4

  0
STYLE
  5
52
330
5
100
AcDbSymbolTableRecord
100
AcDbTextStyleTableRecord
  2
LiberationSerif
 70
0
 40
0.0
 41
1.0
 50
0.0
 71
0
 42
2.5
  3
LiberationSerif-Regular.ttf
  4

  0
STYLE
  5
53
330
5
100
AcDbSymbolTableRecord
100
AcDbTextStyleTableRecord
  2
LiberationSerif-Bold
 70
0
 40
0.0
 41
1.0
 50
0.0
 71
0
 42
2.5
  3
LiberationSerif-Bold.ttf
  4

  0
STYLE
  5
54
330
5
100
AcDbSymbolTableRecord
100
AcDbTextStyleTableRecord
  2
LiberationSerif-BoldItalic
 70
0
 40
0.0
 41
1.0
 50
0.0
 71
0
 42
2.5
  3
LiberationSerif-BoldItalic.ttf
  4

  0
STYLE
  5
55
330
5
100
AcDbSymbolTableRecord
100
AcDbTextStyleTableRecord
  2
LiberationSerif-Italic
 70
0
 40
0.0
 41
1.0
 50
0.0
 71
0
 42
2.5
  3
LiberationSerif-Italic.ttf
  4

  0
STYLE
  5
56
330
5
100
AcDbSymbolTableRecord
100
AcDbTextStyleTableRecord
  2
LiberationMono
 70
0
 40
0.0
 41
1.0
 50
0.0
 71
0
 42
2.5
  3
LiberationMono-Regular.ttf
  4

  0
STYLE
  5
57
330
5
100
AcDbSymbolTableRecord
100
AcDbTextStyleTableRecord
  2
LiberationMono-Bold
 70
0
 40
0.0
 41
1.0
 50
0.0
 71
0
 42
2.5
  3
LiberationMono-Bold.ttf
  4

  0
STYLE
  5
58
330
5
100
AcDbSymbolTableRecord
100
AcDbTextStyleTableRecord
  2
LiberationMono-BoldItalic
 70
0
 40
0.0
 41
1.0
 50
0.0
 71
0
 42
2.5
  3
LiberationMono-BoldItalic.ttf
  4

  0
STYLE
  5
59
330
5
100
AcDbSymbolTableRecord
100
AcDbTextStyleTableRecord
  2
LiberationMono-Italic
 70
0
 40
0.0
 41
1.0
 50
0.0
 71
0
 42
2.5
  3
LiberationMono-Italic.ttf
  4

  0
ENDTAB
  0
TABLE
  2
VIEW
  5
7
330
0
100
AcDbSymbolTable
 70
0
  0
ENDTAB
  0
TABLE
  2
UCS
  5
6
330
0
100
AcDbSymbolTable
 70
0
  0
ENDTAB
  0
TABLE
  2
APPID
  5
3
330
0
100
AcDbSymbolTable
 70
3
  0
APPID
  5
2A
330
3
100
AcDbSymbolTableRecord
100
AcDbRegAppTableRecord
  2
ACAD
 70
0
  0
APPID
  5
386
330
3
100
AcDbSymbolTableRecord
100
AcDbRegAppTableRecord
  2
HATCHBACKGROUNDCOLOR
 70
0
  0
APPID
  5
387
330
3
100
AcDbSymbolTableRecord
100
AcDbRegAppTableRecord
  2
EZDXF
 70
0
  0
ENDTAB
  0
TABLE
  2
DIMSTYLE
  5
4
330
0
100
AcDbSymbolTable
 70
12
100
AcDbDimStyleTable
  0
DIMSTYLE
105
2B
330
4
100
AcDbSymbolTableRecord
100
AcDbDimStyleTableRecord
  2
Standard
 70
0
 40
1.0
 41
2.5
 42
0.625
 43
3.75
 44
1.25
 45
0.0
 46
0.0
 47
0.0
 48
0.0
 49
2.5
140
2.5
141
2.5
142
0.0
143
0.03937007874
144
1.0
145
0.0
146
1.0
147
0.625
148
0.0
 69
0
 70
0
 71
0
 72
0
 73
0
 74
0
 75
0
 76
0
 77
1
 78
8
 79
3
170
0
171
3
172
1
173
0
174
0
175
0
176
0
177
0
178
0
179
2
271
2
272
2
273
2
274
3
275
0
276
0
277
2
278
44
279
0
280
0
281
0
282
0
283
0
284
8
285
0
286
0
288
0
289
3
290
0
371
-2
372
-2
  0
DIMSTYLE
105
73
330
4
100
AcDbSymbolTableRecord
100
AcDbDimStyleTableRecord
  2
EZDXF
 70
0
 40
1.0
 41
0.175
 42
0.125
 43
3.75
 44
0.375
 45
0.0
 46
0.0
 47
0.0
 48
0.0
 49
2.5
140
0.25
141
2.5
142
0.0
143
0.03937007874
144
100.0
145
0.0
146
0.5
147
0.1
148
0.0
 69
0
 70
0
 71
0
 72
0
 73
0
 74
0
 75
0
 76
0
 77
1
 78
12
 79
3
170
0
171
3
172
1
173
0
174
0
175
0
176
0
177
0
178
0
179
2
271
2
272
2
273
2
274
3
275
0
276
0
277
2
278
46
279
2
280
0
281
0
282
0
283
0
284
8
285
0
286
0
288
1
289
3
290
0
340
4C
342
74
371
-2
372
-2
  0
DIMSTYLE
105
7C
330
4
100
AcDbSymbolTableRecord
100
AcDbDimStyleTableRecord
  2
EZ_M_100_H25_CM
 70
0
 40
1.0
 41
0.25
 42
0.125
 43
3.75
 44
0.375
 45
0.0
 46
0.0
 47
0.0
 48
0.0
 49
2.5
140
0.25
141
2.5
142
0.125
143
0.03937007874
144
100.0
145
0.0
146
0.5
147
0.1
148
0.0
 69
0
 70
0
 71
0
 72
0
 73
0
 74
0
 75
0
 76
0
 77
1
 78
12
 79
3
170
0
171
3
172
1
173
0
174
0
175
0
176
0
177
0
178
0
179
2
271
2
272
2
273
2
274
3
275
0
276
0
277
2
278
46
279
2
280
0
281
0
282
0
283
0
284
8
285
0
286
0
288
1
289
3
290
0
340
4C
371
-2
372
-2
  0
DIMSTYLE
105
7D
330
4
100
AcDbSymbolTableRecord
100
AcDbDimStyleTableRecord
  2
EZ_M_50_H25_CM
 70
0
 40
1.0
 41
0.125
 42
0.0625
 43
3.75
 44
0.1875
 45
0.0
 46
0.0
 47
0.0
 48
0.0
 49
2.5
140
0.125
141
2.5
142
0.0625
143
0.03937007874
144
100.0
145
0.0
146
0.5
147
0.05
148
0.0
 69
0
 70
0
 71
0
 72
0
 73
0
 74
0
 75
0
 76
0
 77
1
 78
12
 79
3
170
0
171
3
172
1
173
0
174
0
175
0
176
0
177
0
178
0
179
2
271
2
272
2
273
2
274
3
275
0
276
0
277
2
278
46
279
2
280
0
281
0
282
0
283
0
284
8
285
0
286
0
288
1
289
3
290
0
340
4C
371
-2
372
-2
  0
DIMSTYLE
105
7E
330
4
100
AcDbSymbolTableRecord
100
AcDbDimStyleTableRecord
  2
EZ_M_25_H25_CM
 70
0
 40
1.0
 41
0.0625
 42
0.03125
 43
3.75
 44
0.09375
 45
0.0
 46
0.0
 47
0.0
 48
0.0
 49
2.5
140
0.0625
141
2.5
142
0.03125
143
0.03937007874
144
100.0
145
0.0
146
0.5
147
0.025
148
0.0
 69
0
 70
0
 71
0
 72
0
 73
0
 74
0
 75
0
 76
0
 77
1
 78
12
 79
3
170
0
171
3
172
1
173
0
174
0
175
0
176
0
177
0
178
0
179
2
271
2
272
2
273
2
274
3
275
0
276
0
277
2
278
46
279
2
280
0
281
0
282
0
283
0
284
8
285
0
286
0
288
1
289
3
290
0
340
4C
371
-2
372
-2
  0
DIMSTYLE
105
7F
330
4
100
AcDbSymbolTableRecord
100
AcDbDimStyleTableRecord
  2
EZ_M_20_H25_CM
 70
0
 40
1.0
 41
0.05
 42
0.025
 43
3.75
 44
0.07500000000000001
 45
0.0
 46
0.0
 47
0.0
 48
0.0
 49
2.5
140
0.05
141
2.5
142
0.025
143
0.03937007874
144
100.0
145
0.0
146
0.5
147
0.020000000000000004
148
0.0
 69
0
 70
0
 71
0
 72
0
 73
0
 74
0
 75
0
 76
0
 77
1
 78
12
 79
3
170
0
171
3
172
1
173
0
174
0
175
0
176
0
177
0
178
0
179
2
271
2
272
2
273
2
274
3
275
0
276
0
277
2
278
46
279
2
280
0
281
0
282
0
283
0
284
8
285
0
286
0
288
1
289
3
290
0
340
4C
371
-2
372
-2
  0
DIMSTYLE
105
80
330
4
100
AcDbSymbolTableRecord
100
AcDbDimStyleTableRecord
  2
EZ_M_10_H25_CM
 70
0
 40
1.0
 41
0.025
 42
0.0125
 43
3.75
 44
0.037500000000000006
 45
0.0
 46
0.0
 47
0.0
 48
0.0
 49
2.5
140
0.025
141
2.5
142
0.0125
143
0.03937007874
144
100.0
145
0.0
146
0.5
147
0.010000000000000002
148
0.0
 69
0
 70
0
 71
0
 72
0
 73
0
 74
0
 75
0
 76
0
 77
1
 78
12
 79
3
170
0
171
3
172
1
173
0
174
0
175
0
176
0
177
0
178
0
179
2
271
2
272
2
273
2
274
3
275
0
276
0
277
2
278
46
279
2
280
0
281
0
282
0
283
0
284
8
285
0
286
0
288
1
289
3
290
0
340
4C
371
-2
372
-2
  0
DIMSTYLE
105
81
330
4
100
AcDbSymbolTableRecord
100
AcDbDimStyleTableRecord
  2
EZ_M_5_H25_CM
 70
0
 40
1.0
 41
0.0125
 42
0.00625
 43
3.75
 44
0.018750000000000003
 45
0.0
 46
0.0
 47
0.0
 48
0.0
 49
2.5
140
0.0125
141
2.5
142
0.00625
143
0.03937007874
144
100.0
145
0.0
146
0.5
147
0.005000000000000001
148
0.0
 69
0
 70
0
 71
0
 72
0
 73
0
 74
0
 75
0
 76
0
 77
1
 78
12
 79
3
170
0
171
3
172
1
173
0
174
0
175
0
176
0
177
0
178
0
179
2
271
2
272
2
273
2
274
3
275
0
276
0
277
2
278
46
279
2
280
0
281
0
282
0
283
0
284
8
285
0
286
0
288
1
289
3
290
0
340
4C
371
-2
372
-2
  0
DIMSTYLE
105
82
330
4
100
AcDbSymbolTableRecord
100
AcDbDimStyleTableRecord
  2
EZ_M_1_H25_CM
 70
0
 40
1.0
 41
0.0025
 42
0.00125
 43
3.75
 44
0.00375
 45
0.0
 46
0.0
 47
0.0
 48
0.0
 49
2.5
140
0.0025
141
2.5
142
0.00125
143
0.03937007874
144
100.0
145
0.0
146
0.5
147
0.001
148
0.0
 69
0
 70
0
 71
0
 72
0
 73
0
 74
0
 75
0
 76
0
 77
1
 78
12
 79
3
170
0
171
3
172
1
173
0
174
0
175
0
176
0
177
0
178
0
179
2
271
2
272
2
273
2
274
3
275
0
276
0
277
2
278
46
279
2
280
0
281
0
282
0
283
0
284
8
285
0
286
0
288
1
289
3
290
0
340
4C
371
-2
372
-2
  0
DIMSTYLE
105
83
330
4
100
AcDbSymbolTableRecord
100
AcDbDimStyleTableRecord
  2
EZ_RADIUS
 70
0
 40
1.0
 41
0.25
 42
0.125
 43
3.75
 44
0.375
 45
0.0
 46
0.0
 47
0.0
 48
0.0
 49
2.5
140
0.25
141
0.0
142
0.0
143
0.03937007874
144
100.0
145
0.0
146
0.5
147
0.1
148
0.0
 69
0
 70
0
 71
0
 72
0
 73
0
 74
0
 75
0
 76
0
 77
1
 78
12
 79
3
170
0
171
3
172
0
173
0
174
0
175
0
176
0
177
0
178
0
179
2
271
2
272
2
273
2
274
3
275
0
276
0
277
2
278
46
279
1
280
0
281
0
282
0
283
0
284
8
285
0
286
0
288
1
289
3
290
0
340
4C
342
84
371
-2
372
-2
  0
DIMSTYLE
105
88
330
4
100
AcDbSymbolTableRecord
100
AcDbDimStyleTableRecord
  2
EZ_RADIUS_INSIDE
 70
0
 40
1.0
 41
0.25
 42
0.125
 43
3.75
 44
0.375
 45
0.0
 46
0.0
 47
0.0
 48
0.0
 49
2.5
140
0.25
141
0.0
142
0.0
143
0.03937007874
144
100.0
145
0.0
146
0.5
147
0.1
148
0.0
 69
0
 70
0
 71
0
 72
0
 73
0
 74
0
 75
0
 76
0
 77
0
 78
12
 79
3
170
0
171
3
172
0
173
0
174
1
175
0
176
0
177
0
178
0
179
2
271
2
272
2
273
2
274
3
275
0
276
0
277
2
278
46
279
0
280
0
281
0
282
0
283
0
284
8
285
0
286
0
288
1
289
0
290
0
340
4C
342
84
371
-2
372
-2
  0
DIMSTYLE
105
89
330
4
100
AcDbSymbolTableRecord
100
AcDbDimStyleTableRecord
  2
EZ_CURVED
 70
0
 40
1.0
 41
0.25
 42
0.125
 43
3.75
 44
0.375
 45
0.0
 46
0.0
 47
0.0
 48
0.0
 49
2.5
140
0.25
141
2.5
142
0.0
143
0.03937007874
144
100.0
145
0.0
146
0.5
147
0.1
148
0.0
 69
0
 70
0
 71
0
 72
0
 73
0
 74
0
 75
0
 76
0
 77
1
 78
12
 79
2
 90
2
170
0
171
3
172
1
173
0
174
0
175
0
176
0
177
0
178
0
179
2
271
2
272
2
273
2
274
3
275
0
276
0
277
2
278
46
279
2
280
0
281
0
282
0
283
0
284
8
285
0
286
0
288
1
289
3
290
0
340
4C
371
-2
372
-2
  0
ENDTAB
  0
TABLE
  2
BLOCK_RECORD
  5
9
330
0
100
AcDbSymbolTable
 70
5
  0
BLOCK_RECORD
  5
17
330
9
100
AcDbSymbolTableRecord
100
AcDbBlockTableRecord
  2
*Model_Space
340
1A
 70
0
280
1
281
0
  0
BLOCK_RECORD
  5
1B
330
9
100
AcDbSymbolTableRecord
100
AcDbBlockTableRecord
  2
*Paper_Space
340
1E
 70
0
280
1
281
0
  0
BLOCK_RECORD
  5
74
330
9
100
AcDbSymbolTableRecord
100
AcDbBlockTableRecord
  2
_ARCHTICK
340
0
 70
0
280
1
281
0
  0
BLOCK_RECORD
  5
78
330
9
100
AcDbSymbolTableRecord
100
AcDbBlockTableRecord
  2
_CLOSEDFILLED
340
0
 70
0
280
1
281
0
  0
BLOCK_RECORD
  5
84
330
9
100
AcDbSymbolTableRecord
100
AcDbBlockTableRecord
  2
_CLOSEDBLANK
340
0
 70
0
280
1
281
0
  0
ENDTAB
  0
ENDSEC
  0
SECTION
  2
BLOCKS
  0
BLOCK
  5
18
330
17
100
AcDbEntity
  8
0
100
AcDbBlockBegin
  2
*Model_Space
 70
0
 10
0.0
 20
0.0
 30
0.0
  3
*Model_Space
  1

  0
ENDBLK
  5
19
330
17
100
AcDbEntity
  8
0
100
AcDbBlockEnd
  0
BLOCK
  5
1C
330
1B
100
AcDbEntity
  8
0
100
AcDbBlockBegin
  2
*Paper_Space
 70
0
 10
0.0
 20
0.0
 30
0.0
  3
*Paper_Space
  1

  0
ENDBLK
  5
1D
330
1B
100
AcDbEntity
  8
0
100
AcDbBlockEnd
  0
BLOCK
  5
75
330
74
100
AcDbEntity
  8
0
100
AcDbBlockBegin
  2
_ARCHTICK
 70
0
 10
0.0
 20
0.0
 30
0.0
  3
_ARCHTICK
  1

  0
LWPOLYLINE
  5
77
330
74
100
AcDbEntity
  8
0
  6
BYBLOCK
 62
0
100
AcDbPolyline
 90
2
 70
0
 43
0.15
 10
-0.5
 20
-0.5
 10
0.5
 20
0.5
  0
ENDBLK
  5
76
330
74
100
AcDbEntity
  8
0
100
AcDbBlockEnd
  0
BLOCK
  5
79
330
78
100
AcDbEntity
  8
0
100
AcDbBlockBegin
  2
_CLOSEDFILLED
 70
0
 10
0.0
 20
0.0
 30
0.0
  3
_CLOSEDFILLED
  1

  0
SOLID
  5
7B
330
78
100
AcDbEntity
  8
0
  6
BYBLOCK
 62
0
100
AcDbTrace
 10
-1.0
 20
0.16439898372402537
 30
0.0
 11
0.0
 21
0.0
 31
0.0
 12
-1.0
 22
-0.16439898372402537
 32
0.0
 13
-1.0
 23
-0.16439898372402537
 33
0.0
  0
ENDBLK
  5
7A
330
78
100
AcDbEntity
  8
0
100
AcDbBlockEnd
  0
BLOCK
  5
85
330
84
100
AcDbEntity
  8
0
100
AcDbBlockBegin
  2
_CLOSEDBLANK
 70
0
 10
0.0
 20
0.0
 30
0.0
  3
_CLOSEDBLANK
  1

  0
LWPOLYLINE
  5
87
330
84
100
AcDbEntity
  8
0
  6
BYBLOCK
 62
0
100
AcDbPolyline
 90
3
 70
1
 10
-1.0
 20
0.16439898372402537
 10
0.0
 20
0.0
 10
-1.0
 20
-0.16439898372402537
  0
ENDBLK
  5
86
330
84
100
AcDbEntity
  8
0
100
AcDbBlockEnd
  0
ENDSEC
  0
SECTION
  2
ENTITIES
  0
HATCH
  5
94
330
17
100
AcDbEntity
  8
A-HATCH
 62
7
100
AcDbHatch
 10
0.0
 20
0.0
 30
0.0
210
0.0
220
0.0
230
1.0
  2
EARTH
 70
0
 71
0
 91
1
 92
3
 72
0
 73
1
 93
5
 10
1.0
 20
-1.05
 10
1.0
 20
-0.15
 10
-37.0
 20
-0.15
 10
-37.0
 20
-1.05
 10
1.0
 20
-1.05
 97
0
 75
1
 76
1
 52
0.0
 41
0.15
 77
0
 78
6
 53
0.0
 43
0.0
 44
0.0
 45
0.9525
 46
0.9525
 79
2
 49
0.9525
 49
-0.9525
 53
0.0
 43
0.0
 44
0.3571875
 45
0.9525
 46
0.9525
 79
2
 49
0.9525
 49
-0.9525
 53
0.0
 43
0.0
 44
0.714375
 45
0.9525
 46
0.9525
 79
2
 49
0.9525
 49
-0.9525
 53
90.0
 43
0.1190625
 44
0.8334375
 45
-0.9525
 46
0.9525
 79
2
 49
0.9525
 49
-0.9525
 53
90.0
 43
0.47625
 44
0.8334375
 45
-0.9525
 46
0.9525
 79
2
 49
0.9525
 49
-0.9525
 53
90.0
 43
0.8334375
 44
0.8334375
 45
-0.9525
 46
0.9525
 79
2
 49
0.9525
 49
-0.9525
 98
0
  0
LINE
  5
95
330
17
100
AcDbEntity
  8
A-CUT
100
AcDbLine
 10
-37.0
 20
-0.15
 30
0.0
 11
1.0
 21
-0.15
 31
0.0
  0
LINE
  5
96
330
17
100
AcDbEntity
  8
A-THIN
100
AcDbLine
 10
-12.0
 20
-0.15
 30
0.0
 11
-12.1
 21
2.3430000000000004
 31
0.0
  0
LINE
  5
97
330
17
100
AcDbEntity
  8
A-THIN
100
AcDbLine
 10
-12.1
 20
2.3430000000000004
 30
0.0
 11
-12.6
 21
3.7280000000000006
 31
0.0
  0
LINE
  5
98
330
17
100
AcDbEntity
  8
A-THIN
100
AcDbLine
 10
-12.1
 20
2.3430000000000004
 30
0.0
 11
-11.5
 21
4.005000000000001
 31
0.0
  0
CIRCLE
  5
99
330
17
100
AcDbEntity
  8
A-THIN
100
AcDbCircle
 10
-11.842100577544016
 20
4.458620547293607
 30
0.0
 40
1.3305597709273638
  0
CIRCLE
  5
9A
330
17
100
AcDbEntity
  8
A-THIN
100
AcDbCircle
 10
-12.195322490796194
 20
4.344180262621594
 30
0.0
 40
1.1655335045834705
  0
CIRCLE
  5
9B
330
17
100
AcDbEntity
  8
A-THIN
100
AcDbCircle
 10
-10.873342184948426
 20
4.091230565750095
 30
0.0
 40
1.1061628117844222
  0
CIRCLE
  5
9C
330
17
100
AcDbEntity
  8
A-THIN
100
AcDbCircle
 10
-12.207370700066651
 20
4.64392364694726
 30
0.0
 40
1.4016654995839348
  0
CIRCLE
  5
9D
330
17
100
AcDbEntity
  8
A-THIN
100
AcDbCircle
 10
-11.589194880945595
 20
4.367806929000007
 30
0.0
 40
1.3042154423059586
  0
CIRCLE
  5
9E
330
17
100
AcDbEntity
  8
A-THIN
100
AcDbCircle
 10
-11.57907818569719
 20
4.37825018332072
 30
0.0
 40
0.924339534400934
  0
CIRCLE
  5
9F
330
17
100
AcDbEntity
  8
A-THIN
100
AcDbCircle
 10
-11.724106643155885
 20
3.1933051494705134
 30
0.0
 40
1.1574276704893907
  0
CIRCLE
  5
A0
330
17
100
AcDbEntity
  8
A-THIN
100
AcDbCircle
 10
-11.442532265412954
 20
3.5994338090907947
 30
0.0
 40
1.3850524517400948
  0
CIRCLE
  5
A1
330
17
100
AcDbEntity
  8
A-THIN
100
AcDbCircle
 10
-12.79812492452079
 20
3.7084451804522596
 30
0.0
 40
1.0030975821136663
  0
LINE
  5
A2
330
17
100
AcDbEntity
  8
A-THIN
100
AcDbLine
 10
-19.5
 20
-0.15
 30
0.0
 11
-19.6
 21
2.2620000000000005
 31
0.0
  0
LINE
  5
A3
330
17
100
AcDbEntity
  8
A-THIN
100
AcDbLine
 10
-19.6
 20
2.2620000000000005
 30
0.0
 11
-20.1
 21
3.602
 31
0.0
  0
LINE
  5
A4
330
17
100
AcDbEntity
  8
A-THIN
100
AcDbLine
 10
-19.6
 20
2.2620000000000005
 30
0.0
 11
-19.0
 21
3.8700000000000006
 31
0.0
  0
CIRCLE
  5
A5
330
17
100
AcDbEntity
  8
A-THIN
100
AcDbCircle
 10
-19.40472536095933
 20
3.2517627335254065
 30
0.0
 40
0.9841506771938279
  0
CIRCLE
  5
A6
330
17
100
AcDbEntity
  8
A-THIN
100
AcDbCircle
 10
-20.15950142516226
 20
4.178937565240524
 30
0.0
 40
1.300349367914276
  0
CIRCLE
  5
A7
330
17
100
AcDbEntity
  8
A-THIN
100
AcDbCircle
 10
-18.698911204436122
 20
3.6765975314768715
 30
0.0
 40
1.0398131648613118
  0
CIRCLE
  5
A8
330
17
100
AcDbEntity
  8
A-THIN
100
AcDbCircle
 10
-20.48711176785819
 20
3.9161550639464013
 30
0.0
 40
1.0995490080819605
  0
CIRCLE
  5
A9
330
17
100
AcDbEntity
  8
A-THIN
100
AcDbCircle
 10
-18.696194884025207
 20
3.2158478154255032
 30
0.0
 40
0.8757022357818133
  0
CIRCLE
  5
AA
330
17
100
AcDbEntity
  8
A-THIN
100
AcDbCircle
 10
-19.775066806461886
 20
4.228018952643294
 30
0.0
 40
1.1189398986944254
  0
CIRCLE
  5
AB
330
17
100
AcDbEntity
  8
A-THIN
100
AcDbCircle
 10
-18.622793009495012
 20
3.7009077985317806
 30
0.0
 40
1.1977904170828026
  0
CIRCLE
  5
AC
330
17
100
AcDbEntity
  8
A-THIN
100
AcDbCircle
 10
-18.709834976981814
 20
3.857704486924646
 30
0.0
 40
1.0337815777470662
  0
CIRCLE
  5
AD
330
17
100
AcDbEntity
  8
A-THIN
100
AcDbCircle
 10
-19.806431446035262
 20
3.1077980311888096
 30
0.0
 40
0.9779004452196381
  0
LINE
  5
AE
330
17
100
AcDbEntity
  8
A-THIN
100
AcDbLine
 10
-18.3
 20
-0.15
 30
0.0
 11
-18.400000000000002
 21
1.2000000000000002
 31
0.0
  0
LINE
  5
AF
330
17
100
AcDbEntity
  8
A-THIN
100
AcDbLine
 10
-18.400000000000002
 20
1.2000000000000002
 30
0.0
 11
-18.900000000000002
 21
1.9499999999999997
 31
0.0
  0
LINE
  5
B0
330
17
100
AcDbEntity
  8
A-THIN
100
AcDbLine
 10
-18.400000000000002
 20
1.2000000000000002
 30
0.0
 11
-17.8
 21
2.1
 31
0.0
  0
CIRCLE
  5
B1
330
17
100
AcDbEntity
  8
A-THIN
100
AcDbCircle
 10
-17.597501782575776
 20
1.8707472143330854
 30
0.0
 40
0.6786758033497517
  0
CIRCLE
  5
B2
330
17
100
AcDbEntity
  8
A-THIN
100
AcDbCircle
 10
-18.828288772187957
 20
2.132783155919737
 30
0.0
 40
0.5977491949316432
  0
CIRCLE
  5
B3
330
17
100
AcDbEntity
  8
A-THIN
100
AcDbCircle
 10
-17.606919679284385
 20
2.4310623267919897
 30
0.0
 40
0.8726445141366718
  0
CIRCLE
  5
B4
330
17
100
AcDbEntity
  8
A-THIN
100
AcDbCircle
 10
-19.025226076620257
 20
1.9552928040904947
 30
0.0
 40
0.7804737062097964
  0
CIRCLE
  5
B5
330
17
100
AcDbEntity
  8
A-THIN
100
AcDbCircle
 10
-17.992922667118194
 20
1.881989704299789
 30
0.0
 40
0.6854280472535609
  0
CIRCLE
  5
B6
330
17
100
AcDbEntity
  8
A-THIN
100
AcDbCircle
 10
-18.737835849190706
 20
1.8257907139250669
 30
0.0
 40
0.873136472687845
  0
CIRCLE
  5
B7
330
17
100
AcDbEntity
  8
A-THIN
100
AcDbCircle
 10
-17.64673798983349
 20
1.9470150200922665
 30
0.0
 40
0.5973394869249921
  0
CIRCLE
  5
B8
330
17
100
AcDbEntity
  8
A-THIN
100
AcDbCircle
 10
-18.862655898966057
 20
2.3214579880088766
 30
0.0
 40
0.7899755449800852
  0
CIRCLE
  5
B9
330
17
100
AcDbEntity
  8
A-THIN
100
AcDbCircle
 10
-18.643678019569844
 20
2.2630430682243587
 30
0.0
 40
0.567019030259315
  0
LINE
  5
BA
330
17
100
AcDbEntity
  8
A-THIN
100
AcDbLine
 10
-23.8
 20
-0.15
 30
0.0
 11
-23.900000000000002
 21
1.9785000000000004
 31
0.0
  0
LINE
  5
BB
330
17
100
AcDbEntity
  8
A-THIN
100
AcDbLine
 10
-23.900000000000002
 20
1.9785000000000004
 30
0.0
 11
-24.400000000000002
 21
3.161
 31
0.0
  0
LINE
  5
BC
330
17
100
AcDbEntity
  8
A-THIN
100
AcDbLine
 10
-23.900000000000002
 20
1.9785000000000004
 30
0.0
 11
-23.3
 21
3.3975000000000004
 31
0.0
  0
CIRCLE
  5
BD
330
17
100
AcDbEntity
  8
A-THIN
100
AcDbCircle
 10
-24.29074776624945
 20
3.354137674051782
 30
0.0
 40
0.8152558770260275
  0
CIRCLE
  5
BE
330
17
100
AcDbEntity
  8
A-THIN
100
AcDbCircle
 10
-24.087069269985196
 20
3.5878675068624415
 30
0.0
 40
0.8924744747843338
  0
CIRCLE
  5
BF
330
17
100
AcDbEntity
  8
A-THIN
100
AcDbCircle
 10
-24.17799633292327
 20
3.216032406537257
 30
0.0
 40
0.5993167309805902
  0
CIRCLE
  5
C0
330
17
100
AcDbEntity
  8
A-THIN
100
AcDbCircle
 10
-23.53338801471365
 20
3.722675059984172
 30
0.0
 40
0.6351229252822914
  0
CIRCLE
  5
C1
330
17
100
AcDbEntity
  8
A-THIN
100
AcDbCircle
 10
-23.53739411662709
 20
3.22900052608311
 30
0.0
 40
0.7995836011413398
  0
CIRCLE
  5
C2
330
17
100
AcDbEntity
  8
A-THIN
100
AcDbCircle
 10
-23.29123034467328
 20
3.139513618841732
 30
0.0
 40
0.7966690735401688
  0
CIRCLE
  5
C3
330
17
100
AcDbEntity
  8
A-THIN
100
AcDbCircle
 10
-24.749774239328186
 20
3.5947344563243915
 30
0.0
 40
0.902540301095454
  0
CIRCLE
  5
C4
330
17
100
AcDbEntity
  8
A-THIN
100
AcDbCircle
 10
-23.55820353904313
 20
3.106807721444744
 30
0.0
 40
0.6214184973432307
  0
CIRCLE
  5
C5
330
17
100
AcDbEntity
  8
A-THIN
100
AcDbCircle
 10
-23.84623309552934
 20
3.731244486809129
 30
0.0
 40
0.7126471227297804
  0
LINE
  5
C6
330
17
100
AcDbEntity
  8
A-THIN
100
AcDbLine
 10
-30.0
 20
-0.15
 30
0.0
 11
-30.1
 21
2.1810000000000005
 31
0.0
  0
LINE
  5
C7
330
17
100
AcDbEntity
  8
A-THIN
100
AcDbLine
 10
-30.1
 20
2.1810000000000005
 30
0.0
 11
-30.6
 21
3.4760000000000004
 31
0.0
  0
LINE
  5
C8
330
17
100
AcDbEntity
  8
A-THIN
100
AcDbLine
 10
-30.1
 20
2.1810000000000005
 30
0.0
 11
-29.5
 21
3.7350000000000008
 31
0.0
  0
CIRCLE
  5
C9
330
17
100
AcDbEntity
  8
A-THIN
100
AcDbCircle
 10
-30.510126650975273
 20
3.60158741590223
 30
0.0
 40
0.9193117545942868
  0
CIRCLE
  5
CA
330
17
100
AcDbEntity
  8
A-THIN
100
AcDbCircle
 10
-29.156659312220498
 20
3.7007271538812363
 30
0.0
 40
1.0986186376679958
  0
CIRCLE
  5
CB
330
17
100
AcDbEntity
  8
A-THIN
100
AcDbCircle
 10
-30.00223623863236
 20
3.3694161851531965
 30
0.0
 40
1.0889019648965208
  0
CIRCLE
  5
CC
330
17
100
AcDbEntity
  8
A-THIN
100
AcDbCircle
 10
-29.234770256493206
 20
3.3113730240034047
 30
0.0
 40
0.933217583116366
  0
CIRCLE
  5
CD
330
17
100
AcDbEntity
  8
A-THIN
100
AcDbCircle
 10
-29.20425089458336
 20
3.639609644496979
 30
0.0
 40
0.7700191583494873
  0
CIRCLE
  5
CE
330
17
100
AcDbEntity
  8
A-THIN
100
AcDbCircle
 10
-30.476805932713393
 20
3.8377440701739105
 30
0.0
 40
0.8941240677299117
  0
CIRCLE
  5
CF
330
17
100
AcDbEntity
  8
A-THIN
100
AcDbCircle
 10
-30.889642567087172
 20
4.138563643013187
 30
0.0
 40
0.9531943582338495
  0
CIRCLE
  5
D0
330
17
100
AcDbEntity
  8
A-THIN
100
AcDbCircle
 10
-31.157002928267943
 20
3.86763721502351
 30
0.0
 40
0.9009582854550244
  0
CIRCLE
  5
D1
330
17
100
AcDbEntity
  8
A-THIN
100
AcDbCircle
 10
-29.7046865432105
 20
4.027602035412633
 30
0.0
 40
0.8471645792189887
  0
LINE
  5
D2
330
17
100
AcDbEntity
  8
A-THIN
100
AcDbLine
 10
-34.0
 20
-0.15
 30
0.0
 11
-33.85
 21
7.35
 31
0.0
  0
LINE
  5
D3
330
17
100
AcDbEntity
  8
A-THIN
100
AcDbLine
 10
-34.0
 20
-0.15
 30
0.0
 11
-33.85
 21
7.35
 31
0.0
  0
LINE
  5
D4
330
17
100
AcDbEntity
  8
A-THIN
100
AcDbLine
 10
-34.0
 20
-0.15
 30
0.0
 11
-33.85
 21
7.35
 31
0.0
  0
LINE
  5
D5
330
17
100
AcDbEntity
  8
A-THIN
100
AcDbLine
 10
-34.6
 20
-0.15
 30
0.0
 11
-34.45
 21
7.35
 31
0.0
  0
LINE
  5
D6
330
17
100
AcDbEntity
  8
A-THIN
100
AcDbLine
 10
-2.6
 20
-0.15
 30
0.0
 11
-2.7
 21
2.3430000000000004
 31
0.0
  0
LINE
  5
D7
330
17
100
AcDbEntity
  8
A-THIN
100
AcDbLine
 10
-2.7
 20
2.3430000000000004
 30
0.0
 11
-3.2
 21
3.7280000000000006
 31
0.0
  0
LINE
  5
D8
330
17
100
AcDbEntity
  8
A-THIN
100
AcDbLine
 10
-2.7
 20
2.3430000000000004
 30
0.0
 11
-2.1
 21
4.005000000000001
 31
0.0
  0
CIRCLE
  5
D9
330
17
100
AcDbEntity
  8
A-THIN
100
AcDbCircle
 10
-3.3749018910180983
 20
4.659603808393925
 30
0.0
 40
1.3561163209515612
  0
CIRCLE
  5
DA
330
17
100
AcDbEntity
  8
A-THIN
100
AcDbCircle
 10
-1.6732739513448807
 20
3.738534574850552
 30
0.0
 40
1.1598624430038795
  0
CIRCLE
  5
DB
330
17
100
AcDbEntity
  8
A-THIN
100
AcDbCircle
 10
-1.3500989354244668
 20
3.5396998913947124
 30
0.0
 40
1.41341462594131
  0
CIRCLE
  5
DC
330
17
100
AcDbEntity
  8
A-THIN
100
AcDbCircle
 10
-3.1890293594315313
 20
4.470967970926339
 30
0.0
 40
1.366687898042817
  0
CIRCLE
  5
DD
330
17
100
AcDbEntity
  8
A-THIN
100
AcDbCircle
 10
-2.686770462672814
 20
4.511710352729083
 30
0.0
 40
1.2659881428915964
  0
CIRCLE
  5
DE
330
17
100
AcDbEntity
  8
A-THIN
100
AcDbCircle
 10
-3.307410853437801
 20
4.3320278712498475
 30
0.0
 40
1.0545723681457433
  0
CIRCLE
  5
DF
330
17
100
AcDbEntity
  8
A-THIN
100
AcDbCircle
 10
-2.71477638436628
 20
4.294518910968925
 30
0.0
 40
1.1071399834391558
  0
CIRCLE
  5
E0
330
17
100
AcDbEntity
  8
A-THIN
100
AcDbCircle
 10
-1.6471860107709269
 20
4.444769667016894
 30
0.0
 40
1.215373773489535
  0
CIRCLE
  5
E1
330
17
100
AcDbEntity
  8
A-THIN
100
AcDbCircle
 10
-2.6046138996811057
 20
3.578973611180599
 30
0.0
 40
1.0313228671346066
  0
LINE
  5
E2
330
17
100
AcDbEntity
  8
A-THIN
100
AcDbLine
 10
-2.4
 20
-0.15
 30
0.0
 11
-2.25
 21
7.35
 31
0.0
  0
LINE
  5
E3
330
17
100
AcDbEntity
  8
A-THIN
100
AcDbLine
 10
-2.4
 20
-0.15
 30
0.0
 11
-2.25
 21
7.35
 31
0.0
  0
LWPOLYLINE
  5
E4
330
17
100
AcDbEntity
  8
A-THIN
100
AcDbPolyline
 90
5
 70
1
 10
-15.7
 20
2.25
 10
-15.7
 20
2.47
 10
-21.7
 20
2.47
 10
-21.7
 20
2.25
 10
-15.7
 20
2.25
  0
LWPOLYLINE
  5
E5
330
17
100
AcDbEntity
  8
A-THIN
100
AcDbPolyline
 90
5
 70
1
 10
-21.625
 20
-0.15
 10
-21.625
 20
2.25
 10
-21.475
 20
2.25
 10
-21.475
 20
-0.15
 10
-21.625
 20
-0.15
  0
LWPOLYLINE
  5
E6
330
17
100
AcDbEntity
  8
A-THIN
100
AcDbPolyline
 90
5
 70
1
 10
-15.924999999999999
 20
-0.15
 10
-15.924999999999999
 20
2.25
 10
-15.775
 20
2.25
 10
-15.775
 20
-0.15
 10
-15.924999999999999
 20
-0.15
  0
LWPOLYLINE
  5
E7
330
17
100
AcDbEntity
  8
A-THIN
100
AcDbPolyline
 90
5
 70
1
 10
-15.819999999999999
 20
2.29
 10
-15.819999999999999
 20
2.45
 10
-21.58
 20
2.45
 10
-21.58
 20
2.29
 10
-15.819999999999999
 20
2.29
  0
LWPOLYLINE
  5
E8
330
17
100
AcDbEntity
  8
A-THIN
100
AcDbPolyline
 90
5
 70
1
 10
-15.819999999999999
 20
2.29
 10
-15.819999999999999
 20
2.45
 10
-21.58
 20
2.45
 10
-21.58
 20
2.29
 10
-15.819999999999999
 20
2.29
  0
LWPOLYLINE
  5
E9
330
17
100
AcDbEntity
  8
A-THIN
100
AcDbPolyline
 90
5
 70
1
 10
-15.819999999999999
 20
2.29
 10
-15.819999999999999
 20
2.45
 10
-21.58
 20
2.45
 10
-21.58
 20
2.29
 10
-15.819999999999999
 20
2.29
  0
LWPOLYLINE
  5
EA
330
17
100
AcDbEntity
  8
A-THIN
100
AcDbPolyline
 90
5
 70
1
 10
-15.819999999999999
 20
2.29
 10
-15.819999999999999
 20
2.45
 10
-21.58
 20
2.45
 10
-21.58
 20
2.29
 10
-15.819999999999999
 20
2.29
  0
LWPOLYLINE
  5
EB
330
17
100
AcDbEntity
  8
A-THIN
100
AcDbPolyline
 90
5
 70
1
 10
-15.819999999999999
 20
2.29
 10
-15.819999999999999
 20
2.45
 10
-21.58
 20
2.45
 10
-21.58
 20
2.29
 10
-15.819999999999999
 20
2.29
  0
LWPOLYLINE
  5
EC
330
17
100
AcDbEntity
  8
A-THIN
100
AcDbPolyline
 90
5
 70
1
 10
-15.819999999999999
 20
2.29
 10
-15.819999999999999
 20
2.45
 10
-21.58
 20
2.45
 10
-21.58
 20
2.29
 10
-15.819999999999999
 20
2.29
  0
LWPOLYLINE
  5
ED
330
17
100
AcDbEntity
  8
A-THIN
100
AcDbPolyline
 90
5
 70
1
 10
-15.819999999999999
 20
2.29
 10
-15.819999999999999
 20
2.45
 10
-21.58
 20
2.45
 10
-21.58
 20
2.29
 10
-15.819999999999999
 20
2.29
  0
LWPOLYLINE
  5
EE
330
17
100
AcDbEntity
  8
A-THIN
100
AcDbPolyline
 90
5
 70
1
 10
-15.819999999999999
 20
2.29
 10
-15.819999999999999
 20
2.45
 10
-21.58
 20
2.45
 10
-21.58
 20
2.29
 10
-15.819999999999999
 20
2.29
  0
LWPOLYLINE
  5
EF
330
17
100
AcDbEntity
  8
A-THIN
100
AcDbPolyline
 90
5
 70
1
 10
-15.819999999999999
 20
2.29
 10
-15.819999999999999
 20
2.45
 10
-21.58
 20
2.45
 10
-21.58
 20
2.29
 10
-15.819999999999999
 20
2.29
  0
LWPOLYLINE
  5
F0
330
17
100
AcDbEntity
  8
A-THIN
100
AcDbPolyline
 90
5
 70
1
 10
-15.819999999999999
 20
2.29
 10
-15.819999999999999
 20
2.45
 10
-21.58
 20
2.45
 10
-21.58
 20
2.29
 10
-15.819999999999999
 20
2.29
  0
LWPOLYLINE
  5
F1
330
17
100
AcDbEntity
  8
A-THIN
100
AcDbPolyline
 90
5
 70
1
 10
-15.819999999999999
 20
2.29
 10
-15.819999999999999
 20
2.45
 10
-21.58
 20
2.45
 10
-21.58
 20
2.29
 10
-15.819999999999999
 20
2.29
  0
LWPOLYLINE
  5
F2
330
17
100
AcDbEntity
  8
A-THIN
100
AcDbPolyline
 90
5
 70
1
 10
-15.819999999999999
 20
2.29
 10
-15.819999999999999
 20
2.45
 10
-21.58
 20
2.45
 10
-21.58
 20
2.29
 10
-15.819999999999999
 20
2.29
  0
LWPOLYLINE
  5
F3
330
17
100
AcDbEntity
  8
A-THIN
100
AcDbPolyline
 90
5
 70
1
 10
-15.819999999999999
 20
2.29
 10
-15.819999999999999
 20
2.45
 10
-21.58
 20
2.45
 10
-21.58
 20
2.29
 10
-15.819999999999999
 20
2.29
  0
LWPOLYLINE
  5
F4
330
17
100
AcDbEntity
  8
A-THIN
100
AcDbPolyline
 90
5
 70
1
 10
-15.819999999999999
 20
2.29
 10
-15.819999999999999
 20
2.45
 10
-21.58
 20
2.45
 10
-21.58
 20
2.29
 10
-15.819999999999999
 20
2.29
  0
LWPOLYLINE
  5
F5
330
17
100
AcDbEntity
  8
A-THIN
100
AcDbPolyline
 90
5
 70
1
 10
-21.15
 20
0.55
 10
-21.15
 20
1.1
 10
-19.25
 20
1.1
 10
-19.25
 20
0.55
 10
-21.15
 20
0.55
  0
LWPOLYLINE
  5
F6
330
17
100
AcDbEntity
  8
A-THIN
100
AcDbPolyline
 90
5
 70
1
 10
-18.15
 20
0.55
 10
-18.15
 20
1.1
 10
-16.25
 20
1.1
 10
-16.25
 20
0.55
 10
-18.15
 20
0.55
  0
LWPOLYLINE
  5
F7
330
17
100
AcDbEntity
  8
A-THIN
100
AcDbPolyline
 90
5
 70
1
 10
-15.819999999999999
 20
2.29
 10
-15.819999999999999
 20
2.45
 10
-21.58
 20
2.45
 10
-21.58
 20
2.29
 10
-15.819999999999999
 20
2.29
  0
LWPOLYLINE
  5
F8
330
17
100
AcDbEntity
  8
A-THIN
100
AcDbPolyline
 90
5
 70
1
 10
-15.819999999999999
 20
2.29
 10
-15.819999999999999
 20
2.45
 10
-21.58
 20
2.45
 10
-21.58
 20
2.29
 10
-15.819999999999999
 20
2.29
  0
LWPOLYLINE
  5
F9
330
17
100
AcDbEntity
  8
A-THIN
100
AcDbPolyline
 90
5
 70
1
 10
-15.819999999999999
 20
2.29
 10
-15.819999999999999
 20
2.45
 10
-21.58
 20
2.45
 10
-21.58
 20
2.29
 10
-15.819999999999999
 20
2.29
  0
LWPOLYLINE
  5
FA
330
17
100
AcDbEntity
  8
A-THIN
100
AcDbPolyline
 90
5
 70
1
 10
-15.819999999999999
 20
2.29
 10
-15.819999999999999
 20
2.45
 10
-21.58
 20
2.45
 10
-21.58
 20
2.29
 10
-15.819999999999999
 20
2.29
  0
LWPOLYLINE
  5
FB
330
17
100
AcDbEntity
  8
A-THIN
100
AcDbPolyline
 90
5
 70
1
 10
-29.4
 20
3.2
 10
-29.4
 20
3.2600000000000002
 10
-25.0
 20
3.2600000000000002
 10
-25.0
 20
3.2
 10
-29.4
 20
3.2
  0
LWPOLYLINE
  5
FC
330
17
100
AcDbEntity
  8
A-THIN
100
AcDbPolyline
 90
5
 70
1
 10
-29.4
 20
7.44
 10
-29.4
 20
7.5
 10
-25.0
 20
7.5
 10
-25.0
 20
7.44
 10
-29.4
 20
7.44
  0
LWPOLYLINE
  5
FD
330
17
100
AcDbEntity
  8
A-THIN
100
AcDbPolyline
 90
5
 70
1
 10
-29.319999999999993
 20
3.2
 10
-29.369999999999994
 20
3.2
 10
-29.369999999999994
 20
7.5
 10
-29.319999999999993
 20
7.5
 10
-29.319999999999993
 20
3.2
  0
LWPOLYLINE
  5
FE
330
17
100
AcDbEntity
  8
A-THIN
100
AcDbPolyline
 90
5
 70
1
 10
-29.189999999999994
 20
3.2
 10
-29.189999999999994
 20
7.5
 10
-29.139999999999993
 20
7.5
 10
-29.139999999999993
 20
3.2
 10
-29.189999999999994
 20
3.2
  0
LWPOLYLINE
  5
FF
330
17
100
AcDbEntity
  8
A-THIN
100
AcDbPolyline
 90
5
 70
1
 10
-29.009999999999994
 20
3.2
 10
-29.009999999999994
 20
7.5
 10
-28.959999999999994
 20
7.5
 10
-28.959999999999994
 20
3.2
 10
-29.009999999999994
 20
3.2
  0
LWPOLYLINE
  5
100
330
17
100
AcDbEntity
  8
A-THIN
100
AcDbPolyline
 90
5
 70
1
 10
-28.779999999999994
 20
3.2
 10
-28.829999999999995
 20
3.2
 10
-28.829999999999995
 20
7.5
 10
-28.779999999999994
 20
7.5
 10
-28.779999999999994
 20
3.2
  0
LWPOLYLINE
  5
101
330
17
100
AcDbEntity
  8
A-THIN
100
AcDbPolyline
 90
5
 70
1
 10
-28.649999999999995
 20
3.2
 10
-28.649999999999995
 20
7.5
 10
-28.599999999999994
 20
7.5
 10
-28.599999999999994
 20
3.2
 10
-28.649999999999995
 20
3.2
  0
LWPOLYLINE
  5
102
330
17
100
AcDbEntity
  8
A-THIN
100
AcDbPolyline
 90
5
 70
1
 10
-28.469999999999995
 20
3.2
 10
-28.469999999999995
 20
7.5
 10
-28.419999999999995
 20
7.5
 10
-28.419999999999995
 20
3.2
 10
-28.469999999999995
 20
3.2
  0
LWPOLYLINE
  5
103
330
17
100
AcDbEntity
  8
A-THIN
100
AcDbPolyline
 90
5
 70
1
 10
-28.239999999999995
 20
3.2
 10
-28.289999999999996
 20
3.2
 10
-28.289999999999996
 20
7.5
 10
-28.239999999999995
 20
7.5
 10
-28.239999999999995
 20
3.2
  0
LWPOLYLINE
  5
104
330
17
100
AcDbEntity
  8
A-THIN
100
AcDbPolyline
 90
5
 70
1
 10
-28.109999999999996
 20
3.2
 10
-28.109999999999996
 20
7.5
 10
-28.059999999999995
 20
7.5
 10
-28.059999999999995
 20
3.2
 10
-28.109999999999996
 20
3.2
  0
LWPOLYLINE
  5
105
330
17
100
AcDbEntity
  8
A-THIN
100
AcDbPolyline
 90
5
 70
1
 10
-27.929999999999996
 20
3.2
 10
-27.929999999999996
 20
7.5
 10
-27.879999999999995
 20
7.5
 10
-27.879999999999995
 20
3.2
 10
-27.929999999999996
 20
3.2
  0
LWPOLYLINE
  5
106
330
17
100
AcDbEntity
  8
A-THIN
100
AcDbPolyline
 90
5
 70
1
 10
-27.699999999999996
 20
3.2
 10
-27.749999999999996
 20
3.2
 10
-27.749999999999996
 20
7.5
 10
-27.699999999999996
 20
7.5
 10
-27.699999999999996
 20
3.2
  0
LWPOLYLINE
  5
107
330
17
100
AcDbEntity
  8
A-THIN
100
AcDbPolyline
 90
5
 70
1
 10
-27.569999999999997
 20
3.2
 10
-27.569999999999997
 20
7.5
 10
-27.519999999999996
 20
7.5
 10
-27.519999999999996
 20
3.2
 10
-27.569999999999997
 20
3.2
  0
LWPOLYLINE
  5
108
330
17
100
AcDbEntity
  8
A-THIN
100
AcDbPolyline
 90
5
 70
1
 10
-27.389999999999997
 20
3.2
 10
-27.389999999999997
 20
7.5
 10
-27.339999999999996
 20
7.5
 10
-27.339999999999996
 20
3.2
 10
-27.389999999999997
 20
3.2
  0
LWPOLYLINE
  5
109
330
17
100
AcDbEntity
  8
A-THIN
100
AcDbPolyline
 90
5
 70
1
 10
-27.159999999999997
 20
3.2
 10
-27.209999999999997
 20
3.2
 10
-27.209999999999997
 20
7.5
 10
-27.159999999999997
 20
7.5
 10
-27.159999999999997
 20
3.2
  0
LWPOLYLINE
  5
10A
330
17
100
AcDbEntity
  8
A-THIN
100
AcDbPolyline
 90
5
 70
1
 10
-27.029999999999998
 20
3.2
 10
-27.029999999999998
 20
7.5
 10
-26.979999999999997
 20
7.5
 10
-26.979999999999997
 20
3.2
 10
-27.029999999999998
 20
3.2
  0
LWPOLYLINE
  5
10B
330
17
100
AcDbEntity
  8
A-THIN
100
AcDbPolyline
 90
5
 70
1
 10
-26.849999999999998
 20
3.2
 10
-26.849999999999998
 20
7.5
 10
-26.799999999999997
 20
7.5
 10
-26.799999999999997
 20
3.2
 10
-26.849999999999998
 20
3.2
  0
LWPOLYLINE
  5
10C
330
17
100
AcDbEntity
  8
A-THIN
100
AcDbPolyline
 90
5
 70
1
 10
-26.619999999999997
 20
3.2
 10
-26.669999999999998
 20
3.2
 10
-26.669999999999998
 20
7.5
 10
-26.619999999999997
 20
7.5
 10
-26.619999999999997
 20
3.2
  0
LWPOLYLINE
  5
10D
330
17
100
AcDbEntity
  8
A-THIN
100
AcDbPolyline
 90
5
 70
1
 10
-26.49
 20
3.2
 10
-26.49
 20
7.5
 10
-26.439999999999998
 20
7.5
 10
-26.439999999999998
 20
3.2
 10
-26.49
 20
3.2
  0
LWPOLYLINE
  5
10E
330
17
100
AcDbEntity
  8
A-THIN
100
AcDbPolyline
 90
5
 70
1
 10
-26.31
 20
3.2
 10
-26.31
 20
7.5
 10
-26.259999999999998
 20
7.5
 10
-26.259999999999998
 20
3.2
 10
-26.31
 20
3.2
  0
LWPOLYLINE
  5
10F
330
17
100
AcDbEntity
  8
A-THIN
100
AcDbPolyline
 90
5
 70
1
 10
-26.08
 20
3.2
 10
-26.13
 20
3.2
 10
-26.13
 20
7.5
 10
-26.08
 20
7.5
 10
-26.08
 20
3.2
  0
LWPOLYLINE
  5
110
330
17
100
AcDbEntity
  8
A-THIN
100
AcDbPolyline
 90
5
 70
1
 10
-25.95
 20
3.2
 10
-25.95
 20
7.5
 10
-25.9
 20
7.5
 10
-25.9
 20
3.2
 10
-25.95
 20
3.2
  0
LWPOLYLINE
  5
111
330
17
100
AcDbEntity
  8
A-THIN
100
AcDbPolyline
 90
5
 70
1
 10
-25.77
 20
3.2
 10
-25.77
 20
7.5
 10
-25.72
 20
7.5
 10
-25.72
 20
3.2
 10
-25.77
 20
3.2
  0
LWPOLYLINE
  5
112
330
17
100
AcDbEntity
  8
A-THIN
100
AcDbPolyline
 90
5
 70
1
 10
-25.59
 20
3.2
 10
-25.59
 20
7.5
 10
-25.54
 20
7.5
 10
-25.54
 20
3.2
 10
-25.59
 20
3.2
  0
LWPOLYLINE
  5
113
330
17
100
AcDbEntity
  8
A-THIN
100
AcDbPolyline
 90
5
 70
1
 10
-25.41
 20
3.2
 10
-25.41
 20
7.5
 10
-25.36
 20
7.5
 10
-25.36
 20
3.2
 10
-25.41
 20
3.2
  0
LWPOLYLINE
  5
114
330
17
100
AcDbEntity
  8
A-THIN
100
AcDbPolyline
 90
5
 70
1
 10
-25.23
 20
3.2
 10
-25.23
 20
7.5
 10
-25.18
 20
7.5
 10
-25.18
 20
3.2
 10
-25.23
 20
3.2
  0
LWPOLYLINE
  5
115
330
17
100
AcDbEntity
  8
A-THIN
100
AcDbPolyline
 90
5
 70
1
 10
-25.05
 20
3.2
 10
-25.05
 20
7.5
 10
-25.0
 20
7.5
 10
-25.0
 20
3.2
 10
-25.05
 20
3.2
  0
LWPOLYLINE
  5
116
330
17
100
AcDbEntity
  8
A-THIN
100
AcDbPolyline
 90
5
 70
1
 10
-21.25
 20
-0.15
 10
-21.25
 20
0.55
 10
-19.15
 20
0.55
 10
-19.15
 20
-0.15
 10
-21.25
 20
-0.15
  0
LWPOLYLINE
  5
117
330
17
100
AcDbEntity
  8
A-THIN
100
AcDbPolyline
 90
5
 70
1
 10
-18.25
 20
-0.15
 10
-18.25
 20
0.55
 10
-16.15
 20
0.55
 10
-16.15
 20
-0.15
 10
-18.25
 20
-0.15
  0
LWPOLYLINE
  5
118
330
17
100
AcDbEntity
  8
A-THIN
100
AcDbPolyline
 90
5
 70
1
 10
-15.819999999999999
 20
2.29
 10
-15.819999999999999
 20
2.45
 10
-21.58
 20
2.45
 10
-21.58
 20
2.29
 10
-15.819999999999999
 20
2.29
  0
LWPOLYLINE
  5
119
330
17
100
AcDbEntity
  8
A-THIN
100
AcDbPolyline
 90
5
 70
1
 10
-25.7
 20
3.6
 10
-25.7
 20
4.65
 10
-28.7
 20
4.65
 10
-28.7
 20
3.6
 10
-25.7
 20
3.6
  0
LWPOLYLINE
  5
11A
330
17
100
AcDbEntity
  8
A-THIN
100
AcDbPolyline
 90
5
 70
1
 10
-25.7
 20
4.62
 10
-25.7
 20
4.65
 10
-28.7
 20
4.65
 10
-28.7
 20
4.62
 10
-25.7
 20
4.62
  0
LWPOLYLINE
  5
11B
330
17
100
AcDbEntity
  8
A-THIN
100
AcDbPolyline
 90
21
 70
1
 10
-32.0
 20
-0.15
 10
-32.0
 20
3.55
 10
-31.5
 20
3.55
 10
-30.6
 20
3.55
 10
-30.5
 20
3.55
 10
-29.1
 20
3.55
 10
-26.4
 20
3.55
 10
-25.5
 20
3.55
 10
-25.0
 20
3.55
 10
-22.0
 20
3.55
 10
-21.0
 20
3.55
 10
-21.0
 20
-0.15
 10
-22.0
 20
-0.15
 10
-25.0
 20
-0.15
 10
-25.5
 20
-0.15
 10
-26.4
 20
-0.15
 10
-29.1
 20
-0.15
 10
-30.5
 20
-0.15
 10
-30.6
 20
-0.15
 10
-31.5
 20
-0.15
 10
-32.0
 20
-0.15
  0
LWPOLYLINE
  5
11C
330
17
100
AcDbEntity
  8
A-THIN
100
AcDbPolyline
 90
5
 70
1
 10
-30.5
 20
0.0
 10
-29.1
 20
0.0
 10
-29.1
 20
2.9
 10
-30.5
 20
2.9
 10
-30.5
 20
0.0
  0
LWPOLYLINE
  5
11D
330
17
100
AcDbEntity
  8
A-THIN
100
AcDbPolyline
 90
5
 70
1
 10
-26.4
 20
0.0
 10
-25.5
 20
0.0
 10
-25.5
 20
2.3
 10
-26.4
 20
2.3
 10
-26.4
 20
0.0
  0
LWPOLYLINE
  5
11E
330
17
100
AcDbEntity
  8
A-THIN
100
AcDbPolyline
 90
5
 70
1
 10
-30.6
 20
0.0
 10
-30.6
 20
2.9
 10
-31.5
 20
2.9
 10
-31.5
 20
0.0
 10
-30.6
 20
0.0
  0
LWPOLYLINE
  5
11F
330
17
100
AcDbEntity
  8
A-THIN
100
AcDbPolyline
 90
5
 70
1
 10
-22.0
 20
2.4
 10
-25.0
 20
2.4
 10
-25.0
 20
1.05
 10
-22.0
 20
1.05
 10
-22.0
 20
2.4
  0
LWPOLYLINE
  5
120
330
17
100
AcDbEntity
  8
A-THIN
100
AcDbPolyline
 90
9
 70
1
 10
-28.7
 20
3.1500000000000004
 10
-32.0
 20
3.1500000000000004
 10
-32.0
 20
7.5
 10
-28.7
 20
7.5
 10
-25.7
 20
7.5
 10
-25.0
 20
7.5
 10
-25.0
 20
3.1500000000000004
 10
-25.7
 20
3.1500000000000004
 10
-28.7
 20
3.1500000000000004
  0
LWPOLYLINE
  5
121
330
17
100
AcDbEntity
  8
A-THIN
100
AcDbPolyline
 90
5
 70
1
 10
-28.7
 20
4.1
 10
-25.7
 20
4.1
 10
-25.7
 20
6.4
 10
-28.7
 20
6.4
 10
-28.7
 20
4.1
  0
LWPOLYLINE
  5
122
330
17
100
AcDbEntity
  8
A-THIN
100
AcDbPolyline
 90
5
 70
1
 10
-28.4
 20
2.8499999999999996
 10
-28.4
 20
3.05
 10
-31.8
 20
3.05
 10
-31.8
 20
2.8499999999999996
 10
-28.4
 20
2.8499999999999996
  0
LWPOLYLINE
  5
123
330
17
100
AcDbEntity
  8
A-THIN
100
AcDbPolyline
 90
5
 70
1
 10
-21.1
 20
3.75
 10
-21.1
 20
4.7
 10
-25.0
 20
4.7
 10
-25.0
 20
3.75
 10
-21.1
 20
3.75
  0
LWPOLYLINE
  5
124
330
17
100
AcDbEntity
  8
A-THIN
100
AcDbPolyline
 90
5
 70
1
 10
-21.1
 20
4.67
 10
-21.1
 20
4.7
 10
-25.0
 20
4.7
 10
-25.0
 20
4.67
 10
-21.1
 20
4.67
  0
LWPOLYLINE
  5
125
330
17
100
AcDbEntity
  8
A-THIN
100
AcDbPolyline
 90
5
 70
1
 10
-31.45
 20
0.05
 10
-31.45
 20
2.85
 10
-30.650000000000002
 20
2.85
 10
-30.650000000000002
 20
0.05
 10
-31.45
 20
0.05
  0
LWPOLYLINE
  5
126
330
17
100
AcDbEntity
  8
A-THIN
100
AcDbPolyline
 90
5
 70
1
 10
-24.93
 20
2.33
 10
-22.07
 20
2.33
 10
-22.07
 20
1.12
 10
-24.93
 20
1.12
 10
-24.93
 20
2.33
  0
LWPOLYLINE
  5
127
330
17
100
AcDbEntity
  8
A-THIN
100
AcDbPolyline
 90
5
 70
1
 10
-28.63
 20
6.33
 10
-25.77
 20
6.33
 10
-25.77
 20
4.17
 10
-28.63
 20
4.17
 10
-28.63
 20
6.33
  0
LWPOLYLINE
  5
128
330
17
100
AcDbEntity
  8
A-THIN
100
AcDbPolyline
 90
5
 70
1
 10
-25.5
 20
0.0
 10
-25.5
 20
2.3
 10
-26.4
 20
2.3
 10
-26.4
 20
0.0
 10
-25.5
 20
0.0
  0
LWPOLYLINE
  5
129
330
17
100
AcDbEntity
  8
A-THIN
100
AcDbPolyline
 90
13
 70
1
 10
-31.45
 20
0.0
 10
-31.5
 20
0.0
 10
-31.5
 20
0.05
 10
-31.5
 20
2.85
 10
-31.5
 20
2.9
 10
-31.45
 20
2.9
 10
-30.650000000000002
 20
2.9
 10
-30.6
 20
2.9
 10
-30.6
 20
2.85
 10
-30.6
 20
0.05
 10
-30.6
 20
0.0
 10
-30.650000000000002
 20
0.0
 10
-31.45
 20
0.0
  0
LWPOLYLINE
  5
12A
330
17
100
AcDbEntity
  8
A-THIN
100
AcDbPolyline
 90
5
 70
1
 10
-30.650000000000002
 20
0.05
 10
-30.650000000000002
 20
2.85
 10
-31.45
 20
2.85
 10
-31.45
 20
0.05
 10
-30.650000000000002
 20
0.05
  0
LWPOLYLINE
  5
12B
330
17
100
AcDbEntity
  8
A-THIN
100
AcDbPolyline
 90
17
 70
1
 10
-28.7
 20
6.4
 10
-28.63
 20
6.4
 10
-27.23
 20
6.4
 10
-27.169999999999998
 20
6.4
 10
-25.77
 20
6.4
 10
-25.7
 20
6.4
 10
-25.7
 20
6.33
 10
-25.7
 20
4.17
 10
-25.7
 20
4.1
 10
-25.77
 20
4.1
 10
-27.169999999999998
 20
4.1
 10
-27.23
 20
4.1
 10
-28.63
 20
4.1
 10
-28.7
 20
4.1
 10
-28.7
 20
4.17
 10
-28.7
 20
6.33
 10
-28.7
 20
6.4
  0
LWPOLYLINE
  5
12C
330
17
100
AcDbEntity
  8
A-THIN
100
AcDbPolyline
 90
5
 70
1
 10
-27.169999999999998
 20
6.33
 10
-27.169999999999998
 20
4.17
 10
-25.77
 20
4.17
 10
-25.77
 20
6.33
 10
-27.169999999999998
 20
6.33
  0
LWPOLYLINE
  5
12D
330
17
100
AcDbEntity
  8
A-THIN
100
AcDbPolyline
 90
5
 70
1
 10
-28.63
 20
6.33
 10
-28.63
 20
4.17
 10
-27.23
 20
4.17
 10
-27.23
 20
6.33
 10
-28.63
 20
6.33
  0
LWPOLYLINE
  5
12E
330
17
100
AcDbEntity
  8
A-THIN
100
AcDbPolyline
 90
17
 70
1
 10
-22.07
 20
1.05
 10
-23.47
 20
1.05
 10
-23.53
 20
1.05
 10
-24.93
 20
1.05
 10
-25.0
 20
1.05
 10
-25.0
 20
1.12
 10
-25.0
 20
2.33
 10
-25.0
 20
2.4
 10
-24.93
 20
2.4
 10
-23.53
 20
2.4
 10
-23.47
 20
2.4
 10
-22.07
 20
2.4
 10
-22.0
 20
2.4
 10
-22.0
 20
2.33
 10
-22.0
 20
1.12
 10
-22.0
 20
1.05
 10
-22.07
 20
1.05
  0
LWPOLYLINE
  5
12F
330
17
100
AcDbEntity
  8
A-THIN
100
AcDbPolyline
 90
5
 70
1
 10
-23.53
 20
1.12
 10
-23.53
 20
2.33
 10
-24.93
 20
2.33
 10
-24.93
 20
1.12
 10
-23.53
 20
1.12
  0
LWPOLYLINE
  5
130
330
17
100
AcDbEntity
  8
A-THIN
100
AcDbPolyline
 90
5
 70
1
 10
-22.07
 20
1.12
 10
-22.07
 20
2.33
 10
-23.47
 20
2.33
 10
-23.47
 20
1.12
 10
-22.07
 20
1.12
  0
LWPOLYLINE
  5
131
330
17
100
AcDbEntity
  8
A-THIN
100
AcDbPolyline
 90
5
 70
1
 10
-25.0
 20
6.9
 10
-25.0
 20
7.5
 10
-32.0
 20
7.5
 10
-32.0
 20
6.9
 10
-25.0
 20
6.9
  0
LWPOLYLINE
  5
132
330
17
100
AcDbEntity
  8
A-THIN
100
AcDbPolyline
 90
5
 70
1
 10
-21.0
 20
3.5
 10
-21.0
 20
3.75
 10
-25.0
 20
3.75
 10
-25.0
 20
3.5
 10
-21.0
 20
3.5
  0
LWPOLYLINE
  5
133
330
17
100
AcDbEntity
  8
A-THIN
100
AcDbPolyline
 90
5
 70
1
 10
-15.819999999999999
 20
2.29
 10
-15.819999999999999
 20
2.45
 10
-21.58
 20
2.45
 10
-21.58
 20
2.29
 10
-15.819999999999999
 20
2.29
  0
LWPOLYLINE
  5
134
330
17
100
AcDbEntity
  8
A-THIN
100
AcDbPolyline
 90
5
 70
1
 10
-29.1
 20
0.0
 10
-29.1
 20
2.9
 10
-30.5
 20
2.9
 10
-30.5
 20
0.0
 10
-29.1
 20
0.0
  0
LWPOLYLINE
  5
135
330
17
100
AcDbEntity
  8
A-THIN
100
AcDbPolyline
 90
5
 70
1
 10
-25.2
 20
7.5
 10
-25.2
 20
8.1
 10
-31.8
 20
8.1
 10
-31.8
 20
7.5
 10
-25.2
 20
7.5
  0
LWPOLYLINE
  5
136
330
17
100
AcDbEntity
  8
A-THIN
100
AcDbPolyline
 90
5
 70
1
 10
-25.2
 20
8.07
 10
-25.2
 20
8.1
 10
-31.8
 20
8.1
 10
-31.8
 20
8.07
 10
-25.2
 20
8.07
  0
LWPOLYLINE
  5
137
330
17
100
AcDbEntity
  8
A-THIN
100
AcDbPolyline
 90
21
 70
1
 10
-29.1
 20
3.2
 10
-26.4
 20
3.2
 10
-25.5
 20
3.2
 10
-25.0
 20
3.2
 10
-22.0
 20
3.2
 10
-21.0
 20
3.2
 10
-21.0
 20
-0.1
 10
-22.0
 20
-0.1
 10
-25.0
 20
-0.1
 10
-25.5
 20
-0.1
 10
-26.4
 20
-0.1
 10
-29.1
 20
-0.1
 10
-30.5
 20
-0.1
 10
-30.6
 20
-0.1
 10
-31.5
 20
-0.1
 10
-32.0
 20
-0.1
 10
-32.0
 20
3.2
 10
-31.5
 20
3.2
 10
-30.6
 20
3.2
 10
-30.5
 20
3.2
 10
-29.1
 20
3.2
  0
LWPOLYLINE
  5
138
330
17
100
AcDbEntity
  8
A-THIN
100
AcDbPolyline
 90
5
 70
1
 10
-26.4
 20
0.0
 10
-25.5
 20
0.0
 10
-25.5
 20
2.3
 10
-26.4
 20
2.3
 10
-26.4
 20
0.0
  0
LWPOLYLINE
  5
139
330
17
100
AcDbEntity
  8
A-THIN
100
AcDbPolyline
 90
5
 70
1
 10
-31.5
 20
2.9
 10
-31.5
 20
0.0
 10
-30.6
 20
0.0
 10
-30.6
 20
2.9
 10
-31.5
 20
2.9
  0
LWPOLYLINE
  5
13A
330
17
100
AcDbEntity
  8
A-THIN
100
AcDbPolyline
 90
5
 70
1
 10
-29.1
 20
0.0
 10
-29.1
 20
2.9
 10
-30.5
 20
2.9
 10
-30.5
 20
0.0
 10
-29.1
 20
0.0
  0
LWPOLYLINE
  5
13B
330
17
100
AcDbEntity
  8
A-THIN
100
AcDbPolyline
 90
5
 70
1
 10
-22.0
 20
1.05
 10
-22.0
 20
2.4
 10
-25.0
 20
2.4
 10
-25.0
 20
1.05
 10
-22.0
 20
1.05
  0
LWPOLYLINE
  5
13C
330
17
100
AcDbEntity
  8
A-THIN
100
AcDbPolyline
 90
9
 70
1
 10
-28.7
 20
3.5
 10
-32.0
 20
3.5
 10
-32.0
 20
6.6000000000000005
 10
-28.7
 20
6.6000000000000005
 10
-25.7
 20
6.6000000000000005
 10
-25.0
 20
6.6000000000000005
 10
-25.0
 20
3.5
 10
-25.7
 20
3.5
 10
-28.7
 20
3.5
  0
LWPOLYLINE
  5
13D
330
17
100
AcDbEntity
  8
A-THIN
100
AcDbPolyline
 90
5
 70
1
 10
-25.7
 20
4.1
 10
-25.7
 20
6.4
 10
-28.7
 20
6.4
 10
-28.7
 20
4.1
 10
-25.7
 20
4.1
  0
LWPOLYLINE
  5
13E
330
17
100
AcDbEntity
  8
A-THIN
100
AcDbPolyline
 90
5
 70
1
 10
-21.0
 20
-0.1
 10
-21.0
 20
3.2
 10
-21.299999999999997
 20
3.2
 10
-21.299999999999997
 20
-0.1
 10
-21.0
 20
-0.1
  0
LWPOLYLINE
  5
13F
330
17
100
AcDbEntity
  8
A-THIN
100
AcDbPolyline
 90
5
 70
1
 10
-21.625
 20
-0.15
 10
-21.625
 20
2.25
 10
-21.475
 20
2.25
 10
-21.475
 20
-0.15
 10
-21.625
 20
-0.15
  0
LWPOLYLINE
  5
140
330
17
100
AcDbEntity
  8
A-THIN
100
AcDbPolyline
 90
5
 70
1
 10
-15.924999999999999
 20
-0.15
 10
-15.924999999999999
 20
2.25
 10
-15.775
 20
2.25
 10
-15.775
 20
-0.15
 10
-15.924999999999999
 20
-0.15
  0
LWPOLYLINE
  5
141
330
17
100
AcDbEntity
  8
A-THIN
100
AcDbPolyline
 90
9
 70
1
 10
-21.58
 20
2.47
 10
-15.819999999999999
 20
2.47
 10
-15.7
 20
2.47
 10
-15.7
 20
2.25
 10
-15.819999999999999
 20
2.25
 10
-21.58
 20
2.25
 10
-21.7
 20
2.25
 10
-21.7
 20
2.47
 10
-21.58
 20
2.47
  0
LWPOLYLINE
  5
142
330
17
100
AcDbEntity
  8
A-THIN
100
AcDbPolyline
 90
5
 70
1
 10
-27.4
 20
9.7
 10
-27.4
 20
9.92
 10
-31.7
 20
9.92
 10
-31.7
 20
9.7
 10
-27.4
 20
9.7
  0
LWPOLYLINE
  5
143
330
17
100
AcDbEntity
  8
A-THIN
100
AcDbPolyline
 90
5
 70
1
 10
-31.625
 20
7.0
 10
-31.625
 20
9.7
 10
-31.475
 20
9.7
 10
-31.475
 20
7.0
 10
-31.625
 20
7.0
  0
LWPOLYLINE
  5
144
330
17
100
AcDbEntity
  8
A-THIN
100
AcDbPolyline
 90
5
 70
1
 10
-27.625
 20
7.0
 10
-27.625
 20
9.7
 10
-27.475
 20
9.7
 10
-27.475
 20
7.0
 10
-27.625
 20
7.0
  0
LWPOLYLINE
  5
145
330
17
100
AcDbEntity
  8
A-THIN
100
AcDbPolyline
 90
5
 70
1
 10
-31.900000000000002
 20
-0.1
 10
-31.900000000000002
 20
3.2
 10
-31.700000000000003
 20
3.2
 10
-31.700000000000003
 20
-0.1
 10
-31.900000000000002
 20
-0.1
  0
LWPOLYLINE
  5
146
330
17
100
AcDbEntity
  8
A-THIN
100
AcDbPolyline
 90
5
 70
1
 10
-21.299999999999997
 20
3.2
 10
-21.099999999999998
 20
3.2
 10
-21.099999999999998
 20
-0.1
 10
-21.299999999999997
 20
-0.1
 10
-21.299999999999997
 20
3.2
  0
LWPOLYLINE
  5
147
330
17
100
AcDbEntity
  8
A-THIN
100
AcDbPolyline
 90
5
 70
1
 10
-25.299999999999997
 20
6.6000000000000005
 10
-25.099999999999998
 20
6.6000000000000005
 10
-25.099999999999998
 20
3.5
 10
-25.299999999999997
 20
3.5
 10
-25.299999999999997
 20
6.6000000000000005
  0
LWPOLYLINE
  5
148
330
17
100
AcDbEntity
  8
A-THIN
100
AcDbPolyline
 90
5
 70
1
 10
-32.0
 20
-0.15
 10
-32.0
 20
3.55
 10
-31.900000000000002
 20
3.55
 10
-31.900000000000002
 20
-0.15
 10
-32.0
 20
-0.15
  0
LWPOLYLINE
  5
149
330
17
100
AcDbEntity
  8
A-THIN
100
AcDbPolyline
 90
5
 70
1
 10
-21.099999999999998
 20
-0.15
 10
-21.099999999999998
 20
3.55
 10
-21.0
 20
3.55
 10
-21.0
 20
-0.15
 10
-21.099999999999998
 20
-0.15
  0
LWPOLYLINE
  5
14A
330
17
100
AcDbEntity
  8
A-THIN
100
AcDbPolyline
 90
5
 70
1
 10
-25.0
 20
3.1500000000000004
 10
-25.0
 20
7.5
 10
-25.099999999999998
 20
7.5
 10
-25.099999999999998
 20
3.1500000000000004
 10
-25.0
 20
3.1500000000000004
  0
LWPOLYLINE
  5
14B
330
17
100
AcDbEntity
  8
A-THIN
100
AcDbPolyline
 90
5
 70
1
 10
-25.139999999999997
 20
3.6
 10
-25.139999999999997
 20
6.4
 10
-25.2
 20
6.4
 10
-25.2
 20
3.6
 10
-25.139999999999997
 20
3.6
  0
LWPOLYLINE
  5
14C
330
17
100
AcDbEntity
  8
A-THIN
100
AcDbPolyline
 90
5
 70
1
 10
-21.2
 20
1.05
 10
-21.2
 20
2.4
 10
-21.139999999999997
 20
2.4
 10
-21.139999999999997
 20
1.05
 10
-21.2
 20
1.05
  0
LWPOLYLINE
  5
14D
330
17
100
AcDbEntity
  8
A-THIN
100
AcDbPolyline
 90
5
 70
1
 10
-31.860000000000003
 20
3.0
 10
-31.8
 20
3.0
 10
-31.8
 20
2.1
 10
-31.860000000000003
 20
2.1
 10
-31.860000000000003
 20
3.0
  0
LWPOLYLINE
  5
14E
330
17
100
AcDbEntity
  8
A-THIN
100
AcDbPolyline
 90
5
 70
1
 10
-21.0
 20
3.12
 10
-16.8
 20
3.12
 10
-16.8
 20
2.9
 10
-21.0
 20
2.9
 10
-21.0
 20
3.12
  0
LWPOLYLINE
  5
14F
330
17
100
AcDbEntity
  8
A-THIN
100
AcDbPolyline
 90
5
 70
1
 10
-16.875
 20
-0.15
 10
-16.875
 20
2.9
 10
-17.025
 20
2.9
 10
-17.025
 20
-0.15
 10
-16.875
 20
-0.15
  0
LWPOLYLINE
  5
150
330
17
100
AcDbEntity
  8
A-THIN
100
AcDbPolyline
 90
5
 70
1
 10
-31.700000000000003
 20
3.5
 10
-31.700000000000003
 20
6.6000000000000005
 10
-31.900000000000002
 20
6.6000000000000005
 10
-31.900000000000002
 20
3.5
 10
-31.700000000000003
 20
3.5
  0
LWPOLYLINE
  5
151
330
17
100
AcDbEntity
  8
A-THIN
100
AcDbPolyline
 90
5
 70
1
 10
-31.900000000000002
 20
3.1500000000000004
 10
-31.900000000000002
 20
7.5
 10
-32.0
 20
7.5
 10
-32.0
 20
3.1500000000000004
 10
-31.900000000000002
 20
3.1500000000000004
  0
LWPOLYLINE
  5
152
330
17
100
AcDbEntity
  8
A-THIN
100
AcDbPolyline
 90
5
 70
1
 10
-31.8
 20
5.1
 10
-31.8
 20
6.0
 10
-31.860000000000003
 20
6.0
 10
-31.860000000000003
 20
5.1
 10
-31.8
 20
5.1
  0
LWPOLYLINE
  5
153
330
17
100
AcDbEntity
  8
A-THIN
100
AcDbPolyline
 90
5
 70
1
 10
-25.6
 20
3.6
 10
-25.6
 20
4.35
 10
-26.900000000000002
 20
4.35
 10
-26.900000000000002
 20
3.6
 10
-25.6
 20
3.6
  0
LWPOLYLINE
  5
154
330
17
100
AcDbEntity
  8
A-THIN
100
AcDbPolyline
 90
5
 70
1
 10
-21.45
 20
0.0
 10
-21.45
 20
0.92
 10
-25.05
 20
0.92
 10
-25.05
 20
0.0
 10
-21.45
 20
0.0
  0
LWPOLYLINE
  5
155
330
17
100
AcDbEntity
  8
A-THIN
100
AcDbPolyline
 90
5
 70
1
 10
-28.9
 20
3.6
 10
-28.9
 20
4.1
 10
-29.349999999999998
 20
4.1
 10
-29.349999999999998
 20
3.6
 10
-28.9
 20
3.6
  0
LWPOLYLINE
  5
156
330
17
100
AcDbEntity
  8
A-THIN
100
AcDbPolyline
 90
5
 70
1
 10
-21.139999999999997
 20
1.05
 10
-21.139999999999997
 20
2.4
 10
-21.2
 20
2.4
 10
-21.2
 20
1.05
 10
-21.139999999999997
 20
1.05
  0
LWPOLYLINE
  5
157
330
17
100
AcDbEntity
  8
A-THIN
100
AcDbPolyline
 90
5
 70
1
 10
-31.8
 20
5.1
 10
-31.8
 20
6.0
 10
-31.860000000000003
 20
6.0
 10
-31.860000000000003
 20
5.1
 10
-31.8
 20
5.1
  0
LWPOLYLINE
  5
158
330
17
100
AcDbEntity
  8
A-THIN
100
AcDbPolyline
 90
5
 70
1
 10
-31.8
 20
2.1
 10
-31.8
 20
3.0
 10
-31.860000000000003
 20
3.0
 10
-31.860000000000003
 20
2.1
 10
-31.8
 20
2.1
  0
LWPOLYLINE
  5
159
330
17
100
AcDbEntity
  8
A-THIN
100
AcDbPolyline
 90
5
 70
1
 10
-24.43
 20
0.0
 10
-24.43
 20
2.6
 10
-25.05
 20
2.6
 10
-25.05
 20
0.0
 10
-24.43
 20
0.0
  0
LWPOLYLINE
  5
15A
330
17
100
AcDbEntity
  8
A-THIN
100
AcDbPolyline
 90
5
 70
1
 10
-31.15
 20
0.0
 10
-31.15
 20
0.45
 10
-31.599999999999998
 20
0.45
 10
-31.599999999999998
 20
0.0
 10
-31.15
 20
0.0
  0
LWPOLYLINE
  5
15B
330
17
100
AcDbEntity
  8
A-THIN
100
AcDbPolyline
 90
5
 70
1
 10
-21.157999999999998
 20
1.12
 10
-21.157999999999998
 20
2.33
 10
-21.182
 20
2.33
 10
-21.182
 20
1.12
 10
-21.157999999999998
 20
1.12
  0
LWPOLYLINE
  5
15C
330
17
100
AcDbEntity
  8
A-THIN
100
AcDbPolyline
 90
5
 70
1
 10
-31.818
 20
5.17
 10
-31.818
 20
5.93
 10
-31.842000000000002
 20
5.93
 10
-31.842000000000002
 20
5.17
 10
-31.818
 20
5.17
  0
LWPOLYLINE
  5
15D
330
17
100
AcDbEntity
  8
A-THIN
100
AcDbPolyline
 90
5
 70
1
 10
-21.299999999999997
 20
1.05
 10
-21.099999999999998
 20
1.05
 10
-21.099999999999998
 20
-0.1
 10
-21.299999999999997
 20
-0.1
 10
-21.299999999999997
 20
1.05
  0
LWPOLYLINE
  5
15E
330
17
100
AcDbEntity
  8
A-THIN
100
AcDbPolyline
 90
5
 70
1
 10
-21.299999999999997
 20
3.2
 10
-21.099999999999998
 20
3.2
 10
-21.099999999999998
 20
2.4
 10
-21.299999999999997
 20
2.4
 10
-21.299999999999997
 20
3.2
  0
LWPOLYLINE
  5
15F
330
17
100
AcDbEntity
  8
A-THIN
100
AcDbPolyline
 90
5
 70
1
 10
-31.900000000000002
 20
5.1
 10
-31.700000000000003
 20
5.1
 10
-31.700000000000003
 20
3.5
 10
-31.900000000000002
 20
3.5
 10
-31.900000000000002
 20
5.1
  0
LWPOLYLINE
  5
160
330
17
100
AcDbEntity
  8
A-THIN
100
AcDbPolyline
 90
5
 70
1
 10
-31.900000000000002
 20
6.6000000000000005
 10
-31.700000000000003
 20
6.6000000000000005
 10
-31.700000000000003
 20
6.0
 10
-31.900000000000002
 20
6.0
 10
-31.900000000000002
 20
6.6000000000000005
  0
LWPOLYLINE
  5
161
330
17
100
AcDbEntity
  8
A-THIN
100
AcDbPolyline
 90
5
 70
1
 10
-21.099999999999998
 20
-0.15
 10
-21.099999999999998
 20
1.05
 10
-21.0
 20
1.05
 10
-21.0
 20
-0.15
 10
-21.099999999999998
 20
-0.15
  0
LWPOLYLINE
  5
162
330
17
100
AcDbEntity
  8
A-THIN
100
AcDbPolyline
 90
5
 70
1
 10
-21.099999999999998
 20
2.4
 10
-21.099999999999998
 20
3.55
 10
-21.0
 20
3.55
 10
-21.0
 20
2.4
 10
-21.099999999999998
 20
2.4
  0
LWPOLYLINE
  5
163
330
17
100
AcDbEntity
  8
A-THIN
100
AcDbPolyline
 90
9
 70
1
 10
-21.2
 20
1.05
 10
-21.2
 20
1.12
 10
-21.2
 20
2.33
 10
-21.2
 20
2.4
 10
-21.139999999999997
 20
2.4
 10
-21.139999999999997
 20
2.33
 10
-21.139999999999997
 20
1.12
 10
-21.139999999999997
 20
1.05
 10
-21.2
 20
1.05
  0
LWPOLYLINE
  5
164
330
17
100
AcDbEntity
  8
A-THIN
100
AcDbPolyline
 90
9
 70
1
 10
-31.860000000000003
 20
5.1
 10
-31.860000000000003
 20
5.17
 10
-31.860000000000003
 20
5.93
 10
-31.860000000000003
 20
6.0
 10
-31.8
 20
6.0
 10
-31.8
 20
5.93
 10
-31.8
 20
5.17
 10
-31.8
 20
5.1
 10
-31.860000000000003
 20
5.1
  0
LWPOLYLINE
  5
165
330
17
100
AcDbEntity
  8
A-THIN
100
AcDbPolyline
 90
5
 70
1
 10
-32.0
 20
3.1500000000000004
 10
-32.0
 20
5.1
 10
-31.900000000000002
 20
5.1
 10
-31.900000000000002
 20
3.1500000000000004
 10
-32.0
 20
3.1500000000000004
  0
LWPOLYLINE
  5
166
330
17
100
AcDbEntity
  8
A-THIN
100
AcDbPolyline
 90
5
 70
1
 10
-32.0
 20
6.0
 10
-32.0
 20
7.5
 10
-31.900000000000002
 20
7.5
 10
-31.900000000000002
 20
6.0
 10
-32.0
 20
6.0
  0
LWPOLYLINE
  5
167
330
17
100
AcDbEntity
  8
A-THIN
100
AcDbPolyline
 90
5
 70
1
 10
-27.4
 20
3.6
 10
-27.4
 20
4.15
 10
-29.4
 20
4.15
 10
-29.4
 20
3.6
 10
-27.4
 20
3.6
  0
LWPOLYLINE
  5
168
330
17
100
AcDbEntity
  8
A-THIN
100
AcDbPolyline
 90
5
 70
1
 10
-25.139999999999997
 20
3.6
 10
-25.139999999999997
 20
6.4
 10
-25.2
 20
6.4
 10
-25.2
 20
3.6
 10
-25.139999999999997
 20
3.6
  0
LWPOLYLINE
  5
169
330
17
100
AcDbEntity
  8
A-THIN
100
AcDbPolyline
 90
5
 70
1
 10
-24.43
 20
0.0
 10
-24.43
 20
2.2
 10
-25.05
 20
2.2
 10
-25.05
 20
0.0
 10
-24.43
 20
0.0
  0
LWPOLYLINE
  5
16A
330
17
100
AcDbEntity
  8
A-THIN
100
AcDbPolyline
 90
5
 70
1
 10
-25.049999999999997
 20
-0.1
 10
-25.049999999999997
 20
3.2
 10
-25.25
 20
3.2
 10
-25.25
 20
-0.1
 10
-25.049999999999997
 20
-0.1
  0
LWPOLYLINE
  5
16B
330
17
100
AcDbEntity
  8
A-THIN
100
AcDbPolyline
 90
5
 70
1
 10
-9.5
 20
-0.15
 10
-9.5
 20
-0.13999999999999999
 10
-13.5
 20
-0.13999999999999999
 10
-13.5
 20
-0.15
 10
-9.5
 20
-0.15
  0
LWPOLYLINE
  5
16C
330
17
100
AcDbEntity
  8
A-THIN
100
AcDbPolyline
 90
5
 70
1
 10
-19.9
 20
-0.15
 10
-19.9
 20
0.77
 10
-20.55
 20
0.77
 10
-20.55
 20
-0.15
 10
-19.9
 20
-0.15
  0
LWPOLYLINE
  5
16D
330
17
100
AcDbEntity
  8
A-THIN
100
AcDbPolyline
 90
5
 70
1
 10
-31.8
 20
2.1
 10
-31.8
 20
3.0
 10
-31.860000000000003
 20
3.0
 10
-31.860000000000003
 20
2.1
 10
-31.8
 20
2.1
  0
LWPOLYLINE
  5
16E
330
17
100
AcDbEntity
  8
A-THIN
100
AcDbPolyline
 90
5
 70
1
 10
-20.60000000000001
 20
3.1
 10
-20.60000000000001
 20
2.94
 10
-20.65000000000001
 20
2.94
 10
-20.65000000000001
 20
3.1
 10
-20.60000000000001
 20
3.1
  0
LWPOLYLINE
  5
16F
330
17
100
AcDbEntity
  8
A-THIN
100
AcDbPolyline
 90
5
 70
1
 10
-20.300000000000008
 20
2.94
 10
-20.35000000000001
 20
2.94
 10
-20.35000000000001
 20
3.1
 10
-20.300000000000008
 20
3.1
 10
-20.300000000000008
 20
2.94
  0
LWPOLYLINE
  5
170
330
17
100
AcDbEntity
  8
A-THIN
100
AcDbPolyline
 90
5
 70
1
 10
-20.000000000000007
 20
2.94
 10
-20.050000000000008
 20
2.94
 10
-20.050000000000008
 20
3.1
 10
-20.000000000000007
 20
3.1
 10
-20.000000000000007
 20
2.94
  0
LWPOLYLINE
  5
171
330
17
100
AcDbEntity
  8
A-THIN
100
AcDbPolyline
 90
5
 70
1
 10
-19.700000000000006
 20
3.1
 10
-19.700000000000006
 20
2.94
 10
-19.750000000000007
 20
2.94
 10
-19.750000000000007
 20
3.1
 10
-19.700000000000006
 20
3.1
  0
LWPOLYLINE
  5
172
330
17
100
AcDbEntity
  8
A-THIN
100
AcDbPolyline
 90
5
 70
1
 10
-19.400000000000006
 20
2.94
 10
-19.450000000000006
 20
2.94
 10
-19.450000000000006
 20
3.1
 10
-19.400000000000006
 20
3.1
 10
-19.400000000000006
 20
2.94
  0
LWPOLYLINE
  5
173
330
17
100
AcDbEntity
  8
A-THIN
100
AcDbPolyline
 90
5
 70
1
 10
-19.100000000000005
 20
2.94
 10
-19.150000000000006
 20
2.94
 10
-19.150000000000006
 20
3.1
 10
-19.100000000000005
 20
3.1
 10
-19.100000000000005
 20
2.94
  0
LWPOLYLINE
  5
174
330
17
100
AcDbEntity
  8
A-THIN
100
AcDbPolyline
 90
5
 70
1
 10
-18.800000000000004
 20
3.1
 10
-18.800000000000004
 20
2.94
 10
-18.850000000000005
 20
2.94
 10
-18.850000000000005
 20
3.1
 10
-18.800000000000004
 20
3.1
  0
LWPOLYLINE
  5
175
330
17
100
AcDbEntity
  8
A-THIN
100
AcDbPolyline
 90
5
 70
1
 10
-18.500000000000004
 20
2.94
 10
-18.550000000000004
 20
2.94
 10
-18.550000000000004
 20
3.1
 10
-18.500000000000004
 20
3.1
 10
-18.500000000000004
 20
2.94
  0
LWPOLYLINE
  5
176
330
17
100
AcDbEntity
  8
A-THIN
100
AcDbPolyline
 90
5
 70
1
 10
-18.200000000000003
 20
2.94
 10
-18.250000000000004
 20
2.94
 10
-18.250000000000004
 20
3.1
 10
-18.200000000000003
 20
3.1
 10
-18.200000000000003
 20
2.94
  0
LWPOLYLINE
  5
177
330
17
100
AcDbEntity
  8
A-THIN
100
AcDbPolyline
 90
5
 70
1
 10
-17.900000000000002
 20
2.94
 10
-17.950000000000003
 20
2.94
 10
-17.950000000000003
 20
3.1
 10
-17.900000000000002
 20
3.1
 10
-17.900000000000002
 20
2.94
  0
LWPOLYLINE
  5
178
330
17
100
AcDbEntity
  8
A-THIN
100
AcDbPolyline
 90
5
 70
1
 10
-17.6
 20
2.94
 10
-17.650000000000002
 20
2.94
 10
-17.650000000000002
 20
3.1
 10
-17.6
 20
3.1
 10
-17.6
 20
2.94
  0
LWPOLYLINE
  5
179
330
17
100
AcDbEntity
  8
A-THIN
100
AcDbPolyline
 90
5
 70
1
 10
-17.3
 20
2.94
 10
-17.35
 20
2.94
 10
-17.35
 20
3.1
 10
-17.3
 20
3.1
 10
-17.3
 20
2.94
  0
LWPOLYLINE
  5
17A
330
17
100
AcDbEntity
  8
A-THIN
100
AcDbPolyline
 90
5
 70
1
 10
-17.0
 20
2.94
 10
-17.05
 20
2.94
 10
-17.05
 20
3.1
 10
-17.0
 20
3.1
 10
-17.0
 20
2.94
  0
LWPOLYLINE
  5
17B
330
17
100
AcDbEntity
  8
A-THIN
100
AcDbPolyline
 90
5
 70
1
 10
-16.875
 20
-0.15
 10
-16.875
 20
2.9
 10
-17.025
 20
2.9
 10
-17.025
 20
-0.15
 10
-16.875
 20
-0.15
  0
LWPOLYLINE
  5
17C
330
17
100
AcDbEntity
  8
A-THIN
100
AcDbPolyline
 90
5
 70
1
 10
-21.099999999999998
 20
-0.1
 10
-21.099999999999998
 20
3.2
 10
-21.299999999999997
 20
3.2
 10
-21.299999999999997
 20
-0.1
 10
-21.099999999999998
 20
-0.1
  0
LWPOLYLINE
  5
17D
330
17
100
AcDbEntity
  8
A-THIN
100
AcDbPolyline
 90
5
 70
1
 10
-21.0
 20
-0.15
 10
-21.0
 20
3.55
 10
-21.099999999999998
 20
3.55
 10
-21.099999999999998
 20
-0.15
 10
-21.0
 20
-0.15
  0
LWPOLYLINE
  5
17E
330
17
100
AcDbEntity
  8
A-THIN
100
AcDbPolyline
 90
9
 70
1
 10
-20.88
 20
3.12
 10
-16.92
 20
3.12
 10
-16.8
 20
3.12
 10
-16.8
 20
2.9
 10
-16.92
 20
2.9
 10
-20.88
 20
2.9
 10
-21.0
 20
2.9
 10
-21.0
 20
3.12
 10
-20.88
 20
3.12
  0
LWPOLYLINE
  5
17F
330
17
100
AcDbEntity
  8
A-THIN
100
AcDbPolyline
 90
5
 70
1
 10
-21.139999999999997
 20
0.0
 10
-21.139999999999997
 20
3.0
 10
-21.2
 20
3.0
 10
-21.2
 20
0.0
 10
-21.139999999999997
 20
0.0
  0
LWPOLYLINE
  5
180
330
17
100
AcDbEntity
  8
A-THIN
100
AcDbPolyline
 90
5
 70
1
 10
-28.9
 20
3.6
 10
-28.9
 20
4.1
 10
-29.349999999999998
 20
4.1
 10
-29.349999999999998
 20
3.6
 10
-28.9
 20
3.6
  0
LWPOLYLINE
  5
181
330
17
100
AcDbEntity
  8
A-THIN
100
AcDbPolyline
 90
5
 70
1
 10
-16.55
 20
-0.15
 10
-16.55
 20
-0.04999999999999999
 10
-21.15
 20
-0.04999999999999999
 10
-21.15
 20
-0.15
 10
-16.55
 20
-0.15
  0
LWPOLYLINE
  5
182
330
17
100
AcDbEntity
  8
A-THIN
100
AcDbPolyline
 90
5
 70
1
 10
-17.0
 20
-0.04999999999999999
 10
-17.0
 20
0.8999999999999999
 10
-19.6
 20
0.8999999999999999
 10
-19.6
 20
-0.04999999999999999
 10
-17.0
 20
-0.04999999999999999
  0
LWPOLYLINE
  5
183
330
17
100
AcDbEntity
  8
A-THIN
100
AcDbPolyline
 90
5
 70
1
 10
-17.0
 20
0.8699999999999999
 10
-17.0
 20
0.8999999999999999
 10
-19.6
 20
0.8999999999999999
 10
-19.6
 20
0.8699999999999999
 10
-17.0
 20
0.8699999999999999
  0
LWPOLYLINE
  5
184
330
17
100
AcDbEntity
  8
A-THIN
100
AcDbPolyline
 90
5
 70
1
 10
-29.400000000000002
 20
3.5
 10
-29.400000000000002
 20
6.6000000000000005
 10
-29.52
 20
6.6000000000000005
 10
-29.52
 20
3.5
 10
-29.400000000000002
 20
3.5
  0
LWPOLYLINE
  5
185
330
17
100
AcDbEntity
  8
A-THIN
100
AcDbPolyline
 90
5
 70
1
 10
-31.12
 20
3.6
 10
-31.12
 20
4.45
 10
-31.67
 20
4.45
 10
-31.67
 20
3.6
 10
-31.12
 20
3.6
  0
LWPOLYLINE
  5
186
330
17
100
AcDbEntity
  8
A-THIN
100
AcDbPolyline
 90
5
 70
1
 10
-25.25
 20
-0.1
 10
-25.25
 20
0.0
 10
-25.049999999999997
 20
0.0
 10
-25.049999999999997
 20
-0.1
 10
-25.25
 20
-0.1
  0
LWPOLYLINE
  5
187
330
17
100
AcDbEntity
  8
A-THIN
100
AcDbPolyline
 90
5
 70
1
 10
-25.25
 20
2.2
 10
-25.25
 20
3.2
 10
-25.049999999999997
 20
3.2
 10
-25.049999999999997
 20
2.2
 10
-25.25
 20
2.2
  0
LWPOLYLINE
  5
188
330
17
100
AcDbEntity
  8
A-THIN
100
AcDbPolyline
 90
5
 70
1
 10
-25.125
 20
0.0
 10
-25.125
 20
2.2
 10
-25.174999999999997
 20
2.2
 10
-25.174999999999997
 20
0.0
 10
-25.125
 20
0.0
  0
LWPOLYLINE
  5
189
330
17
100
AcDbEntity
  8
A-THIN
100
AcDbPolyline
 90
5
 70
1
 10
-27.05
 20
0.0
 10
-27.05
 20
0.92
 10
-27.650000000000002
 20
0.92
 10
-27.650000000000002
 20
0.0
 10
-27.05
 20
0.0
  0
LWPOLYLINE
  5
18A
330
17
100
AcDbEntity
  8
A-THIN
100
AcDbPolyline
 90
5
 70
1
 10
-22.8
 20
3.6
 10
-22.8
 20
4.35
 10
-24.0
 20
4.35
 10
-24.0
 20
3.6
 10
-22.8
 20
3.6
  0
LWPOLYLINE
  5
18B
330
17
100
AcDbEntity
  8
A-THIN
100
AcDbPolyline
 90
5
 70
1
 10
-25.25
 20
-0.1
 10
-25.25
 20
3.2
 10
-27.76
 20
3.2
 10
-27.76
 20
-0.1
 10
-25.25
 20
-0.1
  0
LWPOLYLINE
  5
18C
330
17
100
AcDbEntity
  8
A-THIN
100
AcDbPolyline
 90
5
 70
1
 10
-31.8
 20
2.1
 10
-31.8
 20
3.0
 10
-31.860000000000003
 20
3.0
 10
-31.860000000000003
 20
2.1
 10
-31.8
 20
2.1
  0
LWPOLYLINE
  5
18D
330
17
100
AcDbEntity
  8
A-THIN
100
AcDbPolyline
 90
5
 70
1
 10
-21.139999999999997
 20
0.0
 10
-21.139999999999997
 20
3.0
 10
-21.2
 20
3.0
 10
-21.2
 20
0.0
 10
-21.139999999999997
 20
0.0
  0
LWPOLYLINE
  5
18E
330
17
100
AcDbEntity
  8
A-THIN
100
AcDbPolyline
 90
5
 70
1
 10
-29.52
 20
3.5
 10
-29.52
 20
3.6
 10
-29.400000000000002
 20
3.6
 10
-29.400000000000002
 20
3.5
 10
-29.52
 20
3.5
  0
LWPOLYLINE
  5
18F
330
17
100
AcDbEntity
  8
A-THIN
100
AcDbPolyline
 90
5
 70
1
 10
-29.52
 20
5.800000000000001
 10
-29.52
 20
6.6000000000000005
 10
-29.400000000000002
 20
6.6000000000000005
 10
-29.400000000000002
 20
5.800000000000001
 10
-29.52
 20
5.800000000000001
  0
LWPOLYLINE
  5
190
330
17
100
AcDbEntity
  8
A-THIN
100
AcDbPolyline
 90
5
 70
1
 10
-29.435000000000002
 20
3.6
 10
-29.435000000000002
 20
5.800000000000001
 10
-29.485
 20
5.800000000000001
 10
-29.485
 20
3.6
 10
-29.435000000000002
 20
3.6
  0
LWPOLYLINE
  5
191
330
17
100
AcDbEntity
  8
A-THIN
100
AcDbPolyline
 90
5
 70
1
 10
-16.99
 20
-0.04999999999999999
 10
-16.99
 20
0.8999999999999999
 10
-17.01
 20
0.8999999999999999
 10
-17.01
 20
-0.04999999999999999
 10
-16.99
 20
-0.04999999999999999
  0
LWPOLYLINE
  5
192
330
17
100
AcDbEntity
  8
A-THIN
100
AcDbPolyline
 90
5
 70
1
 10
-16.97
 20
0.8699999999999999
 10
-16.97
 20
0.8999999999999999
 10
-17.03
 20
0.8999999999999999
 10
-17.03
 20
0.8699999999999999
 10
-16.97
 20
0.8699999999999999
  0
LWPOLYLINE
  5
193
330
17
100
AcDbEntity
  8
A-THIN
100
AcDbPolyline
 90
5
 70
1
 10
-22.3
 20
0.0
 10
-22.3
 20
0.92
 10
-23.400000000000002
 20
0.92
 10
-23.400000000000002
 20
0.0
 10
-22.3
 20
0.0
  0
LWPOLYLINE
  5
194
330
17
100
AcDbEntity
  8
A-THIN
100
AcDbPolyline
 90
5
 70
1
 10
-25.157999999999998
 20
3.65
 10
-25.157999999999998
 20
6.3500000000000005
 10
-25.182
 20
6.3500000000000005
 10
-25.182
 20
3.65
 10
-25.157999999999998
 20
3.65
  0
LWPOLYLINE
  5
195
330
17
100
AcDbEntity
  8
A-THIN
100
AcDbPolyline
 90
5
 70
1
 10
-25.299999999999997
 20
3.5
 10
-25.299999999999997
 20
3.6
 10
-25.099999999999998
 20
3.6
 10
-25.099999999999998
 20
3.5
 10
-25.299999999999997
 20
3.5
  0
LWPOLYLINE
  5
196
330
17
100
AcDbEntity
  8
A-THIN
100
AcDbPolyline
 90
5
 70
1
 10
-25.299999999999997
 20
6.4
 10
-25.299999999999997
 20
6.6000000000000005
 10
-25.099999999999998
 20
6.6000000000000005
 10
-25.099999999999998
 20
6.4
 10
-25.299999999999997
 20
6.4
  0
LWPOLYLINE
  5
197
330
17
100
AcDbEntity
  8
A-THIN
100
AcDbPolyline
 90
5
 70
1
 10
-25.099999999999998
 20
3.1500000000000004
 10
-25.099999999999998
 20
3.6
 10
-25.0
 20
3.6
 10
-25.0
 20
3.1500000000000004
 10
-25.099999999999998
 20
3.1500000000000004
  0
LWPOLYLINE
  5
198
330
17
100
AcDbEntity
  8
A-THIN
100
AcDbPolyline
 90
5
 70
1
 10
-25.099999999999998
 20
6.4
 10
-25.099999999999998
 20
7.5
 10
-25.0
 20
7.5
 10
-25.0
 20
6.4
 10
-25.099999999999998
 20
6.4
  0
LWPOLYLINE
  5
199
330
17
100
AcDbEntity
  8
A-THIN
100
AcDbPolyline
 90
9
 70
1
 10
-25.139999999999997
 20
3.6
 10
-25.2
 20
3.6
 10
-25.2
 20
3.65
 10
-25.2
 20
6.3500000000000005
 10
-25.2
 20
6.4
 10
-25.139999999999997
 20
6.4
 10
-25.139999999999997
 20
6.3500000000000005
 10
-25.139999999999997
 20
3.65
 10
-25.139999999999997
 20
3.6
  0
LWPOLYLINE
  5
19A
330
17
100
AcDbEntity
  8
A-THIN
100
AcDbPolyline
 90
5
 70
1
 10
-27.05
 20
3.6
 10
-27.05
 20
6.2
 10
-29.400000000000002
 20
6.2
 10
-29.400000000000002
 20
3.6
 10
-27.05
 20
3.6
  0
LWPOLYLINE
  5
19B
330
17
100
AcDbEntity
  8
A-THIN
100
AcDbPolyline
 90
5
 70
1
 10
-29.400000000000002
 20
3.5
 10
-29.400000000000002
 20
6.6000000000000005
 10
-29.52
 20
6.6000000000000005
 10
-29.52
 20
3.5
 10
-29.400000000000002
 20
3.5
  0
LWPOLYLINE
  5
19C
330
17
100
AcDbEntity
  8
A-THIN
100
AcDbPolyline
 90
5
 70
1
 10
-31.818
 20
2.17
 10
-31.818
 20
2.93
 10
-31.842000000000002
 20
2.93
 10
-31.842000000000002
 20
2.17
 10
-31.818
 20
2.17
  0
LWPOLYLINE
  5
19D
330
17
100
AcDbEntity
  8
A-THIN
100
AcDbPolyline
 90
5
 70
1
 10
-26.0
 20
3.6
 10
-26.0
 20
5.800000000000001
 10
-26.9
 20
5.800000000000001
 10
-26.9
 20
3.6
 10
-26.0
 20
3.6
  0
LWPOLYLINE
  5
19E
330
17
100
AcDbEntity
  8
A-THIN
100
AcDbPolyline
 90
5
 70
1
 10
-31.900000000000002
 20
-0.1
 10
-31.900000000000002
 20
2.1
 10
-31.700000000000003
 20
2.1
 10
-31.700000000000003
 20
-0.1
 10
-31.900000000000002
 20
-0.1
  0
LWPOLYLINE
  5
19F
330
17
100
AcDbEntity
  8
A-THIN
100
AcDbPolyline
 90
5
 70
1
 10
-31.900000000000002
 20
3.0
 10
-31.900000000000002
 20
3.2
 10
-31.700000000000003
 20
3.2
 10
-31.700000000000003
 20
3.0
 10
-31.900000000000002
 20
3.0
  0
LWPOLYLINE
  5
1A0
330
17
100
AcDbEntity
  8
A-THIN
100
AcDbPolyline
 90
5
 70
1
 10
-32.0
 20
-0.15
 10
-32.0
 20
2.1
 10
-31.900000000000002
 20
2.1
 10
-31.900000000000002
 20
-0.15
 10
-32.0
 20
-0.15
  0
LWPOLYLINE
  5
1A1
330
17
100
AcDbEntity
  8
A-THIN
100
AcDbPolyline
 90
5
 70
1
 10
-32.0
 20
3.0
 10
-32.0
 20
3.55
 10
-31.900000000000002
 20
3.55
 10
-31.900000000000002
 20
3.0
 10
-32.0
 20
3.0
  0
LWPOLYLINE
  5
1A2
330
17
100
AcDbEntity
  8
A-THIN
100
AcDbPolyline
 90
9
 70
1
 10
-31.8
 20
2.1
 10
-31.860000000000003
 20
2.1
 10
-31.860000000000003
 20
2.17
 10
-31.860000000000003
 20
2.93
 10
-31.860000000000003
 20
3.0
 10
-31.8
 20
3.0
 10
-31.8
 20
2.93
 10
-31.8
 20
2.17
 10
-31.8
 20
2.1
  0
LWPOLYLINE
  5
1A3
330
17
100
AcDbEntity
  8
A-THIN
100
AcDbPolyline
 90
9
 70
1
 10
-26.9
 20
3.5
 10
-31.7
 20
3.5
 10
-31.7
 20
6.6000000000000005
 10
-26.9
 20
6.6000000000000005
 10
-26.0
 20
6.6000000000000005
 10
-25.3
 20
6.6000000000000005
 10
-25.3
 20
3.5
 10
-26.0
 20
3.5
 10
-26.9
 20
3.5
  0
LWPOLYLINE
  5
1A4
330
17
100
AcDbEntity
  8
A-THIN
100
AcDbPolyline
 90
5
 70
1
 10
-26.9
 20
3.6
 10
-26.0
 20
3.6
 10
-26.0
 20
5.800000000000001
 10
-26.9
 20
5.800000000000001
 10
-26.9
 20
3.6
  0
LWPOLYLINE
  5
1A5
330
17
100
AcDbEntity
  8
A-THIN
100
AcDbPolyline
 90
5
 70
1
 10
-21.157999999999998
 20
0.05
 10
-21.157999999999998
 20
2.95
 10
-21.182
 20
2.95
 10
-21.182
 20
0.05
 10
-21.157999999999998
 20
0.05
  0
LWPOLYLINE
  5
1A6
330
17
100
AcDbEntity
  8
A-THIN
100
AcDbPolyline
 90
5
 70
1
 10
-21.299999999999997
 20
-0.1
 10
-21.299999999999997
 20
0.0
 10
-21.099999999999998
 20
0.0
 10
-21.099999999999998
 20
-0.1
 10
-21.299999999999997
 20
-0.1
  0
LWPOLYLINE
  5
1A7
330
17
100
AcDbEntity
  8
A-THIN
100
AcDbPolyline
 90
5
 70
1
 10
-21.299999999999997
 20
3.2
 10
-21.099999999999998
 20
3.2
 10
-21.099999999999998
 20
3.0
 10
-21.299999999999997
 20
3.0
 10
-21.299999999999997
 20
3.2
  0
LWPOLYLINE
  5
1A8
330
17
100
AcDbEntity
  8
A-THIN
100
AcDbPolyline
 90
5
 70
1
 10
-25.299999999999997
 20
6.6000000000000005
 10
-25.099999999999998
 20
6.6000000000000005
 10
-25.099999999999998
 20
3.5
 10
-25.299999999999997
 20
3.5
 10
-25.299999999999997
 20
6.6000000000000005
  0
LWPOLYLINE
  5
1A9
330
17
100
AcDbEntity
  8
A-THIN
100
AcDbPolyline
 90
5
 70
1
 10
-21.099999999999998
 20
-0.15
 10
-21.099999999999998
 20
0.0
 10
-21.0
 20
0.0
 10
-21.0
 20
-0.15
 10
-21.099999999999998
 20
-0.15
  0
LWPOLYLINE
  5
1AA
330
17
100
AcDbEntity
  8
A-THIN
100
AcDbPolyline
 90
5
 70
1
 10
-21.099999999999998
 20
3.0
 10
-21.099999999999998
 20
3.55
 10
-21.0
 20
3.55
 10
-21.0
 20
3.0
 10
-21.099999999999998
 20
3.0
  0
LWPOLYLINE
  5
1AB
330
17
100
AcDbEntity
  8
A-THIN
100
AcDbPolyline
 90
9
 70
1
 10
-21.139999999999997
 20
0.0
 10
-21.2
 20
0.0
 10
-21.2
 20
0.05
 10
-21.2
 20
2.95
 10
-21.2
 20
3.0
 10
-21.139999999999997
 20
3.0
 10
-21.139999999999997
 20
2.95
 10
-21.139999999999997
 20
0.05
 10
-21.139999999999997
 20
0.0
  0
LWPOLYLINE
  5
1AC
330
17
100
AcDbEntity
  8
A-THIN
100
AcDbPolyline
 90
5
 70
1
 10
-25.0
 20
3.1500000000000004
 10
-25.0
 20
7.5
 10
-25.099999999999998
 20
7.5
 10
-25.099999999999998
 20
3.1500000000000004
 10
-25.0
 20
3.1500000000000004
  0
LWPOLYLINE
  5
1AD
330
17
100
AcDbEntity
  8
A-THIN
100
AcDbPolyline
 90
5
 70
1
 10
-25.139999999999997
 20
3.6
 10
-25.139999999999997
 20
6.4
 10
-25.2
 20
6.4
 10
-25.2
 20
3.6
 10
-25.139999999999997
 20
3.6
  0
LWPOLYLINE
  5
1AE
330
17
100
AcDbEntity
  8
A-THIN
100
AcDbPolyline
 90
5
 70
1
 10
-31.05
 20
0.0
 10
-31.05
 20
2.6
 10
-31.650000000000002
 20
2.6
 10
-31.650000000000002
 20
0.0
 10
-31.05
 20
0.0
  0
LWPOLYLINE
  5
1AF
330
17
100
AcDbEntity
  8
A-THIN
100
AcDbPolyline
 90
5
 70
1
 10
-31.700000000000003
 20
3.5
 10
-31.700000000000003
 20
6.6000000000000005
 10
-31.900000000000002
 20
6.6000000000000005
 10
-31.900000000000002
 20
3.5
 10
-31.700000000000003
 20
3.5
  0
LWPOLYLINE
  5
1B0
330
17
100
AcDbEntity
  8
A-THIN
100
AcDbPolyline
 90
5
 70
1
 10
-31.900000000000002
 20
3.1500000000000004
 10
-31.900000000000002
 20
7.5
 10
-32.0
 20
7.5
 10
-32.0
 20
3.1500000000000004
 10
-31.900000000000002
 20
3.1500000000000004
  0
LWPOLYLINE
  5
1B1
330
17
100
AcDbEntity
  8
A-THIN
100
AcDbPolyline
 90
5
 70
1
 10
-24.43
 20
0.0
 10
-24.43
 20
0.92
 10
-25.05
 20
0.92
 10
-25.05
 20
0.0
 10
-24.43
 20
0.0
  0
LWPOLYLINE
  5
1B2
330
17
100
AcDbEntity
  8
A-THIN
100
AcDbPolyline
 90
5
 70
1
 10
-31.8
 20
5.0
 10
-31.8
 20
6.0
 10
-31.860000000000003
 20
6.0
 10
-31.860000000000003
 20
5.0
 10
-31.8
 20
5.0
  0
LWPOLYLINE
  5
1B3
330
17
100
AcDbEntity
  8
A-THIN
100
AcDbPolyline
 90
5
 70
1
 10
-27.700000000000003
 20
-0.1
 10
-27.700000000000003
 20
3.2
 10
-27.82
 20
3.2
 10
-27.82
 20
-0.1
 10
-27.700000000000003
 20
-0.1
  0
LWPOLYLINE
  5
1B4
330
17
100
AcDbEntity
  8
A-THIN
100
AcDbPolyline
 90
5
 70
1
 10
-29.580000000000002
 20
3.5
 10
-29.580000000000002
 20
6.6000000000000005
 10
-29.7
 20
6.6000000000000005
 10
-29.7
 20
3.5
 10
-29.580000000000002
 20
3.5
  0
LWPOLYLINE
  5
1B5
330
17
100
AcDbEntity
  8
A-THIN
100
AcDbPolyline
 90
5
 70
1
 10
-25.049999999999997
 20
-0.1
 10
-25.049999999999997
 20
3.2
 10
-25.25
 20
3.2
 10
-25.25
 20
-0.1
 10
-25.049999999999997
 20
-0.1
  0
LWPOLYLINE
  5
1B6
330
17
100
AcDbEntity
  8
A-THIN
100
AcDbPolyline
 90
5
 70
1
 10
-25.4
 20
0.0
 10
-25.4
 20
2.2
 10
-26.2
 20
2.2
 10
-26.2
 20
0.0
 10
-25.4
 20
0.0
  0
LWPOLYLINE
  5
1B7
330
17
100
AcDbEntity
  8
A-THIN
100
AcDbPolyline
 90
9
 70
1
 10
-26.2
 20
-0.1
 10
-27.76
 20
-0.1
 10
-27.76
 20
3.2
 10
-26.2
 20
3.2
 10
-25.4
 20
3.2
 10
-25.15
 20
3.2
 10
-25.15
 20
-0.1
 10
-25.4
 20
-0.1
 10
-26.2
 20
-0.1
  0
LWPOLYLINE
  5
1B8
330
17
100
AcDbEntity
  8
A-THIN
100
AcDbPolyline
 90
5
 70
1
 10
-26.2
 20
0.0
 10
-25.4
 20
0.0
 10
-25.4
 20
2.2
 10
-26.2
 20
2.2
 10
-26.2
 20
0.0
  0
LWPOLYLINE
  5
1B9
330
17
100
AcDbEntity
  8
A-THIN
100
AcDbPolyline
 90
5
 70
1
 10
-25.299999999999997
 20
-0.1
 10
-25.299999999999997
 20
3.2
 10
-25.0
 20
3.2
 10
-25.0
 20
-0.1
 10
-25.299999999999997
 20
-0.1
  0
LWPOLYLINE
  5
1BA
330
17
100
AcDbEntity
  8
A-THIN
100
AcDbPolyline
 90
5
 70
1
 10
-21.299999999999997
 20
-0.1
 10
-21.299999999999997
 20
3.2
 10
-21.0
 20
3.2
 10
-21.0
 20
-0.1
 10
-21.299999999999997
 20
-0.1
  0
LWPOLYLINE
  5
1BB
330
17
100
AcDbEntity
  8
A-THIN
100
AcDbPolyline
 90
5
 70
1
 10
-21.099999999999998
 20
-0.1
 10
-21.099999999999998
 20
3.2
 10
-21.299999999999997
 20
3.2
 10
-21.299999999999997
 20
-0.1
 10
-21.099999999999998
 20
-0.1
  0
LWPOLYLINE
  5
1BC
330
17
100
AcDbEntity
  8
A-THIN
100
AcDbPolyline
 90
5
 70
1
 10
-21.0
 20
-0.15
 10
-21.0
 20
3.55
 10
-21.099999999999998
 20
3.55
 10
-21.099999999999998
 20
-0.15
 10
-21.0
 20
-0.15
  0
LWPOLYLINE
  5
1BD
330
17
100
AcDbEntity
  8
A-THIN
100
AcDbPolyline
 90
5
 70
1
 10
-21.139999999999997
 20
0.0
 10
-21.139999999999997
 20
3.0
 10
-21.2
 20
3.0
 10
-21.2
 20
0.0
 10
-21.139999999999997
 20
0.0
  0
LWPOLYLINE
  5
1BE
330
17
100
AcDbEntity
  8
A-THIN
100
AcDbPolyline
 90
5
 70
1
 10
-27.8
 20
3.6
 10
-27.8
 20
4.35
 10
-28.7
 20
4.35
 10
-28.7
 20
3.6
 10
-27.8
 20
3.6
  0
LWPOLYLINE
  5
1BF
330
17
100
AcDbEntity
  8
A-THIN
100
AcDbPolyline
 90
5
 70
1
 10
-31.500000000000007
 20
9.899999999999999
 10
-31.500000000000007
 20
9.739999999999998
 10
-31.550000000000008
 20
9.739999999999998
 10
-31.550000000000008
 20
9.899999999999999
 10
-31.500000000000007
 20
9.899999999999999
  0
LWPOLYLINE
  5
1C0
330
17
100
AcDbEntity
  8
A-THIN
100
AcDbPolyline
 90
5
 70
1
 10
-31.200000000000006
 20
9.739999999999998
 10
-31.250000000000007
 20
9.739999999999998
 10
-31.250000000000007
 20
9.899999999999999
 10
-31.200000000000006
 20
9.899999999999999
 10
-31.200000000000006
 20
9.739999999999998
  0
LWPOLYLINE
  5
1C1
330
17
100
AcDbEntity
  8
A-THIN
100
AcDbPolyline
 90
5
 70
1
 10
-30.900000000000006
 20
9.739999999999998
 10
-30.950000000000006
 20
9.739999999999998
 10
-30.950000000000006
 20
9.899999999999999
 10
-30.900000000000006
 20
9.899999999999999
 10
-30.900000000000006
 20
9.739999999999998
  0
LWPOLYLINE
  5
1C2
330
17
100
AcDbEntity
  8
A-THIN
100
AcDbPolyline
 90
5
 70
1
 10
-30.600000000000005
 20
9.739999999999998
 10
-30.650000000000006
 20
9.739999999999998
 10
-30.650000000000006
 20
9.899999999999999
 10
-30.600000000000005
 20
9.899999999999999
 10
-30.600000000000005
 20
9.739999999999998
  0
LWPOLYLINE
  5
1C3
330
17
100
AcDbEntity
  8
A-THIN
100
AcDbPolyline
 90
5
 70
1
 10
-30.300000000000004
 20
9.739999999999998
 10
-30.350000000000005
 20
9.739999999999998
 10
-30.350000000000005
 20
9.899999999999999
 10
-30.300000000000004
 20
9.899999999999999
 10
-30.300000000000004
 20
9.739999999999998
  0
LWPOLYLINE
  5
1C4
330
17
100
AcDbEntity
  8
A-THIN
100
AcDbPolyline
 90
5
 70
1
 10
-30.000000000000004
 20
9.739999999999998
 10
-30.050000000000004
 20
9.739999999999998
 10
-30.050000000000004
 20
9.899999999999999
 10
-30.000000000000004
 20
9.899999999999999
 10
-30.000000000000004
 20
9.739999999999998
  0
LWPOLYLINE
  5
1C5
330
17
100
AcDbEntity
  8
A-THIN
100
AcDbPolyline
 90
5
 70
1
 10
-29.700000000000003
 20
9.739999999999998
 10
-29.750000000000004
 20
9.739999999999998
 10
-29.750000000000004
 20
9.899999999999999
 10
-29.700000000000003
 20
9.899999999999999
 10
-29.700000000000003
 20
9.739999999999998
  0
LWPOLYLINE
  5
1C6
330
17
100
AcDbEntity
  8
A-THIN
100
AcDbPolyline
 90
5
 70
1
 10
-29.400000000000002
 20
9.899999999999999
 10
-29.400000000000002
 20
9.739999999999998
 10
-29.450000000000003
 20
9.739999999999998
 10
-29.450000000000003
 20
9.899999999999999
 10
-29.400000000000002
 20
9.899999999999999
  0
LWPOLYLINE
  5
1C7
330
17
100
AcDbEntity
  8
A-THIN
100
AcDbPolyline
 90
5
 70
1
 10
-29.1
 20
9.739999999999998
 10
-29.150000000000002
 20
9.739999999999998
 10
-29.150000000000002
 20
9.899999999999999
 10
-29.1
 20
9.899999999999999
 10
-29.1
 20
9.739999999999998
  0
LWPOLYLINE
  5
1C8
330
17
100
AcDbEntity
  8
A-THIN
100
AcDbPolyline
 90
5
 70
1
 10
-28.8
 20
9.739999999999998
 10
-28.85
 20
9.739999999999998
 10
-28.85
 20
9.899999999999999
 10
-28.8
 20
9.899999999999999
 10
-28.8
 20
9.739999999999998
  0
LWPOLYLINE
  5
1C9
330
17
100
AcDbEntity
  8
A-THIN
100
AcDbPolyline
 90
5
 70
1
 10
-28.5
 20
9.739999999999998
 10
-28.55
 20
9.739999999999998
 10
-28.55
 20
9.899999999999999
 10
-28.5
 20
9.899999999999999
 10
-28.5
 20
9.739999999999998
  0
LWPOLYLINE
  5
1CA
330
17
100
AcDbEntity
  8
A-THIN
100
AcDbPolyline
 90
5
 70
1
 10
-28.2
 20
9.739999999999998
 10
-28.25
 20
9.739999999999998
 10
-28.25
 20
9.899999999999999
 10
-28.2
 20
9.899999999999999
 10
-28.2
 20
9.739999999999998
  0
LWPOLYLINE
  5
1CB
330
17
100
AcDbEntity
  8
A-THIN
100
AcDbPolyline
 90
5
 70
1
 10
-27.9
 20
9.739999999999998
 10
-27.95
 20
9.739999999999998
 10
-27.95
 20
9.899999999999999
 10
-27.9
 20
9.899999999999999
 10
-27.9
 20
9.739999999999998
  0
LWPOLYLINE
  5
1CC
330
17
100
AcDbEntity
  8
A-THIN
100
AcDbPolyline
 90
5
 70
1
 10
-27.599999999999998
 20
9.739999999999998
 10
-27.65
 20
9.739999999999998
 10
-27.65
 20
9.899999999999999
 10
-27.599999999999998
 20
9.899999999999999
 10
-27.599999999999998
 20
9.739999999999998
  0
LWPOLYLINE
  5
1CD
330
17
100
AcDbEntity
  8
A-THIN
100
AcDbPolyline
 90
5
 70
1
 10
-29.7
 20
3.5
 10
-29.7
 20
3.6
 10
-29.580000000000002
 20
3.6
 10
-29.580000000000002
 20
3.5
 10
-29.7
 20
3.5
  0
LWPOLYLINE
  5
1CE
330
17
100
AcDbEntity
  8
A-THIN
100
AcDbPolyline
 90
5
 70
1
 10
-29.7
 20
5.800000000000001
 10
-29.7
 20
6.6000000000000005
 10
-29.580000000000002
 20
6.6000000000000005
 10
-29.580000000000002
 20
5.800000000000001
 10
-29.7
 20
5.800000000000001
  0
LWPOLYLINE
  5
1CF
330
17
100
AcDbEntity
  8
A-THIN
100
AcDbPolyline
 90
5
 70
1
 10
-29.615000000000002
 20
3.6
 10
-29.615000000000002
 20
5.800000000000001
 10
-29.665
 20
5.800000000000001
 10
-29.665
 20
3.6
 10
-29.615000000000002
 20
3.6
  0
LWPOLYLINE
  5
1D0
330
17
100
AcDbEntity
  8
A-THIN
100
AcDbPolyline
 90
5
 70
1
 10
-31.625
 20
7.0
 10
-31.625
 20
9.7
 10
-31.475
 20
9.7
 10
-31.475
 20
7.0
 10
-31.625
 20
7.0
  0
LWPOLYLINE
  5
1D1
330
17
100
AcDbEntity
  8
A-THIN
100
AcDbPolyline
 90
5
 70
1
 10
-27.625
 20
7.0
 10
-27.625
 20
9.7
 10
-27.475
 20
9.7
 10
-27.475
 20
7.0
 10
-27.625
 20
7.0
  0
LWPOLYLINE
  5
1D2
330
17
100
AcDbEntity
  8
A-THIN
100
AcDbPolyline
 90
9
 70
1
 10
-31.58
 20
9.92
 10
-27.52
 20
9.92
 10
-27.4
 20
9.92
 10
-27.4
 20
9.7
 10
-27.52
 20
9.7
 10
-31.58
 20
9.7
 10
-31.7
 20
9.7
 10
-31.7
 20
9.92
 10
-31.58
 20
9.92
  0
LWPOLYLINE
  5
1D3
330
17
100
AcDbEntity
  8
A-THIN
100
AcDbPolyline
 90
5
 70
1
 10
-31.818
 20
5.07
 10
-31.818
 20
5.93
 10
-31.842000000000002
 20
5.93
 10
-31.842000000000002
 20
5.07
 10
-31.818
 20
5.07
  0
LWPOLYLINE
  5
1D4
330
17
100
AcDbEntity
  8
A-THIN
100
AcDbPolyline
 90
5
 70
1
 10
-31.900000000000002
 20
3.5
 10
-31.900000000000002
 20
5.0
 10
-31.700000000000003
 20
5.0
 10
-31.700000000000003
 20
3.5
 10
-31.900000000000002
 20
3.5
  0
LWPOLYLINE
  5
1D5
330
17
100
AcDbEntity
  8
A-THIN
100
AcDbPolyline
 90
5
 70
1
 10
-31.900000000000002
 20
6.0
 10
-31.900000000000002
 20
6.6000000000000005
 10
-31.700000000000003
 20
6.6000000000000005
 10
-31.700000000000003
 20
6.0
 10
-31.900000000000002
 20
6.0
  0
LWPOLYLINE
  5
1D6
330
17
100
AcDbEntity
  8
A-THIN
100
AcDbPolyline
 90
5
 70
1
 10
-32.0
 20
3.1500000000000004
 10
-32.0
 20
5.0
 10
-31.900000000000002
 20
5.0
 10
-31.900000000000002
 20
3.1500000000000004
 10
-32.0
 20
3.1500000000000004
  0
LWPOLYLINE
  5
1D7
330
17
100
AcDbEntity
  8
A-THIN
100
AcDbPolyline
 90
5
 70
1
 10
-32.0
 20
6.0
 10
-32.0
 20
7.5
 10
-31.900000000000002
 20
7.5
 10
-31.900000000000002
 20
6.0
 10
-32.0
 20
6.0
  0
LWPOLYLINE
  5
1D8
330
17
100
AcDbEntity
  8
A-THIN
100
AcDbPolyline
 90
9
 70
1
 10
-31.8
 20
5.0
 10
-31.860000000000003
 20
5.0
 10
-31.860000000000003
 20
5.07
 10
-31.860000000000003
 20
5.93
 10
-31.860000000000003
 20
6.0
 10
-31.8
 20
6.0
 10
-31.8
 20
5.93
 10
-31.8
 20
5.07
 10
-31.8
 20
5.0
  0
LWPOLYLINE
  5
1D9
330
17
100
AcDbEntity
  8
A-THIN
100
AcDbPolyline
 90
5
 70
1
 10
-31.810000000000002
 20
7.5
 10
-31.810000000000002
 20
8.1
 10
-31.79
 20
8.1
 10
-31.79
 20
7.5
 10
-31.810000000000002
 20
7.5
  0
LWPOLYLINE
  5
1DA
330
17
100
AcDbEntity
  8
A-THIN
100
AcDbPolyline
 90
5
 70
1
 10
-25.21
 20
7.5
 10
-25.21
 20
8.1
 10
-25.189999999999998
 20
8.1
 10
-25.189999999999998
 20
7.5
 10
-25.21
 20
7.5
  0
LWPOLYLINE
  5
1DB
330
17
100
AcDbEntity
  8
A-THIN
100
AcDbPolyline
 90
5
 70
1
 10
-31.830000000000002
 20
8.07
 10
-31.830000000000002
 20
8.1
 10
-31.77
 20
8.1
 10
-31.77
 20
8.07
 10
-31.830000000000002
 20
8.07
  0
LWPOLYLINE
  5
1DC
330
17
100
AcDbEntity
  8
A-THIN
100
AcDbPolyline
 90
5
 70
1
 10
-25.23
 20
8.07
 10
-25.23
 20
8.1
 10
-25.169999999999998
 20
8.1
 10
-25.169999999999998
 20
8.07
 10
-25.23
 20
8.07
  0
LWPOLYLINE
  5
1DD
330
17
100
AcDbEntity
  8
A-THIN
100
AcDbPolyline
 90
5
 70
1
 10
-31.799999999999997
 20
6.9
 10
-31.799999999999997
 20
7.5
 10
-32.0
 20
7.5
 10
-32.0
 20
6.9
 10
-31.799999999999997
 20
6.9
  0
LWPOLYLINE
  5
1DE
330
17
100
AcDbEntity
  8
A-THIN
100
AcDbPolyline
 90
5
 70
1
 10
-26.45
 20
6.9
 10
-26.45
 20
10.2
 10
-32.0
 20
10.2
 10
-32.0
 20
6.9
 10
-26.45
 20
6.9
  0
LWPOLYLINE
  5
1DF
330
17
100
AcDbEntity
  8
A-THIN
100
AcDbPolyline
 90
5
 70
1
 10
-31.05
 20
3.6
 10
-31.05
 20
4.5200000000000005
 10
-31.650000000000002
 20
4.5200000000000005
 10
-31.650000000000002
 20
3.6
 10
-31.05
 20
3.6
  0
LWPOLYLINE
  5
1E0
330
17
100
AcDbEntity
  8
A-THIN
100
AcDbPolyline
 90
5
 70
1
 10
-31.1
 20
0.0
 10
-31.1
 20
2.6
 10
-31.650000000000002
 20
2.6
 10
-31.650000000000002
 20
0.0
 10
-31.1
 20
0.0
  0
LWPOLYLINE
  5
1E1
330
17
100
AcDbEntity
  8
A-THIN
100
AcDbPolyline
 90
5
 70
1
 10
-25.139999999999997
 20
3.6
 10
-25.139999999999997
 20
6.4
 10
-25.2
 20
6.4
 10
-25.2
 20
3.6
 10
-25.139999999999997
 20
3.6
  0
LWPOLYLINE
  5
1E2
330
17
100
AcDbEntity
  8
A-THIN
100
AcDbPolyline
 90
5
 70
1
 10
-29.580000000000002
 20
3.5
 10
-29.580000000000002
 20
6.6000000000000005
 10
-29.7
 20
6.6000000000000005
 10
-29.7
 20
3.5
 10
-29.580000000000002
 20
3.5
  0
LWPOLYLINE
  5
1E3
330
17
100
AcDbEntity
  8
A-THIN
100
AcDbPolyline
 90
5
 70
1
 10
-31.7
 20
-0.1
 10
-31.7
 20
3.2
 10
-29.7
 20
3.2
 10
-29.7
 20
-0.1
 10
-31.7
 20
-0.1
  0
LWPOLYLINE
  5
1E4
330
17
100
AcDbEntity
  8
A-THIN
100
AcDbPolyline
 90
5
 70
1
 10
-31.7
 20
3.5
 10
-31.7
 20
6.6000000000000005
 10
-29.7
 20
6.6000000000000005
 10
-29.7
 20
3.5
 10
-31.7
 20
3.5
  0
LWPOLYLINE
  5
1E5
330
17
100
AcDbEntity
  8
A-THIN
100
AcDbPolyline
 90
5
 70
1
 10
-26.45
 20
6.9
 10
-26.45
 20
9.7
 10
-32.0
 20
9.7
 10
-32.0
 20
6.9
 10
-26.45
 20
6.9
  0
LWPOLYLINE
  5
1E6
330
17
100
AcDbEntity
  8
A-THIN
100
AcDbPolyline
 90
25
 70
1
 10
-21.1
 20
-0.15
 10
-31.9
 20
-0.15
 10
-31.9
 20
-0.1
 10
-31.7
 20
-0.1
 10
-31.7
 20
3.2
 10
-31.9
 20
3.2
 10
-31.9
 20
3.5
 10
-31.7
 20
3.5
 10
-31.7
 20
6.6000000000000005
 10
-31.9
 20
6.6000000000000005
 10
-31.9
 20
6.9
 10
-31.7
 20
6.9
 10
-31.7
 20
9.7
 10
-29.7
 20
9.7
 10
-29.7
 20
6.9
 10
-25.1
 20
6.9
 10
-25.1
 20
6.6000000000000005
 10
-29.7
 20
6.6000000000000005
 10
-29.7
 20
3.5
 10
-21.1
 20
3.5
 10
-21.1
 20
3.2
 10
-29.7
 20
3.2
 10
-29.7
 20
-0.1
 10
-21.1
 20
-0.1
 10
-21.1
 20
-0.15
  0
LWPOLYLINE
  5
1E7
330
17
100
AcDbEntity
  8
A-THIN
100
AcDbPolyline
 90
5
 70
1
 10
-31.9
 20
-0.1
 10
-31.9
 20
0.0
 10
-21.1
 20
0.0
 10
-21.1
 20
-0.1
 10
-31.9
 20
-0.1
  0
LWPOLYLINE
  5
1E8
330
17
100
AcDbEntity
  8
A-THIN
100
AcDbPolyline
 90
5
 70
1
 10
-31.9
 20
3.5
 10
-31.9
 20
3.6
 10
-21.1
 20
3.6
 10
-21.1
 20
3.5
 10
-31.9
 20
3.5
  0
LWPOLYLINE
  5
1E9
330
17
100
AcDbEntity
  8
A-THIN
100
AcDbPolyline
 90
5
 70
1
 10
-25.1
 20
6.9
 10
-25.1
 20
7.0200000000000005
 10
-31.9
 20
7.0200000000000005
 10
-31.9
 20
6.9
 10
-25.1
 20
6.9
  0
LWPOLYLINE
  5
1EA
330
17
100
AcDbEntity
  8
A-THIN
100
AcDbPolyline
 90
5
 70
1
 10
-29.900000000000002
 20
-0.1
 10
-29.900000000000002
 20
3.2
 10
-29.7
 20
3.2
 10
-29.7
 20
-0.1
 10
-29.900000000000002
 20
-0.1
  0
LWPOLYLINE
  5
1EB
330
17
100
AcDbEntity
  8
A-THIN
100
AcDbPolyline
 90
5
 70
1
 10
-29.900000000000002
 20
6.6000000000000005
 10
-29.7
 20
6.6000000000000005
 10
-29.7
 20
3.5
 10
-29.900000000000002
 20
3.5
 10
-29.900000000000002
 20
6.6000000000000005
  0
LWPOLYLINE
  5
1EC
330
17
100
AcDbEntity
  8
A-THIN
100
AcDbPolyline
 90
5
 70
1
 10
-29.900000000000002
 20
9.7
 10
-29.7
 20
9.7
 10
-29.7
 20
6.9
 10
-29.900000000000002
 20
6.9
 10
-29.900000000000002
 20
9.7
  0
LWPOLYLINE
  5
1ED
330
17
100
AcDbEntity
  8
A-THIN
100
AcDbPolyline
 90
5
 70
1
 10
-25.55
 20
3.6
 10
-25.55
 20
3.95
 10
-26.150000000000002
 20
3.95
 10
-26.150000000000002
 20
3.6
 10
-25.55
 20
3.6
  0
LWPOLYLINE
  5
1EE
330
17
100
AcDbEntity
  8
A-THIN
100
AcDbPolyline
 90
5
 70
1
 10
-21.139999999999997
 20
0.0
 10
-21.139999999999997
 20
3.0
 10
-21.2
 20
3.0
 10
-21.2
 20
0.0
 10
-21.139999999999997
 20
0.0
  0
LWPOLYLINE
  5
1EF
330
17
100
AcDbEntity
  8
A-THIN
100
AcDbPolyline
 90
5
 70
1
 10
-31.9
 20
-0.1
 10
-31.7
 20
-0.1
 10
-31.7
 20
-0.15
 10
-31.9
 20
-0.15
 10
-31.9
 20
-0.1
  0
LWPOLYLINE
  5
1F0
330
17
100
AcDbEntity
  8
A-THIN
100
AcDbPolyline
 90
5
 70
1
 10
-21.1
 20
-0.1
 10
-21.1
 20
-0.15
 10
-29.9
 20
-0.15
 10
-29.9
 20
-0.1
 10
-21.1
 20
-0.1
  0
LWPOLYLINE
  5
1F1
330
17
100
AcDbEntity
  8
A-THIN
100
AcDbPolyline
 90
5
 70
1
 10
-31.7
 20
3.5
 10
-31.7
 20
3.2
 10
-31.9
 20
3.2
 10
-31.9
 20
3.5
 10
-31.7
 20
3.5
  0
LWPOLYLINE
  5
1F2
330
17
100
AcDbEntity
  8
A-THIN
100
AcDbPolyline
 90
5
 70
1
 10
-29.9
 20
3.5
 10
-21.1
 20
3.5
 10
-21.1
 20
3.2
 10
-29.9
 20
3.2
 10
-29.9
 20
3.5
  0
LWPOLYLINE
  5
1F3
330
17
100
AcDbEntity
  8
A-THIN
100
AcDbPolyline
 90
5
 70
1
 10
-31.7
 20
6.9
 10
-31.7
 20
6.6000000000000005
 10
-31.9
 20
6.6000000000000005
 10
-31.9
 20
6.9
 10
-31.7
 20
6.9
  0
LWPOLYLINE
  5
1F4
330
17
100
AcDbEntity
  8
A-THIN
100
AcDbPolyline
 90
5
 70
1
 10
-25.1
 20
6.9
 10
-25.1
 20
6.6000000000000005
 10
-29.9
 20
6.6000000000000005
 10
-29.9
 20
6.9
 10
-25.1
 20
6.9
  0
LWPOLYLINE
  5
1F5
330
17
100
AcDbEntity
  8
A-THIN
100
AcDbPolyline
 90
5
 70
1
 10
-31.9
 20
0.0
 10
-31.7
 20
0.0
 10
-31.7
 20
-0.1
 10
-31.9
 20
-0.1
 10
-31.9
 20
0.0
  0
LWPOLYLINE
  5
1F6
330
17
100
AcDbEntity
  8
A-THIN
100
AcDbPolyline
 90
5
 70
1
 10
-29.9
 20
0.0
 10
-21.1
 20
0.0
 10
-21.1
 20
-0.1
 10
-29.9
 20
-0.1
 10
-29.9
 20
0.0
  0
LWPOLYLINE
  5
1F7
330
17
100
AcDbEntity
  8
A-THIN
100
AcDbPolyline
 90
5
 70
1
 10
-31.9
 20
3.6
 10
-31.7
 20
3.6
 10
-31.7
 20
3.5
 10
-31.9
 20
3.5
 10
-31.9
 20
3.6
  0
LWPOLYLINE
  5
1F8
330
17
100
AcDbEntity
  8
A-THIN
100
AcDbPolyline
 90
5
 70
1
 10
-29.9
 20
3.6
 10
-21.1
 20
3.6
 10
-21.1
 20
3.5
 10
-29.9
 20
3.5
 10
-29.9
 20
3.6
  0
LWPOLYLINE
  5
1F9
330
17
100
AcDbEntity
  8
A-THIN
100
AcDbPolyline
 90
5
 70
1
 10
-31.9
 20
6.9
 10
-31.9
 20
7.0200000000000005
 10
-31.7
 20
7.0200000000000005
 10
-31.7
 20
6.9
 10
-31.9
 20
6.9
  0
LWPOLYLINE
  5
1FA
330
17
100
AcDbEntity
  8
A-THIN
100
AcDbPolyline
 90
5
 70
1
 10
-29.9
 20
6.9
 10
-29.9
 20
7.0200000000000005
 10
-25.1
 20
7.0200000000000005
 10
-25.1
 20
6.9
 10
-29.9
 20
6.9
  0
LWPOLYLINE
  5
1FB
330
17
100
AcDbEntity
  8
A-THIN
100
AcDbPolyline
 90
5
 70
1
 10
-26.45
 20
3.6
 10
-26.45
 20
4.35
 10
-27.4
 20
4.35
 10
-27.4
 20
3.6
 10
-26.45
 20
3.6
  0
LWPOLYLINE
  5
1FC
330
17
100
AcDbEntity
  8
A-THIN
100
AcDbPolyline
 90
5
 70
1
 10
-25.157999999999998
 20
3.65
 10
-25.157999999999998
 20
6.3500000000000005
 10
-25.182
 20
6.3500000000000005
 10
-25.182
 20
3.65
 10
-25.157999999999998
 20
3.65
  0
LWPOLYLINE
  5
1FD
330
17
100
AcDbEntity
  8
A-THIN
100
AcDbPolyline
 90
5
 70
1
 10
-25.299999999999997
 20
3.5
 10
-25.299999999999997
 20
3.6
 10
-25.099999999999998
 20
3.6
 10
-25.099999999999998
 20
3.5
 10
-25.299999999999997
 20
3.5
  0
LWPOLYLINE
  5
1FE
330
17
100
AcDbEntity
  8
A-THIN
100
AcDbPolyline
 90
5
 70
1
 10
-25.299999999999997
 20
6.4
 10
-25.299999999999997
 20
6.6000000000000005
 10
-25.099999999999998
 20
6.6000000000000005
 10
-25.099999999999998
 20
6.4
 10
-25.299999999999997
 20
6.4
  0
LWPOLYLINE
  5
1FF
330
17
100
AcDbEntity
  8
A-THIN
100
AcDbPolyline
 90
5
 70
1
 10
-25.099999999999998
 20
3.1500000000000004
 10
-25.099999999999998
 20
3.6
 10
-25.0
 20
3.6
 10
-25.0
 20
3.1500000000000004
 10
-25.099999999999998
 20
3.1500000000000004
  0
LWPOLYLINE
  5
200
330
17
100
AcDbEntity
  8
A-THIN
100
AcDbPolyline
 90
5
 70
1
 10
-25.099999999999998
 20
6.4
 10
-25.099999999999998
 20
7.5
 10
-25.0
 20
7.5
 10
-25.0
 20
6.4
 10
-25.099999999999998
 20
6.4
  0
LWPOLYLINE
  5
201
330
17
100
AcDbEntity
  8
A-THIN
100
AcDbPolyline
 90
9
 70
1
 10
-25.139999999999997
 20
3.6
 10
-25.2
 20
3.6
 10
-25.2
 20
3.65
 10
-25.2
 20
6.3500000000000005
 10
-25.2
 20
6.4
 10
-25.139999999999997
 20
6.4
 10
-25.139999999999997
 20
6.3500000000000005
 10
-25.139999999999997
 20
3.65
 10
-25.139999999999997
 20
3.6
  0
LWPOLYLINE
  5
202
330
17
100
AcDbEntity
  8
A-THIN
100
AcDbPolyline
 90
26
 70
1
 10
-31.9
 20
-0.15
 10
-31.9
 20
-0.1
 10
-31.7
 20
-0.1
 10
-31.7
 20
3.2
 10
-31.9
 20
3.2
 10
-31.9
 20
3.5
 10
-31.7
 20
3.5
 10
-31.7
 20
6.6000000000000005
 10
-31.9
 20
6.6000000000000005
 10
-31.9
 20
6.9
 10
-31.7
 20
6.9
 10
-31.7
 20
9.7
 10
-29.900000000000002
 20
9.7
 10
-29.7
 20
9.7
 10
-29.7
 20
6.9
 10
-25.1
 20
6.9
 10
-25.1
 20
6.6000000000000005
 10
-29.7
 20
6.6000000000000005
 10
-29.7
 20
3.5
 10
-21.1
 20
3.5
 10
-21.1
 20
3.2
 10
-29.7
 20
3.2
 10
-29.7
 20
-0.1
 10
-21.1
 20
-0.1
 10
-21.1
 20
-0.15
 10
-31.9
 20
-0.15
  0
LWPOLYLINE
  5
203
330
17
100
AcDbEntity
  8
A-THIN
100
AcDbPolyline
 90
5
 70
1
 10
-31.9
 20
-0.1
 10
-31.9
 20
0.0
 10
-21.1
 20
0.0
 10
-21.1
 20
-0.1
 10
-31.9
 20
-0.1
  0
LWPOLYLINE
  5
204
330
17
100
AcDbEntity
  8
A-THIN
100
AcDbPolyline
 90
5
 70
1
 10
-31.9
 20
3.5
 10
-31.9
 20
3.6
 10
-21.1
 20
3.6
 10
-21.1
 20
3.5
 10
-31.9
 20
3.5
  0
LWPOLYLINE
  5
205
330
17
100
AcDbEntity
  8
A-THIN
100
AcDbPolyline
 90
5
 70
1
 10
-25.1
 20
6.9
 10
-25.1
 20
7.0200000000000005
 10
-31.9
 20
7.0200000000000005
 10
-31.9
 20
6.9
 10
-25.1
 20
6.9
  0
LWPOLYLINE
  5
206
330
17
100
AcDbEntity
  8
A-THIN
100
AcDbPolyline
 90
5
 70
1
 10
-29.7
 20
0.0
 10
-29.7
 20
1.05
 10
-27.98
 20
1.05
 10
-27.98
 20
0.0
 10
-29.7
 20
0.0
  0
LWPOLYLINE
  5
207
330
17
100
AcDbEntity
  8
A-THIN
100
AcDbPolyline
 90
5
 70
1
 10
-29.7
 20
4.65
 10
-27.98
 20
4.65
 10
-27.98
 20
3.6
 10
-29.7
 20
3.6
 10
-29.7
 20
4.65
  0
LWPOLYLINE
  5
208
330
17
100
AcDbEntity
  8
A-THIN
100
AcDbPolyline
 90
5
 70
1
 10
-29.7
 20
8.05
 10
-27.98
 20
8.05
 10
-27.98
 20
7.0
 10
-29.7
 20
7.0
 10
-29.7
 20
8.05
  0
LWPOLYLINE
  5
209
330
17
100
AcDbEntity
  8
A-THIN
100
AcDbPolyline
 90
5
 70
1
 10
-29.7
 20
1.02
 10
-29.7
 20
1.05
 10
-27.98
 20
1.05
 10
-27.98
 20
1.02
 10
-29.7
 20
1.02
  0
LWPOLYLINE
  5
20A
330
17
100
AcDbEntity
  8
A-THIN
100
AcDbPolyline
 90
5
 70
1
 10
-29.7
 20
4.65
 10
-27.98
 20
4.65
 10
-27.98
 20
4.62
 10
-29.7
 20
4.62
 10
-29.7
 20
4.65
  0
LWPOLYLINE
  5
20B
330
17
100
AcDbEntity
  8
A-THIN
100
AcDbPolyline
 90
5
 70
1
 10
-29.7
 20
8.05
 10
-27.98
 20
8.05
 10
-27.98
 20
8.020000000000001
 10
-29.7
 20
8.020000000000001
 10
-29.7
 20
8.05
  0
LWPOLYLINE
  5
20C
330
17
100
AcDbEntity
  8
A-THIN
100
AcDbPolyline
 90
5
 70
1
 10
-27.990000000000002
 20
3.6
 10
-27.990000000000002
 20
4.65
 10
-27.97
 20
4.65
 10
-27.97
 20
3.6
 10
-27.990000000000002
 20
3.6
  0
LWPOLYLINE
  5
20D
330
17
100
AcDbEntity
  8
A-THIN
100
AcDbPolyline
 90
5
 70
1
 10
-27.990000000000002
 20
7.0
 10
-27.990000000000002
 20
8.05
 10
-27.97
 20
8.05
 10
-27.97
 20
7.0
 10
-27.990000000000002
 20
7.0
  0
LWPOLYLINE
  5
20E
330
17
100
AcDbEntity
  8
A-THIN
100
AcDbPolyline
 90
5
 70
1
 10
-28.01
 20
4.62
 10
-28.01
 20
4.65
 10
-27.95
 20
4.65
 10
-27.95
 20
4.62
 10
-28.01
 20
4.62
  0
LWPOLYLINE
  5
20F
330
17
100
AcDbEntity
  8
A-THIN
100
AcDbPolyline
 90
5
 70
1
 10
-28.01
 20
8.020000000000001
 10
-28.01
 20
8.05
 10
-27.95
 20
8.05
 10
-27.95
 20
8.020000000000001
 10
-28.01
 20
8.020000000000001
  0
LWPOLYLINE
  5
210
330
17
100
AcDbEntity
  8
A-THIN
100
AcDbPolyline
 90
5
 70
1
 10
-25.099999999999998
 20
3.5
 10
-25.099999999999998
 20
6.6000000000000005
 10
-25.299999999999997
 20
6.6000000000000005
 10
-25.299999999999997
 20
3.5
 10
-25.099999999999998
 20
3.5
  0
LWPOLYLINE
  5
211
330
17
100
AcDbEntity
  8
A-THIN
100
AcDbPolyline
 90
5
 70
1
 10
-25.0
 20
3.1500000000000004
 10
-25.0
 20
7.5
 10
-25.099999999999998
 20
7.5
 10
-25.099999999999998
 20
3.1500000000000004
 10
-25.0
 20
3.1500000000000004
  0
LWPOLYLINE
  5
212
330
17
100
AcDbEntity
  8
A-THIN
100
AcDbPolyline
 90
5
 70
1
 10
-25.139999999999997
 20
3.6
 10
-25.139999999999997
 20
6.4
 10
-25.2
 20
6.4
 10
-25.2
 20
3.6
 10
-25.139999999999997
 20
3.6
  0
LWPOLYLINE
  5
213
330
17
100
AcDbEntity
  8
A-THIN
100
AcDbPolyline
 90
5
 70
1
 10
-26.549999999999997
 20
6.9
 10
-26.549999999999997
 20
9.7
 10
-26.749999999999996
 20
9.7
 10
-26.749999999999996
 20
6.9
 10
-26.549999999999997
 20
6.9
  0
LWPOLYLINE
  5
214
330
17
100
AcDbEntity
  8
A-THIN
100
AcDbPolyline
 90
5
 70
1
 10
-26.45
 20
6.9
 10
-26.45
 20
10.2
 10
-26.549999999999997
 20
10.2
 10
-26.549999999999997
 20
6.9
 10
-26.45
 20
6.9
  0
LWPOLYLINE
  5
215
330
17
100
AcDbEntity
  8
A-THIN
100
AcDbPolyline
 90
5
 70
1
 10
-31.900000000000002
 20
-0.1
 10
-31.900000000000002
 20
3.2
 10
-31.700000000000003
 20
3.2
 10
-31.700000000000003
 20
-0.1
 10
-31.900000000000002
 20
-0.1
  0
LWPOLYLINE
  5
216
330
17
100
AcDbEntity
  8
A-THIN
100
AcDbPolyline
 90
5
 70
1
 10
-31.900000000000002
 20
6.6000000000000005
 10
-31.700000000000003
 20
6.6000000000000005
 10
-31.700000000000003
 20
3.5
 10
-31.900000000000002
 20
3.5
 10
-31.900000000000002
 20
6.6000000000000005
  0
LWPOLYLINE
  5
217
330
17
100
AcDbEntity
  8
A-THIN
100
AcDbPolyline
 90
5
 70
1
 10
-31.900000000000002
 20
9.7
 10
-31.700000000000003
 20
9.7
 10
-31.700000000000003
 20
6.9
 10
-31.900000000000002
 20
6.9
 10
-31.900000000000002
 20
9.7
  0
LWPOLYLINE
  5
218
330
17
100
AcDbEntity
  8
A-THIN
100
AcDbPolyline
 90
5
 70
1
 10
-31.900000000000002
 20
-0.15
 10
-31.900000000000002
 20
3.55
 10
-32.0
 20
3.55
 10
-32.0
 20
-0.15
 10
-31.900000000000002
 20
-0.15
  0
LWPOLYLINE
  5
219
330
17
100
AcDbEntity
  8
A-THIN
100
AcDbPolyline
 90
9
 70
1
 10
-31.900000000000002
 20
3.1500000000000004
 10
-32.0
 20
3.1500000000000004
 10
-32.0
 20
6.9
 10
-32.0
 20
7.5
 10
-32.0
 20
10.2
 10
-31.900000000000002
 20
10.2
 10
-31.900000000000002
 20
7.5
 10
-31.900000000000002
 20
6.9
 10
-31.900000000000002
 20
3.1500000000000004
  0
LWPOLYLINE
  5
21A
330
17
100
AcDbEntity
  8
A-THIN
100
AcDbPolyline
 90
11
 70
1
 10
-31.8
 20
0.0
 10
-31.860000000000003
 20
0.0
 10
-31.860000000000003
 20
3.2
 10
-31.860000000000003
 20
6.8
 10
-31.860000000000003
 20
6.800000000000001
 10
-31.860000000000003
 20
9.2
 10
-31.8
 20
9.2
 10
-31.8
 20
6.800000000000001
 10
-31.8
 20
6.8
 10
-31.8
 20
3.2
 10
-31.8
 20
0.0
  0
LWPOLYLINE
  5
21B
330
17
100
AcDbEntity
  8
A-THIN
100
AcDbPolyline
 90
5
 70
1
 10
-21.6
 20
3.6
 10
-21.6
 20
4.0
 10
-23.6
 20
4.0
 10
-23.6
 20
3.6
 10
-21.6
 20
3.6
  0
LWPOLYLINE
  5
21C
330
17
100
AcDbEntity
  8
A-THIN
100
AcDbPolyline
 90
5
 70
1
 10
-30.22
 20
2.007142857142857
 10
-30.5
 20
2.007142857142857
 10
-30.5
 20
2.057142857142857
 10
-30.22
 20
2.057142857142857
 10
-30.22
 20
2.007142857142857
  0
LWPOLYLINE
  5
21D
330
17
100
AcDbEntity
  8
A-THIN
100
AcDbPolyline
 90
5
 70
1
 10
-29.94
 20
2.178571428571429
 10
-30.22
 20
2.178571428571429
 10
-30.22
 20
2.2285714285714286
 10
-29.94
 20
2.2285714285714286
 10
-29.94
 20
2.178571428571429
  0
LWPOLYLINE
  5
21E
330
17
100
AcDbEntity
  8
A-THIN
100
AcDbPolyline
 90
5
 70
1
 10
-29.66
 20
2.35
 10
-29.94
 20
2.35
 10
-29.94
 20
2.4
 10
-29.66
 20
2.4
 10
-29.66
 20
2.35
  0
LWPOLYLINE
  5
21F
330
17
100
AcDbEntity
  8
A-THIN
100
AcDbPolyline
 90
5
 70
1
 10
-29.38
 20
2.5214285714285714
 10
-29.66
 20
2.5214285714285714
 10
-29.66
 20
2.571428571428571
 10
-29.38
 20
2.571428571428571
 10
-29.38
 20
2.5214285714285714
  0
LWPOLYLINE
  5
220
330
17
100
AcDbEntity
  8
A-THIN
100
AcDbPolyline
 90
5
 70
1
 10
-29.1
 20
2.692857142857143
 10
-29.38
 20
2.692857142857143
 10
-29.38
 20
2.742857142857143
 10
-29.1
 20
2.742857142857143
 10
-29.1
 20
2.692857142857143
  0
LWPOLYLINE
  5
221
330
17
100
AcDbEntity
  8
A-THIN
100
AcDbPolyline
 90
5
 70
1
 10
-30.22
 20
5.42
 10
-30.5
 20
5.42
 10
-30.5
 20
5.47
 10
-30.22
 20
5.47
 10
-30.22
 20
5.42
  0
LWPOLYLINE
  5
222
330
17
100
AcDbEntity
  8
A-THIN
100
AcDbPolyline
 90
5
 70
1
 10
-29.94
 20
5.59
 10
-30.22
 20
5.59
 10
-30.22
 20
5.64
 10
-29.94
 20
5.64
 10
-29.94
 20
5.59
  0
LWPOLYLINE
  5
223
330
17
100
AcDbEntity
  8
A-THIN
100
AcDbPolyline
 90
5
 70
1
 10
-29.94
 20
5.76
 10
-29.94
 20
5.81
 10
-29.66
 20
5.81
 10
-29.66
 20
5.76
 10
-29.94
 20
5.76
  0
LWPOLYLINE
  5
224
330
17
100
AcDbEntity
  8
A-THIN
100
AcDbPolyline
 90
5
 70
1
 10
-29.66
 20
5.93
 10
-29.66
 20
5.9799999999999995
 10
-29.38
 20
5.9799999999999995
 10
-29.38
 20
5.93
 10
-29.66
 20
5.93
  0
LWPOLYLINE
  5
225
330
17
100
AcDbEntity
  8
A-THIN
100
AcDbPolyline
 90
5
 70
1
 10
-29.1
 20
6.1
 10
-29.38
 20
6.1
 10
-29.38
 20
6.1499999999999995
 10
-29.1
 20
6.1499999999999995
 10
-29.1
 20
6.1
  0
LWPOLYLINE
  5
226
330
17
100
AcDbEntity
  8
A-THIN
100
AcDbPolyline
 90
5
 70
1
 10
-22.65
 20
0.0
 10
-23.849999999999998
 20
0.0
 10
-23.849999999999998
 20
0.75
 10
-22.65
 20
0.75
 10
-22.65
 20
0.0
  0
LWPOLYLINE
  5
227
330
17
100
AcDbEntity
  8
A-THIN
100
AcDbPolyline
 90
5
 70
1
 10
-28.82
 20
2.8642857142857143
 10
-29.1
 20
2.8642857142857143
 10
-29.1
 20
2.914285714285714
 10
-28.82
 20
2.914285714285714
 10
-28.82
 20
2.8642857142857143
  0
LWPOLYLINE
  5
228
330
17
100
AcDbEntity
  8
A-THIN
100
AcDbPolyline
 90
5
 70
1
 10
-28.82
 20
3.0357142857142856
 10
-28.82
 20
3.0857142857142854
 10
-28.54
 20
3.0857142857142854
 10
-28.54
 20
3.0357142857142856
 10
-28.82
 20
3.0357142857142856
  0
LWPOLYLINE
  5
229
330
17
100
AcDbEntity
  8
A-THIN
100
AcDbPolyline
 90
5
 70
1
 10
-28.54
 20
3.2071428571428573
 10
-28.54
 20
3.257142857142857
 10
-28.259999999999998
 20
3.257142857142857
 10
-28.259999999999998
 20
3.2071428571428573
 10
-28.54
 20
3.2071428571428573
  0
LWPOLYLINE
  5
22A
330
17
100
AcDbEntity
  8
A-THIN
100
AcDbPolyline
 90
5
 70
1
 10
-27.98
 20
3.378571428571429
 10
-28.259999999999998
 20
3.378571428571429
 10
-28.259999999999998
 20
3.428571428571429
 10
-27.98
 20
3.428571428571429
 10
-27.98
 20
3.378571428571429
  0
LWPOLYLINE
  5
22B
330
17
100
AcDbEntity
  8
A-THIN
100
AcDbPolyline
 90
5
 70
1
 10
-28.82
 20
6.2700000000000005
 10
-29.1
 20
6.2700000000000005
 10
-29.1
 20
6.32
 10
-28.82
 20
6.32
 10
-28.82
 20
6.2700000000000005
  0
LWPOLYLINE
  5
22C
330
17
100
AcDbEntity
  8
A-THIN
100
AcDbPolyline
 90
5
 70
1
 10
-28.54
 20
6.44
 10
-28.82
 20
6.44
 10
-28.82
 20
6.49
 10
-28.54
 20
6.49
 10
-28.54
 20
6.44
  0
LWPOLYLINE
  5
22D
330
17
100
AcDbEntity
  8
A-THIN
100
AcDbPolyline
 90
5
 70
1
 10
-28.54
 20
6.61
 10
-28.54
 20
6.66
 10
-28.259999999999998
 20
6.66
 10
-28.259999999999998
 20
6.61
 10
-28.54
 20
6.61
  0
LWPOLYLINE
  5
22E
330
17
100
AcDbEntity
  8
A-THIN
100
AcDbPolyline
 90
5
 70
1
 10
-28.259999999999998
 20
6.78
 10
-28.259999999999998
 20
6.83
 10
-27.98
 20
6.83
 10
-27.98
 20
6.78
 10
-28.259999999999998
 20
6.78
  0
LWPOLYLINE
  5
22F
330
17
100
AcDbEntity
  8
A-THIN
100
AcDbPolyline
 90
37
 70
1
 10
-30.22
 20
2.007142857142857
 10
-30.22
 20
2.178571428571429
 10
-29.94
 20
2.178571428571429
 10
-29.94
 20
2.35
 10
-29.66
 20
2.35
 10
-29.66
 20
2.5214285714285714
 10
-29.38
 20
2.5214285714285714
 10
-29.38
 20
2.692857142857143
 10
-29.1
 20
2.692857142857143
 10
-29.1
 20
2.8642857142857143
 10
-28.82
 20
2.8642857142857143
 10
-28.82
 20
3.0357142857142856
 10
-28.54
 20
3.0357142857142856
 10
-28.54
 20
3.2071428571428573
 10
-28.259999999999998
 20
3.2071428571428573
 10
-28.259999999999998
 20
3.378571428571429
 10
-27.98
 20
3.378571428571429
 10
-27.98
 20
3.178571428571429
 10
-28.259999999999998
 20
3.178571428571429
 10
-28.259999999999998
 20
3.007142857142857
 10
-28.54
 20
3.007142857142857
 10
-28.54
 20
2.8357142857142854
 10
-28.82
 20
2.8357142857142854
 10
-28.82
 20
2.664285714285714
 10
-29.1
 20
2.664285714285714
 10
-29.1
 20
2.492857142857143
 10
-29.38
 20
2.492857142857143
 10
-29.38
 20
2.321428571428571
 10
-29.66
 20
2.321428571428571
 10
-29.66
 20
2.15
 10
-29.94
 20
2.15
 10
-29.94
 20
1.9785714285714286
 10
-30.22
 20
1.9785714285714286
 10
-30.22
 20
1.807142857142857
 10
-30.5
 20
1.807142857142857
 10
-30.5
 20
2.007142857142857
 10
-30.22
 20
2.007142857142857
  0
LWPOLYLINE
  5
230
330
17
100
AcDbEntity
  8
A-THIN
100
AcDbPolyline
 90
37
 70
1
 10
-30.22
 20
5.59
 10
-29.94
 20
5.59
 10
-29.94
 20
5.76
 10
-29.66
 20
5.76
 10
-29.66
 20
5.93
 10
-29.38
 20
5.93
 10
-29.38
 20
6.1
 10
-29.1
 20
6.1
 10
-29.1
 20
6.2700000000000005
 10
-28.82
 20
6.2700000000000005
 10
-28.82
 20
6.44
 10
-28.54
 20
6.44
 10
-28.54
 20
6.61
 10
-28.259999999999998
 20
6.61
 10
-28.259999999999998
 20
6.78
 10
-27.98
 20
6.78
 10
-27.98
 20
6.58
 10
-28.259999999999998
 20
6.58
 10
-28.259999999999998
 20
6.41
 10
-28.54
 20
6.41
 10
-28.54
 20
6.24
 10
-28.82
 20
6.24
 10
-28.82
 20
6.07
 10
-29.1
 20
6.07
 10
-29.1
 20
5.8999999999999995
 10
-29.38
 20
5.8999999999999995
 10
-29.38
 20
5.7299999999999995
 10
-29.66
 20
5.7299999999999995
 10
-29.66
 20
5.56
 10
-29.94
 20
5.56
 10
-29.94
 20
5.39
 10
-30.22
 20
5.39
 10
-30.22
 20
5.22
 10
-30.5
 20
5.22
 10
-30.5
 20
5.42
 10
-30.22
 20
5.42
 10
-30.22
 20
5.59
  0
LWPOLYLINE
  5
231
330
17
100
AcDbEntity
  8
A-THIN
100
AcDbPolyline
 90
5
 70
1
 10
-26.749999999999996
 20
6.9
 10
-26.749999999999996
 20
7.0
 10
-26.549999999999997
 20
7.0
 10
-26.549999999999997
 20
6.9
 10
-26.749999999999996
 20
6.9
  0
LWPOLYLINE
  5
232
330
17
100
AcDbEntity
  8
A-THIN
100
AcDbPolyline
 90
5
 70
1
 10
-26.749999999999996
 20
9.2
 10
-26.749999999999996
 20
9.7
 10
-26.549999999999997
 20
9.7
 10
-26.549999999999997
 20
9.2
 10
-26.749999999999996
 20
9.2
  0
LWPOLYLINE
  5
233
330
17
100
AcDbEntity
  8
A-THIN
100
AcDbPolyline
 90
5
 70
1
 10
-26.549999999999997
 20
6.9
 10
-26.549999999999997
 20
7.0
 10
-26.45
 20
7.0
 10
-26.45
 20
6.9
 10
-26.549999999999997
 20
6.9
  0
LWPOLYLINE
  5
234
330
17
100
AcDbEntity
  8
A-THIN
100
AcDbPolyline
 90
5
 70
1
 10
-26.549999999999997
 20
9.2
 10
-26.549999999999997
 20
10.2
 10
-26.45
 20
10.2
 10
-26.45
 20
9.2
 10
-26.549999999999997
 20
9.2
  0
LWPOLYLINE
  5
235
330
17
100
AcDbEntity
  8
A-THIN
100
AcDbPolyline
 90
5
 70
1
 10
-26.595
 20
7.0
 10
-26.595
 20
9.2
 10
-26.645
 20
9.2
 10
-26.645
 20
7.0
 10
-26.595
 20
7.0
  0
LWPOLYLINE
  5
236
330
17
100
AcDbEntity
  8
A-THIN
100
AcDbPolyline
 90
13
 70
1
 10
-27.98
 20
-0.15
 10
-30.5
 20
-0.15
 10
-30.5
 20
0.0
 10
-30.5
 20
0.9
 10
-30.5
 20
3.6
 10
-30.5
 20
4.5
 10
-30.5
 20
7.9
 10
-27.98
 20
7.9
 10
-27.98
 20
4.5
 10
-27.7
 20
4.5
 10
-27.7
 20
0.0
 10
-27.98
 20
0.0
 10
-27.98
 20
-0.15
  0
LWPOLYLINE
  5
237
330
17
100
AcDbEntity
  8
A-THIN
100
AcDbPolyline
 90
5
 70
1
 10
-21.6
 20
3.6
 10
-21.6
 20
4.0
 10
-23.6
 20
4.0
 10
-23.6
 20
3.6
 10
-21.6
 20
3.6
  0
LWPOLYLINE
  5
238
330
17
100
AcDbEntity
  8
A-THIN
100
AcDbPolyline
 90
5
 70
1
 10
-17.01
 20
-0.04999999999999999
 10
-17.01
 20
0.8999999999999999
 10
-16.99
 20
0.8999999999999999
 10
-16.99
 20
-0.04999999999999999
 10
-17.01
 20
-0.04999999999999999
  0
LWPOLYLINE
  5
239
330
17
100
AcDbEntity
  8
A-THIN
100
AcDbPolyline
 90
5
 70
1
 10
-19.610000000000003
 20
-0.02
 10
-19.610000000000003
 20
1.03
 10
-19.59
 20
1.03
 10
-19.59
 20
-0.02
 10
-19.610000000000003
 20
-0.02
  0
LWPOLYLINE
  5
23A
330
17
100
AcDbEntity
  8
A-THIN
100
AcDbPolyline
 90
5
 70
1
 10
-17.03
 20
0.8699999999999999
 10
-17.03
 20
0.8999999999999999
 10
-16.97
 20
0.8999999999999999
 10
-16.97
 20
0.8699999999999999
 10
-17.03
 20
0.8699999999999999
  0
LWPOLYLINE
  5
23B
330
17
100
AcDbEntity
  8
A-THIN
100
AcDbPolyline
 90
5
 70
1
 10
-19.630000000000003
 20
1.0
 10
-19.630000000000003
 20
1.03
 10
-19.57
 20
1.03
 10
-19.57
 20
1.0
 10
-19.630000000000003
 20
1.0
  0
LWPOLYLINE
  5
23C
330
17
100
AcDbEntity
  8
A-THIN
100
AcDbPolyline
 90
5
 70
1
 10
-17.0
 20
-0.04999999999999999
 10
-17.0
 20
0.8999999999999999
 10
-19.6
 20
0.8999999999999999
 10
-19.6
 20
-0.04999999999999999
 10
-17.0
 20
-0.04999999999999999
  0
LWPOLYLINE
  5
23D
330
17
100
AcDbEntity
  8
A-THIN
100
AcDbPolyline
 90
5
 70
1
 10
-17.0
 20
0.8699999999999999
 10
-17.0
 20
0.8999999999999999
 10
-19.6
 20
0.8999999999999999
 10
-19.6
 20
0.8699999999999999
 10
-17.0
 20
0.8699999999999999
  0
LWPOLYLINE
  5
23E
330
17
100
AcDbEntity
  8
A-THIN
100
AcDbPolyline
 90
5
 70
1
 10
-16.55
 20
-0.15
 10
-16.55
 20
-0.04999999999999999
 10
-21.15
 20
-0.04999999999999999
 10
-21.15
 20
-0.15
 10
-16.55
 20
-0.15
  0
LWPOLYLINE
  5
23F
330
17
100
AcDbEntity
  8
A-THIN
100
AcDbPolyline
 90
5
 70
1
 10
-16.700000000000003
 20
-0.15
 10
-16.700000000000003
 20
-0.04999999999999999
 10
-17.0
 20
-0.04999999999999999
 10
-17.0
 20
-0.15
 10
-16.700000000000003
 20
-0.15
  0
LWPOLYLINE
  5
240
330
17
100
AcDbEntity
  8
A-THIN
100
AcDbPolyline
 90
5
 70
1
 10
-31.842000000000002
 20
3.1500000000000004
 10
-31.818
 20
3.1500000000000004
 10
-31.818
 20
0.05
 10
-31.842000000000002
 20
0.05
 10
-31.842000000000002
 20
3.1500000000000004
  0
LWPOLYLINE
  5
241
330
17
100
AcDbEntity
  8
A-THIN
100
AcDbPolyline
 90
5
 70
1
 10
-31.842000000000002
 20
6.750000000000001
 10
-31.818
 20
6.750000000000001
 10
-31.818
 20
3.25
 10
-31.842000000000002
 20
3.25
 10
-31.842000000000002
 20
6.750000000000001
  0
LWPOLYLINE
  5
242
330
17
100
AcDbEntity
  8
A-THIN
100
AcDbPolyline
 90
5
 70
1
 10
-25.182
 20
6.3500000000000005
 10
-25.157999999999998
 20
6.3500000000000005
 10
-25.157999999999998
 20
3.65
 10
-25.182
 20
3.65
 10
-25.182
 20
6.3500000000000005
  0
LWPOLYLINE
  5
243
330
17
100
AcDbEntity
  8
A-THIN
100
AcDbPolyline
 90
5
 70
1
 10
-31.842000000000002
 20
9.149999999999999
 10
-31.818
 20
9.149999999999999
 10
-31.818
 20
6.85
 10
-31.842000000000002
 20
6.85
 10
-31.842000000000002
 20
9.149999999999999
  0
LWPOLYLINE
  5
244
330
17
100
AcDbEntity
  8
A-THIN
100
AcDbPolyline
 90
5
 70
1
 10
-31.900000000000002
 20
0.0
 10
-31.700000000000003
 20
0.0
 10
-31.700000000000003
 20
-0.1
 10
-31.900000000000002
 20
-0.1
 10
-31.900000000000002
 20
0.0
  0
LWPOLYLINE
  5
245
330
17
100
AcDbEntity
  8
A-THIN
100
AcDbPolyline
 90
5
 70
1
 10
-25.299999999999997
 20
3.6
 10
-25.099999999999998
 20
3.6
 10
-25.099999999999998
 20
3.5
 10
-25.299999999999997
 20
3.5
 10
-25.299999999999997
 20
3.6
  0
LWPOLYLINE
  5
246
330
17
100
AcDbEntity
  8
A-THIN
100
AcDbPolyline
 90
5
 70
1
 10
-25.299999999999997
 20
6.6000000000000005
 10
-25.099999999999998
 20
6.6000000000000005
 10
-25.099999999999998
 20
6.4
 10
-25.299999999999997
 20
6.4
 10
-25.299999999999997
 20
6.6000000000000005
  0
LWPOLYLINE
  5
247
330
17
100
AcDbEntity
  8
A-THIN
100
AcDbPolyline
 90
5
 70
1
 10
-31.900000000000002
 20
9.7
 10
-31.700000000000003
 20
9.7
 10
-31.700000000000003
 20
9.2
 10
-31.900000000000002
 20
9.2
 10
-31.900000000000002
 20
9.7
  0
LWPOLYLINE
  5
248
330
17
100
AcDbEntity
  8
A-THIN
100
AcDbPolyline
 90
5
 70
1
 10
-32.0
 20
-0.15
 10
-32.0
 20
0.0
 10
-31.900000000000002
 20
0.0
 10
-31.900000000000002
 20
-0.15
 10
-32.0
 20
-0.15
  0
LWPOLYLINE
  5
249
330
17
100
AcDbEntity
  8
A-THIN
100
AcDbPolyline
 90
5
 70
1
 10
-32.0
 20
3.2
 10
-32.0
 20
3.55
 10
-31.900000000000002
 20
3.55
 10
-31.900000000000002
 20
3.2
 10
-32.0
 20
3.2
  0
LWPOLYLINE
  5
24A
330
17
100
AcDbEntity
  8
A-THIN
100
AcDbPolyline
 90
23
 70
1
 10
-31.860000000000003
 20
0.05
 10
-31.860000000000003
 20
3.1500000000000004
 10
-31.860000000000003
 20
3.2
 10
-31.860000000000003
 20
3.25
 10
-31.860000000000003
 20
6.750000000000001
 10
-31.860000000000003
 20
6.8
 10
-31.860000000000003
 20
6.800000000000001
 10
-31.860000000000003
 20
6.85
 10
-31.860000000000003
 20
9.149999999999999
 10
-31.860000000000003
 20
9.2
 10
-31.8
 20
9.2
 10
-31.8
 20
9.149999999999999
 10
-31.8
 20
6.85
 10
-31.8
 20
6.800000000000001
 10
-31.8
 20
6.8
 10
-31.8
 20
6.750000000000001
 10
-31.8
 20
3.25
 10
-31.8
 20
3.2
 10
-31.8
 20
3.1500000000000004
 10
-31.8
 20
0.05
 10
-31.8
 20
0.0
 10
-31.860000000000003
 20
0.0
 10
-31.860000000000003
 20
0.05
  0
LWPOLYLINE
  5
24B
330
17
100
AcDbEntity
  8
A-THIN
100
AcDbPolyline
 90
9
 70
1
 10
-25.2
 20
3.65
 10
-25.2
 20
6.3500000000000005
 10
-25.2
 20
6.4
 10
-25.139999999999997
 20
6.4
 10
-25.139999999999997
 20
6.3500000000000005
 10
-25.139999999999997
 20
3.65
 10
-25.139999999999997
 20
3.6
 10
-25.2
 20
3.6
 10
-25.2
 20
3.65
  0
LWPOLYLINE
  5
24C
330
17
100
AcDbEntity
  8
A-THIN
100
AcDbPolyline
 90
5
 70
1
 10
-32.0
 20
3.2
 10
-31.900000000000002
 20
3.2
 10
-31.900000000000002
 20
3.1500000000000004
 10
-32.0
 20
3.1500000000000004
 10
-32.0
 20
3.2
  0
LWPOLYLINE
  5
24D
330
17
100
AcDbEntity
  8
A-THIN
100
AcDbPolyline
 90
5
 70
1
 10
-25.099999999999998
 20
3.6
 10
-25.0
 20
3.6
 10
-25.0
 20
3.1500000000000004
 10
-25.099999999999998
 20
3.1500000000000004
 10
-25.099999999999998
 20
3.6
  0
LWPOLYLINE
  5
24E
330
17
100
AcDbEntity
  8
A-THIN
100
AcDbPolyline
 90
5
 70
1
 10
-25.099999999999998
 20
7.5
 10
-25.0
 20
7.5
 10
-25.0
 20
6.4
 10
-25.099999999999998
 20
6.4
 10
-25.099999999999998
 20
7.5
  0
LWPOLYLINE
  5
24F
330
17
100
AcDbEntity
  8
A-THIN
100
AcDbPolyline
 90
5
 70
1
 10
-31.900000000000002
 20
7.5
 10
-31.900000000000002
 20
6.800000000000001
 10
-32.0
 20
6.800000000000001
 10
-32.0
 20
7.5
 10
-31.900000000000002
 20
7.5
  0
LWPOLYLINE
  5
250
330
17
100
AcDbEntity
  8
A-THIN
100
AcDbPolyline
 90
5
 70
1
 10
-31.900000000000002
 20
10.2
 10
-31.900000000000002
 20
9.2
 10
-32.0
 20
9.2
 10
-32.0
 20
10.2
 10
-31.900000000000002
 20
10.2
  0
LWPOLYLINE
  5
251
330
17
100
AcDbEntity
  8
A-THIN
100
AcDbPolyline
 90
5
 70
1
 10
-21.157999999999998
 20
0.05
 10
-21.157999999999998
 20
2.95
 10
-21.182
 20
2.95
 10
-21.182
 20
0.05
 10
-21.157999999999998
 20
0.05
  0
LWPOLYLINE
  5
252
330
17
100
AcDbEntity
  8
A-THIN
100
AcDbPolyline
 90
5
 70
1
 10
-21.299999999999997
 20
-0.1
 10
-21.299999999999997
 20
0.0
 10
-21.099999999999998
 20
0.0
 10
-21.099999999999998
 20
-0.1
 10
-21.299999999999997
 20
-0.1
  0
LWPOLYLINE
  5
253
330
17
100
AcDbEntity
  8
A-THIN
100
AcDbPolyline
 90
5
 70
1
 10
-21.299999999999997
 20
3.0
 10
-21.299999999999997
 20
3.2
 10
-21.099999999999998
 20
3.2
 10
-21.099999999999998
 20
3.0
 10
-21.299999999999997
 20
3.0
  0
LWPOLYLINE
  5
254
330
17
100
AcDbEntity
  8
A-THIN
100
AcDbPolyline
 90
5
 70
1
 10
-21.099999999999998
 20
-0.15
 10
-21.099999999999998
 20
0.0
 10
-21.0
 20
0.0
 10
-21.0
 20
-0.15
 10
-21.099999999999998
 20
-0.15
  0
LWPOLYLINE
  5
255
330
17
100
AcDbEntity
  8
A-THIN
100
AcDbPolyline
 90
5
 70
1
 10
-21.099999999999998
 20
3.0
 10
-21.099999999999998
 20
3.55
 10
-21.0
 20
3.55
 10
-21.0
 20
3.0
 10
-21.099999999999998
 20
3.0
  0
LWPOLYLINE
  5
256
330
17
100
AcDbEntity
  8
A-THIN
100
AcDbPolyline
 90
9
 70
1
 10
-21.139999999999997
 20
0.0
 10
-21.2
 20
0.0
 10
-21.2
 20
0.05
 10
-21.2
 20
2.95
 10
-21.2
 20
3.0
 10
-21.139999999999997
 20
3.0
 10
-21.139999999999997
 20
2.95
 10
-21.139999999999997
 20
0.05
 10
-21.139999999999997
 20
0.0
  0
LWPOLYLINE
  5
257
330
17
100
AcDbEntity
  8
A-THIN
100
AcDbPolyline
 90
5
 70
1
 10
-27.97
 20
7.0
 10
-27.97
 20
8.05
 10
-27.990000000000002
 20
8.05
 10
-27.990000000000002
 20
7.0
 10
-27.97
 20
7.0
  0
LWPOLYLINE
  5
258
330
17
100
AcDbEntity
  8
A-THIN
100
AcDbPolyline
 90
5
 70
1
 10
-27.95
 20
8.020000000000001
 10
-27.95
 20
8.05
 10
-28.01
 20
8.05
 10
-28.01
 20
8.020000000000001
 10
-27.95
 20
8.020000000000001
  0
LWPOLYLINE
  5
259
330
17
100
AcDbEntity
  8
A-THIN
100
AcDbPolyline
 90
45
 70
1
 10
-29.66
 20
1.1214285714285714
 10
-29.939999999999998
 20
1.1214285714285714
 10
-29.939999999999998
 20
1.292857142857143
 10
-30.22
 20
1.292857142857143
 10
-30.22
 20
1.4642857142857144
 10
-30.5
 20
1.4642857142857144
 10
-30.5
 20
1.6357142857142857
 10
-31.7
 20
1.6357142857142857
 10
-31.7
 20
1.8857142857142857
 10
-30.5
 20
1.8857142857142857
 10
-30.5
 20
1.6642857142857144
 10
-30.22
 20
1.6642857142857144
 10
-30.22
 20
1.4928571428571429
 10
-29.939999999999998
 20
1.4928571428571429
 10
-29.939999999999998
 20
1.3214285714285714
 10
-29.66
 20
1.3214285714285714
 10
-29.66
 20
1.15
 10
-29.38
 20
1.15
 10
-29.38
 20
0.9785714285714284
 10
-29.099999999999998
 20
0.9785714285714284
 10
-29.099999999999998
 20
0.8071428571428572
 10
-28.82
 20
0.8071428571428572
 10
-28.82
 20
0.6357142857142857
 10
-28.54
 20
0.6357142857142857
 10
-28.54
 20
0.46428571428571425
 10
-28.259999999999998
 20
0.46428571428571425
 10
-28.259999999999998
 20
0.29285714285714287
 10
-27.98
 20
0.29285714285714287
 10
-27.98
 20
0.12142857142857143
 10
-27.7
 20
0.12142857142857143
 10
-27.7
 20
-0.07857142857142857
 10
-27.98
 20
-0.07857142857142857
 10
-27.98
 20
0.09285714285714286
 10
-28.259999999999998
 20
0.09285714285714286
 10
-28.259999999999998
 20
0.26428571428571423
 10
-28.54
 20
0.26428571428571423
 10
-28.54
 20
0.4357142857142857
 10
-28.82
 20
0.4357142857142857
 10
-28.82
 20
0.6071428571428572
 10
-29.099999999999998
 20
0.6071428571428572
 10
-29.099999999999998
 20
0.7785714285714285
 10
-29.38
 20
0.7785714285714285
 10
-29.38
 20
0.95
 10
-29.66
 20
0.95
 10
-29.66
 20
1.1214285714285714
  0
LWPOLYLINE
  5
25A
330
17
100
AcDbEntity
  8
A-THIN
100
AcDbPolyline
 90
5
 70
1
 10
-31.9
 20
3.2
 10
-31.9
 20
3.5
 10
-31.7
 20
3.5
 10
-31.7
 20
3.2
 10
-31.9
 20
3.2
  0
LWPOLYLINE
  5
25B
330
17
100
AcDbEntity
  8
A-THIN
100
AcDbPolyline
 90
41
 70
1
 10
-29.38
 20
4.37
 10
-29.66
 20
4.37
 10
-29.66
 20
4.54
 10
-29.94
 20
4.54
 10
-29.94
 20
4.71
 10
-30.22
 20
4.71
 10
-30.22
 20
4.88
 10
-30.5
 20
4.88
 10
-30.5
 20
5.05
 10
-31.7
 20
5.05
 10
-31.7
 20
5.3
 10
-30.5
 20
5.3
 10
-30.5
 20
5.08
 10
-30.22
 20
5.08
 10
-30.22
 20
4.91
 10
-29.94
 20
4.91
 10
-29.94
 20
4.74
 10
-29.66
 20
4.74
 10
-29.66
 20
4.57
 10
-29.38
 20
4.57
 10
-29.38
 20
4.4
 10
-29.1
 20
4.4
 10
-29.1
 20
4.23
 10
-28.82
 20
4.23
 10
-28.82
 20
4.0600000000000005
 10
-28.54
 20
4.0600000000000005
 10
-28.54
 20
3.89
 10
-28.26
 20
3.89
 10
-28.26
 20
3.72
 10
-27.98
 20
3.72
 10
-27.98
 20
3.52
 10
-28.26
 20
3.52
 10
-28.26
 20
3.69
 10
-28.54
 20
3.69
 10
-28.54
 20
3.8600000000000003
 10
-28.82
 20
3.8600000000000003
 10
-28.82
 20
4.03
 10
-29.1
 20
4.03
 10
-29.1
 20
4.2
 10
-29.38
 20
4.2
 10
-29.38
 20
4.37
  0
LWPOLYLINE
  5
25C
330
17
100
AcDbEntity
  8
A-THIN
100
AcDbPolyline
 90
5
 70
1
 10
-31.7
 20
6.6000000000000005
 10
-31.9
 20
6.6000000000000005
 10
-31.9
 20
6.9
 10
-31.7
 20
6.9
 10
-31.7
 20
6.6000000000000005
  0
LWPOLYLINE
  5
25D
330
17
100
AcDbEntity
  8
A-THIN
100
AcDbPolyline
 90
5
 70
1
 10
-27.98
 20
3.2
 10
-27.98
 20
3.5
 10
-21.1
 20
3.5
 10
-21.1
 20
3.2
 10
-27.98
 20
3.2
  0
LWPOLYLINE
  5
25E
330
17
100
AcDbEntity
  8
A-THIN
100
AcDbPolyline
 90
5
 70
1
 10
-27.98
 20
6.6000000000000005
 10
-27.98
 20
6.9
 10
-25.1
 20
6.9
 10
-25.1
 20
6.6000000000000005
 10
-27.98
 20
6.6000000000000005
  0
LWPOLYLINE
  5
25F
330
17
100
AcDbEntity
  8
A-THIN
100
AcDbPolyline
 90
5
 70
1
 10
-31.9
 20
3.5
 10
-31.9
 20
3.6
 10
-31.7
 20
3.6
 10
-31.7
 20
3.5
 10
-31.9
 20
3.5
  0
LWPOLYLINE
  5
260
330
17
100
AcDbEntity
  8
A-THIN
100
AcDbPolyline
 90
5
 70
1
 10
-27.98
 20
3.5
 10
-27.98
 20
3.6
 10
-21.1
 20
3.6
 10
-21.1
 20
3.5
 10
-27.98
 20
3.5
  0
LWPOLYLINE
  5
261
330
17
100
AcDbEntity
  8
A-THIN
100
AcDbPolyline
 90
5
 70
1
 10
-31.9
 20
6.9
 10
-31.9
 20
7.0200000000000005
 10
-31.7
 20
7.0200000000000005
 10
-31.7
 20
6.9
 10
-31.9
 20
6.9
  0
LWPOLYLINE
  5
262
330
17
100
AcDbEntity
  8
A-THIN
100
AcDbPolyline
 90
5
 70
1
 10
-27.98
 20
6.9
 10
-27.98
 20
7.0200000000000005
 10
-25.1
 20
7.0200000000000005
 10
-25.1
 20
6.9
 10
-27.98
 20
6.9
  0
LWPOLYLINE
  5
263
330
17
100
AcDbEntity
  8
A-THIN
100
AcDbPolyline
 90
5
 70
1
 10
-29.38
 20
1.15
 10
-29.66
 20
1.15
 10
-29.66
 20
1.2
 10
-29.38
 20
1.2
 10
-29.38
 20
1.15
  0
LWPOLYLINE
  5
264
330
17
100
AcDbEntity
  8
A-THIN
100
AcDbPolyline
 90
5
 70
1
 10
-29.66
 20
1.3214285714285714
 10
-29.939999999999998
 20
1.3214285714285714
 10
-29.939999999999998
 20
1.3714285714285714
 10
-29.66
 20
1.3714285714285714
 10
-29.66
 20
1.3214285714285714
  0
LWPOLYLINE
  5
265
330
17
100
AcDbEntity
  8
A-THIN
100
AcDbPolyline
 90
5
 70
1
 10
-29.939999999999998
 20
1.4928571428571429
 10
-30.22
 20
1.4928571428571429
 10
-30.22
 20
1.542857142857143
 10
-29.939999999999998
 20
1.542857142857143
 10
-29.939999999999998
 20
1.4928571428571429
  0
LWPOLYLINE
  5
266
330
17
100
AcDbEntity
  8
A-THIN
100
AcDbPolyline
 90
5
 70
1
 10
-30.5
 20
1.6642857142857144
 10
-30.5
 20
1.7142857142857144
 10
-30.22
 20
1.7142857142857144
 10
-30.22
 20
1.6642857142857144
 10
-30.5
 20
1.6642857142857144
  0
LWPOLYLINE
  5
267
330
17
100
AcDbEntity
  8
A-THIN
100
AcDbPolyline
 90
5
 70
1
 10
-31.7
 20
1.8657142857142857
 10
-31.7
 20
1.8857142857142857
 10
-30.5
 20
1.8857142857142857
 10
-30.5
 20
1.8657142857142857
 10
-31.7
 20
1.8657142857142857
  0
LWPOLYLINE
  5
268
330
17
100
AcDbEntity
  8
A-THIN
100
AcDbPolyline
 90
5
 70
1
 10
-29.1
 20
4.4
 10
-29.38
 20
4.4
 10
-29.38
 20
4.45
 10
-29.1
 20
4.45
 10
-29.1
 20
4.4
  0
LWPOLYLINE
  5
269
330
17
100
AcDbEntity
  8
A-THIN
100
AcDbPolyline
 90
5
 70
1
 10
-29.38
 20
4.57
 10
-29.66
 20
4.57
 10
-29.66
 20
4.62
 10
-29.38
 20
4.62
 10
-29.38
 20
4.57
  0
LWPOLYLINE
  5
26A
330
17
100
AcDbEntity
  8
A-THIN
100
AcDbPolyline
 90
5
 70
1
 10
-29.66
 20
4.74
 10
-29.94
 20
4.74
 10
-29.94
 20
4.79
 10
-29.66
 20
4.79
 10
-29.66
 20
4.74
  0
LWPOLYLINE
  5
26B
330
17
100
AcDbEntity
  8
A-THIN
100
AcDbPolyline
 90
5
 70
1
 10
-30.22
 20
4.91
 10
-30.22
 20
4.96
 10
-29.94
 20
4.96
 10
-29.94
 20
4.91
 10
-30.22
 20
4.91
  0
LWPOLYLINE
  5
26C
330
17
100
AcDbEntity
  8
A-THIN
100
AcDbPolyline
 90
5
 70
1
 10
-30.5
 20
5.08
 10
-30.5
 20
5.13
 10
-30.22
 20
5.13
 10
-30.22
 20
5.08
 10
-30.5
 20
5.08
  0
LWPOLYLINE
  5
26D
330
17
100
AcDbEntity
  8
A-THIN
100
AcDbPolyline
 90
5
 70
1
 10
-30.5
 20
5.28
 10
-31.7
 20
5.28
 10
-31.7
 20
5.3
 10
-30.5
 20
5.3
 10
-30.5
 20
5.28
  0
LWPOLYLINE
  5
26E
330
17
100
AcDbEntity
  8
A-THIN
100
AcDbPolyline
 90
5
 70
1
 10
-27.7
 20
0.12142857142857143
 10
-27.98
 20
0.12142857142857143
 10
-27.98
 20
0.17142857142857143
 10
-27.7
 20
0.17142857142857143
 10
-27.7
 20
0.12142857142857143
  0
LWPOLYLINE
  5
26F
330
17
100
AcDbEntity
  8
A-THIN
100
AcDbPolyline
 90
5
 70
1
 10
-27.98
 20
0.29285714285714287
 10
-28.259999999999998
 20
0.29285714285714287
 10
-28.259999999999998
 20
0.34285714285714286
 10
-27.98
 20
0.34285714285714286
 10
-27.98
 20
0.29285714285714287
  0
LWPOLYLINE
  5
270
330
17
100
AcDbEntity
  8
A-THIN
100
AcDbPolyline
 90
5
 70
1
 10
-28.54
 20
0.46428571428571425
 10
-28.54
 20
0.5142857142857142
 10
-28.259999999999998
 20
0.5142857142857142
 10
-28.259999999999998
 20
0.46428571428571425
 10
-28.54
 20
0.46428571428571425
  0
LWPOLYLINE
  5
271
330
17
100
AcDbEntity
  8
A-THIN
100
AcDbPolyline
 90
5
 70
1
 10
-28.82
 20
0.6357142857142857
 10
-28.82
 20
0.6857142857142857
 10
-28.54
 20
0.6857142857142857
 10
-28.54
 20
0.6357142857142857
 10
-28.82
 20
0.6357142857142857
  0
LWPOLYLINE
  5
272
330
17
100
AcDbEntity
  8
A-THIN
100
AcDbPolyline
 90
5
 70
1
 10
-28.82
 20
0.8071428571428572
 10
-29.099999999999998
 20
0.8071428571428572
 10
-29.099999999999998
 20
0.8571428571428572
 10
-28.82
 20
0.8571428571428572
 10
-28.82
 20
0.8071428571428572
  0
LWPOLYLINE
  5
273
330
17
100
AcDbEntity
  8
A-THIN
100
AcDbPolyline
 90
5
 70
1
 10
-29.38
 20
0.9785714285714284
 10
-29.38
 20
1.0285714285714285
 10
-29.099999999999998
 20
1.0285714285714285
 10
-29.099999999999998
 20
0.9785714285714284
 10
-29.38
 20
0.9785714285714284
  0
LWPOLYLINE
  5
274
330
17
100
AcDbEntity
  8
A-THIN
100
AcDbPolyline
 90
5
 70
1
 10
-28.26
 20
3.72
 10
-28.26
 20
3.77
 10
-27.98
 20
3.77
 10
-27.98
 20
3.72
 10
-28.26
 20
3.72
  0
LWPOLYLINE
  5
275
330
17
100
AcDbEntity
  8
A-THIN
100
AcDbPolyline
 90
5
 70
1
 10
-28.26
 20
3.89
 10
-28.54
 20
3.89
 10
-28.54
 20
3.94
 10
-28.26
 20
3.94
 10
-28.26
 20
3.89
  0
LWPOLYLINE
  5
276
330
17
100
AcDbEntity
  8
A-THIN
100
AcDbPolyline
 90
5
 70
1
 10
-28.82
 20
4.0600000000000005
 10
-28.82
 20
4.11
 10
-28.54
 20
4.11
 10
-28.54
 20
4.0600000000000005
 10
-28.82
 20
4.0600000000000005
  0
LWPOLYLINE
  5
277
330
17
100
AcDbEntity
  8
A-THIN
100
AcDbPolyline
 90
5
 70
1
 10
-29.1
 20
4.23
 10
-29.1
 20
4.28
 10
-28.82
 20
4.28
 10
-28.82
 20
4.23
 10
-29.1
 20
4.23
  0
LWPOLYLINE
  5
278
330
17
100
AcDbEntity
  8
A-THIN
100
AcDbPolyline
 90
5
 70
1
 10
-27.990000000000002
 20
3.6
 10
-27.990000000000002
 20
4.65
 10
-27.97
 20
4.65
 10
-27.97
 20
3.6
 10
-27.990000000000002
 20
3.6
  0
LWPOLYLINE
  5
279
330
17
100
AcDbEntity
  8
A-THIN
100
AcDbPolyline
 90
5
 70
1
 10
-21.16
 20
3.75
 10
-21.16
 20
4.7
 10
-21.139999999999997
 20
4.7
 10
-21.139999999999997
 20
3.75
 10
-21.16
 20
3.75
  0
LWPOLYLINE
  5
27A
330
17
100
AcDbEntity
  8
A-THIN
100
AcDbPolyline
 90
5
 70
1
 10
-28.01
 20
4.62
 10
-28.01
 20
4.65
 10
-27.95
 20
4.65
 10
-27.95
 20
4.62
 10
-28.01
 20
4.62
  0
LWPOLYLINE
  5
27B
330
17
100
AcDbEntity
  8
A-THIN
100
AcDbPolyline
 90
5
 70
1
 10
-21.18
 20
4.67
 10
-21.18
 20
4.7
 10
-21.119999999999997
 20
4.7
 10
-21.119999999999997
 20
4.67
 10
-21.18
 20
4.67
  0
LWPOLYLINE
  5
27C
330
17
100
AcDbEntity
  8
A-THIN
100
AcDbPolyline
 90
5
 70
1
 10
-18.0
 20
3.6
 10
-18.0
 20
4.65
 10
-21.3
 20
4.65
 10
-21.3
 20
3.6
 10
-18.0
 20
3.6
  0
LWPOLYLINE
  5
27D
330
17
100
AcDbEntity
  8
A-THIN
100
AcDbPolyline
 90
5
 70
1
 10
-18.0
 20
4.62
 10
-18.0
 20
4.65
 10
-21.3
 20
4.65
 10
-21.3
 20
4.62
 10
-18.0
 20
4.62
  0
LWPOLYLINE
  5
27E
330
17
100
AcDbEntity
  8
A-THIN
100
AcDbPolyline
 90
5
 70
1
 10
-26.45
 20
6.9
 10
-26.45
 20
9.7
 10
-32.0
 20
9.7
 10
-32.0
 20
6.9
 10
-26.45
 20
6.9
  0
LWPOLYLINE
  5
27F
330
17
100
AcDbEntity
  8
A-THIN
100
AcDbPolyline
 90
5
 70
1
 10
-25.0
 20
6.9
 10
-25.0
 20
7.5
 10
-25.200000000000003
 20
7.5
 10
-25.200000000000003
 20
6.9
 10
-25.0
 20
6.9
  0
LWPOLYLINE
  5
280
330
17
100
AcDbEntity
  8
A-THIN
100
AcDbPolyline
 90
5
 70
1
 10
-21.0
 20
3.5
 10
-21.0
 20
3.75
 10
-21.200000000000003
 20
3.75
 10
-21.200000000000003
 20
3.5
 10
-21.0
 20
3.5
  0
LWPOLYLINE
  5
281
330
17
100
AcDbEntity
  8
A-THIN
100
AcDbPolyline
 90
5
 70
1
 10
-31.9
 20
-0.15
 10
-31.9
 20
-0.1
 10
-31.7
 20
-0.1
 10
-31.7
 20
-0.15
 10
-31.9
 20
-0.15
  0
LWPOLYLINE
  5
282
330
17
100
AcDbEntity
  8
A-THIN
100
AcDbPolyline
 90
5
 70
1
 10
-27.98
 20
-0.1
 10
-21.1
 20
-0.1
 10
-21.1
 20
-0.15
 10
-27.98
 20
-0.15
 10
-27.98
 20
-0.1
  0
LWPOLYLINE
  5
283
330
17
100
AcDbEntity
  8
A-THIN
100
AcDbPolyline
 90
5
 70
1
 10
-31.9
 20
9.9
 10
-26.55
 20
9.9
 10
-26.55
 20
9.65
 10
-31.9
 20
9.65
 10
-31.9
 20
9.9
  0
LWPOLYLINE
  5
284
330
17
100
AcDbEntity
  8
A-THIN
100
AcDbPolyline
 90
5
 70
1
 10
-31.9
 20
-0.1
 10
-31.9
 20
0.0
 10
-31.7
 20
0.0
 10
-31.7
 20
-0.1
 10
-31.9
 20
-0.1
  0
LWPOLYLINE
  5
285
330
17
100
AcDbEntity
  8
A-THIN
100
AcDbPolyline
 90
5
 70
1
 10
-27.98
 20
-0.1
 10
-27.98
 20
0.0
 10
-21.1
 20
0.0
 10
-21.1
 20
-0.1
 10
-27.98
 20
-0.1
  0
LWPOLYLINE
  5
286
330
17
100
AcDbEntity
  8
A-THIN
100
AcDbPolyline
 90
5
 70
1
 10
-26.55
 20
9.9
 10
-26.55
 20
10.02
 10
-31.9
 20
10.02
 10
-31.9
 20
9.9
 10
-26.55
 20
9.9
  0
LWPOLYLINE
  5
287
330
17
100
AcDbEntity
  8
A-THIN
100
AcDbPolyline
 90
5
 70
1
 10
-19.6
 20
-0.15
 10
-19.6
 20
-0.02
 10
-21.0
 20
-0.02
 10
-21.0
 20
-0.15
 10
-19.6
 20
-0.15
  0
LWPOLYLINE
  5
288
330
17
100
AcDbEntity
  8
A-THIN
100
AcDbPolyline
 90
5
 70
1
 10
-26.96
 20
3.5
 10
-26.96
 20
6.6000000000000005
 10
-31.7
 20
6.6000000000000005
 10
-31.7
 20
3.5
 10
-26.96
 20
3.5
  0
LWPOLYLINE
  5
289
330
17
100
AcDbEntity
  8
A-THIN
100
AcDbPolyline
 90
5
 70
1
 10
-25.189999999999998
 20
7.5
 10
-25.189999999999998
 20
8.1
 10
-25.21
 20
8.1
 10
-25.21
 20
7.5
 10
-25.189999999999998
 20
7.5
  0
LWPOLYLINE
  5
28A
330
17
100
AcDbEntity
  8
A-THIN
100
AcDbPolyline
 90
5
 70
1
 10
-25.169999999999998
 20
8.07
 10
-25.169999999999998
 20
8.1
 10
-25.23
 20
8.1
 10
-25.23
 20
8.07
 10
-25.169999999999998
 20
8.07
  0
LWPOLYLINE
  5
28B
330
17
100
AcDbEntity
  8
A-THIN
100
AcDbPolyline
 90
5
 70
1
 10
-25.2
 20
7.0
 10
-25.2
 20
8.1
 10
-26.45
 20
8.1
 10
-26.45
 20
7.0
 10
-25.2
 20
7.0
  0
LWPOLYLINE
  5
28C
330
17
100
AcDbEntity
  8
A-THIN
100
AcDbPolyline
 90
5
 70
1
 10
-25.2
 20
8.07
 10
-25.2
 20
8.1
 10
-26.45
 20
8.1
 10
-26.45
 20
8.07
 10
-25.2
 20
8.07
  0
LWPOLYLINE
  5
28D
330
17
100
AcDbEntity
  8
A-THIN
100
AcDbPolyline
 90
13
 70
1
 10
-15.999999999999998
 20
7.5
 10
-15.999999999999998
 20
3.1500000000000004
 10
-18.0
 20
3.1500000000000004
 10
-21.3
 20
3.1500000000000004
 10
-22.1
 20
3.1500000000000004
 10
-24.8
 20
3.1500000000000004
 10
-25.299999999999997
 20
3.1500000000000004
 10
-25.299999999999997
 20
7.5
 10
-24.8
 20
7.5
 10
-22.1
 20
7.5
 10
-21.3
 20
7.5
 10
-18.0
 20
7.5
 10
-15.999999999999998
 20
7.5
  0
LWPOLYLINE
  5
28E
330
17
100
AcDbEntity
  8
A-THIN
100
AcDbPolyline
 90
5
 70
1
 10
-18.0
 20
6.4
 10
-21.3
 20
6.4
 10
-21.3
 20
4.1
 10
-18.0
 20
4.1
 10
-18.0
 20
6.4
  0
LWPOLYLINE
  5
28F
330
17
100
AcDbEntity
  8
A-THIN
100
AcDbPolyline
 90
5
 70
1
 10
-24.8
 20
5.3
 10
-22.1
 20
5.3
 10
-22.1
 20
6.300000000000001
 10
-24.8
 20
6.300000000000001
 10
-24.8
 20
5.3
  0
LWPOLYLINE
  5
290
330
17
100
AcDbEntity
  8
A-THIN
100
AcDbPolyline
 90
9
 70
1
 10
-26.45
 20
10.2
 10
-26.45
 20
6.9
 10
-26.549999999999997
 20
6.9
 10
-31.900000000000002
 20
6.9
 10
-32.0
 20
6.9
 10
-32.0
 20
10.2
 10
-31.900000000000002
 20
10.2
 10
-26.549999999999997
 20
10.2
 10
-26.45
 20
10.2
  0
LWPOLYLINE
  5
291
330
17
100
AcDbEntity
  8
A-THIN
100
AcDbPolyline
 90
5
 70
1
 10
-31.900000000000002
 20
6.9
 10
-31.900000000000002
 20
9.7
 10
-31.700000000000003
 20
9.7
 10
-31.700000000000003
 20
6.9
 10
-31.900000000000002
 20
6.9
  0
LWPOLYLINE
  5
292
330
17
100
AcDbEntity
  8
A-THIN
100
AcDbPolyline
 90
5
 70
1
 10
-26.749999999999996
 20
6.9
 10
-26.749999999999996
 20
9.7
 10
-26.549999999999997
 20
9.7
 10
-26.549999999999997
 20
6.9
 10
-26.749999999999996
 20
6.9
  0
LWPOLYLINE
  5
293
330
17
100
AcDbEntity
  8
A-THIN
100
AcDbPolyline
 90
5
 70
1
 10
-31.9
 20
3.2
 10
-31.9
 20
3.5
 10
-21.1
 20
3.5
 10
-21.1
 20
3.2
 10
-31.9
 20
3.2
  0
LWPOLYLINE
  5
294
330
17
100
AcDbEntity
  8
A-THIN
100
AcDbPolyline
 90
5
 70
1
 10
-31.9
 20
6.6000000000000005
 10
-31.9
 20
6.9
 10
-25.1
 20
6.9
 10
-25.1
 20
6.6000000000000005
 10
-31.9
 20
6.6000000000000005
  0
LWPOLYLINE
  5
295
330
17
100
AcDbEntity
  8
A-THIN
100
AcDbPolyline
 90
5
 70
1
 10
-21.1
 20
3.5
 10
-21.1
 20
3.6
 10
-31.9
 20
3.6
 10
-31.9
 20
3.5
 10
-21.1
 20
3.5
  0
LWPOLYLINE
  5
296
330
17
100
AcDbEntity
  8
A-THIN
100
AcDbPolyline
 90
5
 70
1
 10
-25.1
 20
6.9
 10
-25.1
 20
7.0200000000000005
 10
-31.9
 20
7.0200000000000005
 10
-31.9
 20
6.9
 10
-25.1
 20
6.9
  0
LWPOLYLINE
  5
297
330
17
100
AcDbEntity
  8
A-THIN
100
AcDbPolyline
 90
5
 70
1
 10
-21.23
 20
4.17
 10
-21.23
 20
6.33
 10
-18.07
 20
6.33
 10
-18.07
 20
4.17
 10
-21.23
 20
4.17
  0
LWPOLYLINE
  5
298
330
17
100
AcDbEntity
  8
A-THIN
100
AcDbPolyline
 90
5
 70
1
 10
-24.73
 20
5.37
 10
-24.73
 20
6.23
 10
-22.17
 20
6.23
 10
-22.17
 20
5.37
 10
-24.73
 20
5.37
  0
LWPOLYLINE
  5
299
330
17
100
AcDbEntity
  8
A-THIN
100
AcDbPolyline
 90
21
 70
1
 10
-21.23
 20
6.4
 10
-20.23
 20
6.4
 10
-20.169999999999998
 20
6.4
 10
-19.130000000000003
 20
6.4
 10
-19.07
 20
6.4
 10
-18.07
 20
6.4
 10
-18.0
 20
6.4
 10
-18.0
 20
6.33
 10
-18.0
 20
4.17
 10
-18.0
 20
4.1
 10
-18.07
 20
4.1
 10
-19.07
 20
4.1
 10
-19.130000000000003
 20
4.1
 10
-20.169999999999998
 20
4.1
 10
-20.23
 20
4.1
 10
-21.23
 20
4.1
 10
-21.3
 20
4.1
 10
-21.3
 20
4.17
 10
-21.3
 20
6.33
 10
-21.3
 20
6.4
 10
-21.23
 20
6.4
  0
LWPOLYLINE
  5
29A
330
17
100
AcDbEntity
  8
A-THIN
100
AcDbPolyline
 90
5
 70
1
 10
-21.23
 20
4.17
 10
-20.23
 20
4.17
 10
-20.23
 20
6.33
 10
-21.23
 20
6.33
 10
-21.23
 20
4.17
  0
LWPOLYLINE
  5
29B
330
17
100
AcDbEntity
  8
A-THIN
100
AcDbPolyline
 90
5
 70
1
 10
-19.130000000000003
 20
4.17
 10
-19.130000000000003
 20
6.33
 10
-20.169999999999998
 20
6.33
 10
-20.169999999999998
 20
4.17
 10
-19.130000000000003
 20
4.17
  0
LWPOLYLINE
  5
29C
330
17
100
AcDbEntity
  8
A-THIN
100
AcDbPolyline
 90
5
 70
1
 10
-18.07
 20
6.33
 10
-19.07
 20
6.33
 10
-19.07
 20
4.17
 10
-18.07
 20
4.17
 10
-18.07
 20
6.33
  0
LWPOLYLINE
  5
29D
330
17
100
AcDbEntity
  8
A-THIN
100
AcDbPolyline
 90
17
 70
1
 10
-24.8
 20
6.23
 10
-24.8
 20
6.300000000000001
 10
-24.73
 20
6.300000000000001
 10
-23.480000000000004
 20
6.300000000000001
 10
-23.42
 20
6.300000000000001
 10
-22.17
 20
6.300000000000001
 10
-22.1
 20
6.300000000000001
 10
-22.1
 20
6.23
 10
-22.1
 20
5.37
 10
-22.1
 20
5.3
 10
-22.17
 20
5.3
 10
-23.42
 20
5.3
 10
-23.480000000000004
 20
5.3
 10
-24.73
 20
5.3
 10
-24.8
 20
5.3
 10
-24.8
 20
5.37
 10
-24.8
 20
6.23
  0
LWPOLYLINE
  5
29E
330
17
100
AcDbEntity
  8
A-THIN
100
AcDbPolyline
 90
5
 70
1
 10
-24.73
 20
5.37
 10
-23.480000000000004
 20
5.37
 10
-23.480000000000004
 20
6.23
 10
-24.73
 20
6.23
 10
-24.73
 20
5.37
  0
LWPOLYLINE
  5
29F
330
17
100
AcDbEntity
  8
A-THIN
100
AcDbPolyline
 90
5
 70
1
 10
-23.42
 20
5.37
 10
-22.17
 20
5.37
 10
-22.17
 20
6.23
 10
-23.42
 20
6.23
 10
-23.42
 20
5.37
  0
LWPOLYLINE
  5
2A0
330
17
100
AcDbEntity
  8
A-THIN
100
AcDbPolyline
 90
5
 70
1
 10
-16.0
 20
6.9
 10
-16.0
 20
7.5
 10
-25.0
 20
7.5
 10
-25.0
 20
6.9
 10
-16.0
 20
6.9
  0
LWPOLYLINE
  5
2A1
330
17
100
AcDbEntity
  8
A-THIN
100
AcDbPolyline
 90
9
 70
1
 10
-25.15
 20
3.2
 10
-25.0
 20
3.2
 10
-25.0
 20
-0.1
 10
-25.15
 20
-0.1
 10
-25.299999999999997
 20
-0.1
 10
-31.7
 20
-0.1
 10
-31.7
 20
3.2
 10
-25.299999999999997
 20
3.2
 10
-25.15
 20
3.2
  0
LWPOLYLINE
  5
2A2
330
17
100
AcDbEntity
  8
A-THIN
100
AcDbPolyline
 90
5
 70
1
 10
-21.299999999999997
 20
3.2
 10
-21.0
 20
3.2
 10
-21.0
 20
-0.1
 10
-21.299999999999997
 20
-0.1
 10
-21.299999999999997
 20
3.2
  0
LWPOLYLINE
  5
2A3
330
17
100
AcDbEntity
  8
A-THIN
100
AcDbPolyline
 90
19
 70
1
 10
-21.3
 20
3.5
 10
-22.1
 20
3.5
 10
-24.8
 20
3.5
 10
-25.099999999999998
 20
3.5
 10
-25.299999999999997
 20
3.5
 10
-25.299999999999997
 20
6.6000000000000005
 10
-25.099999999999998
 20
6.6000000000000005
 10
-24.8
 20
6.6000000000000005
 10
-22.1
 20
6.6000000000000005
 10
-21.3
 20
6.6000000000000005
 10
-18.0
 20
6.6000000000000005
 10
-16.299999999999997
 20
6.6000000000000005
 10
-16.099999999999998
 20
6.6000000000000005
 10
-15.999999999999998
 20
6.6000000000000005
 10
-15.999999999999998
 20
3.5
 10
-16.099999999999998
 20
3.5
 10
-16.299999999999997
 20
3.5
 10
-18.0
 20
3.5
 10
-21.3
 20
3.5
  0
LWPOLYLINE
  5
2A4
330
17
100
AcDbEntity
  8
A-THIN
100
AcDbPolyline
 90
5
 70
1
 10
-18.0
 20
4.1
 10
-18.0
 20
6.4
 10
-21.3
 20
6.4
 10
-21.3
 20
4.1
 10
-18.0
 20
4.1
  0
LWPOLYLINE
  5
2A5
330
17
100
AcDbEntity
  8
A-THIN
100
AcDbPolyline
 90
5
 70
1
 10
-24.8
 20
5.3
 10
-22.1
 20
5.3
 10
-22.1
 20
6.300000000000001
 10
-24.8
 20
6.300000000000001
 10
-24.8
 20
5.3
  0
LWPOLYLINE
  5
2A6
330
17
100
AcDbEntity
  8
A-THIN
100
AcDbPolyline
 90
5
 70
1
 10
-31.700000000000003
 20
6.6000000000000005
 10
-31.700000000000003
 20
3.5
 10
-31.900000000000002
 20
3.5
 10
-31.900000000000002
 20
6.6000000000000005
 10
-31.700000000000003
 20
6.6000000000000005
  0
LWPOLYLINE
  5
2A7
330
17
100
AcDbEntity
  8
A-THIN
100
AcDbPolyline
 90
5
 70
1
 10
-32.0
 20
3.1500000000000004
 10
-32.0
 20
7.5
 10
-31.900000000000002
 20
7.5
 10
-31.900000000000002
 20
3.1500000000000004
 10
-32.0
 20
3.1500000000000004
  0
LWPOLYLINE
  5
2A8
330
17
100
AcDbEntity
  8
A-THIN
100
AcDbPolyline
 90
5
 70
1
 10
-25.099999999999998
 20
7.5
 10
-25.0
 20
7.5
 10
-25.0
 20
3.1500000000000004
 10
-25.099999999999998
 20
3.1500000000000004
 10
-25.099999999999998
 20
7.5
  0
LWPOLYLINE
  5
2A9
330
17
100
AcDbEntity
  8
A-THIN
100
AcDbPolyline
 90
5
 70
1
 10
-16.099999999999998
 20
7.5
 10
-15.999999999999998
 20
7.5
 10
-15.999999999999998
 20
3.1500000000000004
 10
-16.099999999999998
 20
3.1500000000000004
 10
-16.099999999999998
 20
7.5
  0
LWPOLYLINE
  5
2AA
330
17
100
AcDbEntity
  8
A-THIN
100
AcDbPolyline
 90
5
 70
1
 10
-31.8
 20
5.1
 10
-31.8
 20
6.0
 10
-31.860000000000003
 20
6.0
 10
-31.860000000000003
 20
5.1
 10
-31.8
 20
5.1
  0
LWPOLYLINE
  5
2AB
330
17
100
AcDbEntity
  8
A-THIN
100
AcDbPolyline
 90
5
 70
1
 10
-17.5
 20
3.5
 10
-17.5
 20
6.6000000000000005
 10
-17.700000000000003
 20
6.6000000000000005
 10
-17.700000000000003
 20
3.5
 10
-17.5
 20
3.5
  0
LWPOLYLINE
  5
2AC
330
17
100
AcDbEntity
  8
A-THIN
100
AcDbPolyline
 90
5
 70
1
 10
-14.2
 20
-0.15
 10
-14.2
 20
0.23
 10
-16.099999999999998
 20
0.23
 10
-16.099999999999998
 20
-0.15
 10
-14.2
 20
-0.15
  0
LWPOLYLINE
  5
2AD
330
17
100
AcDbEntity
  8
A-THIN
100
AcDbPolyline
 90
5
 70
1
 10
-21.099999999999998
 20
-0.1
 10
-21.099999999999998
 20
3.2
 10
-21.299999999999997
 20
3.2
 10
-21.299999999999997
 20
-0.1
 10
-21.099999999999998
 20
-0.1
  0
LWPOLYLINE
  5
2AE
330
17
100
AcDbEntity
  8
A-THIN
100
AcDbPolyline
 90
5
 70
1
 10
-21.0
 20
-0.15
 10
-21.0
 20
3.55
 10
-21.099999999999998
 20
3.55
 10
-21.099999999999998
 20
-0.15
 10
-21.0
 20
-0.15
  0
LWPOLYLINE
  5
2AF
330
17
100
AcDbEntity
  8
A-THIN
100
AcDbPolyline
 90
5
 70
1
 10
-17.57
 20
3.6
 10
-17.57
 20
6.4
 10
-17.630000000000003
 20
6.4
 10
-17.630000000000003
 20
3.6
 10
-17.57
 20
3.6
  0
LWPOLYLINE
  5
2B0
330
17
100
AcDbEntity
  8
A-THIN
100
AcDbPolyline
 90
5
 70
1
 10
-21.139999999999997
 20
0.0
 10
-21.139999999999997
 20
3.0
 10
-21.2
 20
3.0
 10
-21.2
 20
0.0
 10
-21.139999999999997
 20
0.0
  0
LWPOLYLINE
  5
2B1
330
17
100
AcDbEntity
  8
A-THIN
100
AcDbPolyline
 90
5
 70
1
 10
-25.36
 20
3.5
 10
-25.36
 20
6.6000000000000005
 10
-25.240000000000002
 20
6.6000000000000005
 10
-25.240000000000002
 20
3.5
 10
-25.36
 20
3.5
  0
LWPOLYLINE
  5
2B2
330
17
100
AcDbEntity
  8
A-THIN
100
AcDbPolyline
 90
5
 70
1
 10
-21.72
 20
3.5
 10
-21.72
 20
6.6000000000000005
 10
-21.6
 20
6.6000000000000005
 10
-21.6
 20
3.5
 10
-21.72
 20
3.5
  0
LWPOLYLINE
  5
2B3
330
17
100
AcDbEntity
  8
A-THIN
100
AcDbPolyline
 90
5
 70
1
 10
-31.75
 20
-0.15
 10
-31.75
 20
-0.04999999999999999
 10
-33.849999999999994
 20
-0.04999999999999999
 10
-33.849999999999994
 20
-0.15
 10
-31.75
 20
-0.15
  0
LWPOLYLINE
  5
2B4
330
17
100
AcDbEntity
  8
A-THIN
100
AcDbPolyline
 90
5
 70
1
 10
-29.0
 20
3.6
 10
-29.0
 20
4.45
 10
-30.2
 20
4.45
 10
-30.2
 20
3.6
 10
-29.0
 20
3.6
  0
LWPOLYLINE
  5
2B5
330
17
100
AcDbEntity
  8
A-THIN
100
AcDbPolyline
 90
5
 70
1
 10
-32.0
 20
-0.04999999999999999
 10
-32.0
 20
0.8999999999999999
 10
-33.4
 20
0.8999999999999999
 10
-33.4
 20
-0.04999999999999999
 10
-32.0
 20
-0.04999999999999999
  0
LWPOLYLINE
  5
2B6
330
17
100
AcDbEntity
  8
A-THIN
100
AcDbPolyline
 90
5
 70
1
 10
-32.0
 20
0.8699999999999999
 10
-32.0
 20
0.8999999999999999
 10
-33.4
 20
0.8999999999999999
 10
-33.4
 20
0.8699999999999999
 10
-32.0
 20
0.8699999999999999
  0
LWPOLYLINE
  5
2B7
330
17
100
AcDbEntity
  8
A-THIN
100
AcDbPolyline
 90
5
 70
1
 10
-26.900000000000002
 20
3.5
 10
-26.900000000000002
 20
6.6000000000000005
 10
-27.02
 20
6.6000000000000005
 10
-27.02
 20
3.5
 10
-26.900000000000002
 20
3.5
  0
LWPOLYLINE
  5
2B8
330
17
100
AcDbEntity
  8
A-THIN
100
AcDbPolyline
 90
5
 70
1
 10
-31.700000000000003
 20
-0.1
 10
-31.700000000000003
 20
3.2
 10
-31.900000000000002
 20
3.2
 10
-31.900000000000002
 20
-0.1
 10
-31.700000000000003
 20
-0.1
  0
LWPOLYLINE
  5
2B9
330
17
100
AcDbEntity
  8
A-THIN
100
AcDbPolyline
 90
5
 70
1
 10
-31.900000000000002
 20
-0.15
 10
-31.900000000000002
 20
3.55
 10
-32.0
 20
3.55
 10
-32.0
 20
-0.15
 10
-31.900000000000002
 20
-0.15
  0
LWPOLYLINE
  5
2BA
330
17
100
AcDbEntity
  8
A-THIN
100
AcDbPolyline
 90
5
 70
1
 10
-31.8
 20
0.3
 10
-31.8
 20
3.0
 10
-31.860000000000003
 20
3.0
 10
-31.860000000000003
 20
0.3
 10
-31.8
 20
0.3
  0
LWPOLYLINE
  5
2BB
330
17
100
AcDbEntity
  8
A-THIN
100
AcDbPolyline
 90
5
 70
1
 10
-21.8
 20
3.6
 10
-21.8
 20
6.2
 10
-24.25
 20
6.2
 10
-24.25
 20
3.6
 10
-21.8
 20
3.6
  0
LWPOLYLINE
  5
2BC
330
17
100
AcDbEntity
  8
A-THIN
100
AcDbPolyline
 90
5
 70
1
 10
-31.818
 20
5.17
 10
-31.818
 20
5.93
 10
-31.842000000000002
 20
5.93
 10
-31.842000000000002
 20
5.17
 10
-31.818
 20
5.17
  0
LWPOLYLINE
  5
2BD
330
17
100
AcDbEntity
  8
A-THIN
100
AcDbPolyline
 90
5
 70
1
 10
-31.900000000000002
 20
3.5
 10
-31.900000000000002
 20
5.1
 10
-31.700000000000003
 20
5.1
 10
-31.700000000000003
 20
3.5
 10
-31.900000000000002
 20
3.5
  0
LWPOLYLINE
  5
2BE
330
17
100
AcDbEntity
  8
A-THIN
100
AcDbPolyline
 90
5
 70
1
 10
-31.900000000000002
 20
6.0
 10
-31.900000000000002
 20
6.6000000000000005
 10
-31.700000000000003
 20
6.6000000000000005
 10
-31.700000000000003
 20
6.0
 10
-31.900000000000002
 20
6.0
  0
LWPOLYLINE
  5
2BF
330
17
100
AcDbEntity
  8
A-THIN
100
AcDbPolyline
 90
5
 70
1
 10
-32.0
 20
3.1500000000000004
 10
-32.0
 20
5.1
 10
-31.900000000000002
 20
5.1
 10
-31.900000000000002
 20
3.1500000000000004
 10
-32.0
 20
3.1500000000000004
  0
LWPOLYLINE
  5
2C0
330
17
100
AcDbEntity
  8
A-THIN
100
AcDbPolyline
 90
5
 70
1
 10
-32.0
 20
6.0
 10
-32.0
 20
7.5
 10
-31.900000000000002
 20
7.5
 10
-31.900000000000002
 20
6.0
 10
-32.0
 20
6.0
  0
LWPOLYLINE
  5
2C1
330
17
100
AcDbEntity
  8
A-THIN
100
AcDbPolyline
 90
9
 70
1
 10
-31.8
 20
5.1
 10
-31.860000000000003
 20
5.1
 10
-31.860000000000003
 20
5.17
 10
-31.860000000000003
 20
5.93
 10
-31.860000000000003
 20
6.0
 10
-31.8
 20
6.0
 10
-31.8
 20
5.93
 10
-31.8
 20
5.17
 10
-31.8
 20
5.1
  0
LWPOLYLINE
  5
2C2
330
17
100
AcDbEntity
  8
A-THIN
100
AcDbPolyline
 90
5
 70
1
 10
-31.818
 20
0.35
 10
-31.818
 20
2.95
 10
-31.842000000000002
 20
2.95
 10
-31.842000000000002
 20
0.35
 10
-31.818
 20
0.35
  0
LWPOLYLINE
  5
2C3
330
17
100
AcDbEntity
  8
A-THIN
100
AcDbPolyline
 90
5
 70
1
 10
-31.900000000000002
 20
-0.1
 10
-31.900000000000002
 20
0.3
 10
-31.700000000000003
 20
0.3
 10
-31.700000000000003
 20
-0.1
 10
-31.900000000000002
 20
-0.1
  0
LWPOLYLINE
  5
2C4
330
17
100
AcDbEntity
  8
A-THIN
100
AcDbPolyline
 90
5
 70
1
 10
-31.900000000000002
 20
3.0
 10
-31.900000000000002
 20
3.2
 10
-31.700000000000003
 20
3.2
 10
-31.700000000000003
 20
3.0
 10
-31.900000000000002
 20
3.0
  0
LWPOLYLINE
  5
2C5
330
17
100
AcDbEntity
  8
A-THIN
100
AcDbPolyline
 90
5
 70
1
 10
-32.0
 20
-0.15
 10
-32.0
 20
0.3
 10
-31.900000000000002
 20
0.3
 10
-31.900000000000002
 20
-0.15
 10
-32.0
 20
-0.15
  0
LWPOLYLINE
  5
2C6
330
17
100
AcDbEntity
  8
A-THIN
100
AcDbPolyline
 90
5
 70
1
 10
-32.0
 20
3.0
 10
-32.0
 20
3.55
 10
-31.900000000000002
 20
3.55
 10
-31.900000000000002
 20
3.0
 10
-32.0
 20
3.0
  0
LWPOLYLINE
  5
2C7
330
17
100
AcDbEntity
  8
A-THIN
100
AcDbPolyline
 90
9
 70
1
 10
-31.8
 20
0.3
 10
-31.860000000000003
 20
0.3
 10
-31.860000000000003
 20
0.35
 10
-31.860000000000003
 20
2.95
 10
-31.860000000000003
 20
3.0
 10
-31.8
 20
3.0
 10
-31.8
 20
2.95
 10
-31.8
 20
0.35
 10
-31.8
 20
0.3
  0
LWPOLYLINE
  5
2C8
330
17
100
AcDbEntity
  8
A-THIN
100
AcDbPolyline
 90
5
 70
1
 10
-25.36
 20
3.5
 10
-25.36
 20
3.6
 10
-25.240000000000002
 20
3.6
 10
-25.240000000000002
 20
3.5
 10
-25.36
 20
3.5
  0
LWPOLYLINE
  5
2C9
330
17
100
AcDbEntity
  8
A-THIN
100
AcDbPolyline
 90
5
 70
1
 10
-25.36
 20
5.800000000000001
 10
-25.36
 20
6.6000000000000005
 10
-25.240000000000002
 20
6.6000000000000005
 10
-25.240000000000002
 20
5.800000000000001
 10
-25.36
 20
5.800000000000001
  0
LWPOLYLINE
  5
2CA
330
17
100
AcDbEntity
  8
A-THIN
100
AcDbPolyline
 90
5
 70
1
 10
-25.275000000000002
 20
3.6
 10
-25.275000000000002
 20
5.800000000000001
 10
-25.325
 20
5.800000000000001
 10
-25.325
 20
3.6
 10
-25.275000000000002
 20
3.6
  0
LWPOLYLINE
  5
2CB
330
17
100
AcDbEntity
  8
A-THIN
100
AcDbPolyline
 90
5
 70
1
 10
-16.099999999999998
 20
-0.15
 10
-16.099999999999998
 20
0.23
 10
-14.2
 20
0.23
 10
-14.2
 20
-0.15
 10
-16.099999999999998
 20
-0.15
  0
LWPOLYLINE
  5
2CC
330
17
100
AcDbEntity
  8
A-THIN
100
AcDbPolyline
 90
5
 70
1
 10
-27.02
 20
3.6
 10
-26.900000000000002
 20
3.6
 10
-26.900000000000002
 20
3.5
 10
-27.02
 20
3.5
 10
-27.02
 20
3.6
  0
LWPOLYLINE
  5
2CD
330
17
100
AcDbEntity
  8
A-THIN
100
AcDbPolyline
 90
5
 70
1
 10
-27.02
 20
6.6000000000000005
 10
-26.900000000000002
 20
6.6000000000000005
 10
-26.900000000000002
 20
5.800000000000001
 10
-27.02
 20
5.800000000000001
 10
-27.02
 20
6.6000000000000005
  0
LWPOLYLINE
  5
2CE
330
17
100
AcDbEntity
  8
A-THIN
100
AcDbPolyline
 90
5
 70
1
 10
-26.935000000000002
 20
3.6
 10
-26.935000000000002
 20
5.800000000000001
 10
-26.985
 20
5.800000000000001
 10
-26.985
 20
3.6
 10
-26.935000000000002
 20
3.6
  0
LWPOLYLINE
  5
2CF
330
17
100
AcDbEntity
  8
A-THIN
100
AcDbPolyline
 90
5
 70
1
 10
-29.5
 20
0.0
 10
-29.5
 20
0.75
 10
-28.6
 20
0.75
 10
-28.6
 20
0.0
 10
-29.5
 20
0.0
  0
LWPOLYLINE
  5
2D0
330
17
100
AcDbEntity
  8
A-THIN
100
AcDbPolyline
 90
5
 70
1
 10
-18.9
 20
3.6
 10
-18.9
 20
4.35
 10
-18.0
 20
4.35
 10
-18.0
 20
3.6
 10
-18.9
 20
3.6
  0
LWPOLYLINE
  5
2D1
330
17
100
AcDbEntity
  8
A-THIN
100
AcDbPolyline
 90
5
 70
1
 10
-31.700000000000003
 20
3.5
 10
-31.700000000000003
 20
6.6000000000000005
 10
-31.900000000000002
 20
6.6000000000000005
 10
-31.900000000000002
 20
3.5
 10
-31.700000000000003
 20
3.5
  0
LWPOLYLINE
  5
2D2
330
17
100
AcDbEntity
  8
A-THIN
100
AcDbPolyline
 90
5
 70
1
 10
-31.900000000000002
 20
3.1500000000000004
 10
-31.900000000000002
 20
7.5
 10
-32.0
 20
7.5
 10
-32.0
 20
3.1500000000000004
 10
-31.900000000000002
 20
3.1500000000000004
  0
LWPOLYLINE
  5
2D3
330
17
100
AcDbEntity
  8
A-THIN
100
AcDbPolyline
 90
5
 70
1
 10
-26.900000000000002
 20
3.5
 10
-26.900000000000002
 20
6.6000000000000005
 10
-27.02
 20
6.6000000000000005
 10
-27.02
 20
3.5
 10
-26.900000000000002
 20
3.5
  0
LWPOLYLINE
  5
2D4
330
17
100
AcDbEntity
  8
A-THIN
100
AcDbPolyline
 90
5
 70
1
 10
-26.96
 20
3.5
 10
-26.96
 20
6.6000000000000005
 10
-31.7
 20
6.6000000000000005
 10
-31.7
 20
3.5
 10
-26.96
 20
3.5
  0
LWPOLYLINE
  5
2D5
330
17
100
AcDbEntity
  8
A-THIN
100
AcDbPolyline
 90
5
 70
1
 10
-21.6
 20
6.0
 10
-21.6
 20
6.6000000000000005
 10
-21.72
 20
6.6000000000000005
 10
-21.72
 20
6.0
 10
-21.6
 20
6.0
  0
LWPOLYLINE
  5
2D6
330
17
100
AcDbEntity
  8
A-THIN
100
AcDbPolyline
 90
5
 70
1
 10
-23.9
 20
0.0
 10
-23.9
 20
1.0
 10
-22.0
 20
1.0
 10
-22.0
 20
0.0
 10
-23.9
 20
0.0
  0
LWPOLYLINE
  5
2D7
330
17
100
AcDbEntity
  8
A-THIN
100
AcDbPolyline
 90
5
 70
1
 10
-21.55
 20
3.6
 10
-21.55
 20
4.1
 10
-21.05
 20
4.1
 10
-21.05
 20
3.6
 10
-21.55
 20
3.6
  0
LWPOLYLINE
  5
2D8
330
17
100
AcDbEntity
  8
A-THIN
100
AcDbPolyline
 90
5
 70
1
 10
-17.57
 20
3.6
 10
-17.57
 20
6.4
 10
-17.630000000000003
 20
6.4
 10
-17.630000000000003
 20
3.6
 10
-17.57
 20
3.6
  0
LWPOLYLINE
  5
2D9
330
17
100
AcDbEntity
  8
A-THIN
100
AcDbPolyline
 90
5
 70
1
 10
-21.139999999999997
 20
0.0
 10
-21.139999999999997
 20
3.0
 10
-21.2
 20
3.0
 10
-21.2
 20
0.0
 10
-21.139999999999997
 20
0.0
  0
LWPOLYLINE
  5
2DA
330
17
100
AcDbEntity
  8
A-THIN
100
AcDbPolyline
 90
5
 70
1
 10
-14.2
 20
-0.15
 10
-14.2
 20
0.23
 10
-16.099999999999998
 20
0.23
 10
-16.099999999999998
 20
-0.15
 10
-14.2
 20
-0.15
  0
LWPOLYLINE
  5
2DB
330
17
100
AcDbEntity
  8
A-THIN
100
AcDbPolyline
 90
5
 70
1
 10
-26.96
 20
3.5
 10
-26.96
 20
6.6000000000000005
 10
-27.259999999999998
 20
6.6000000000000005
 10
-27.259999999999998
 20
3.5
 10
-26.96
 20
3.5
  0
LWPOLYLINE
  5
2DC
330
17
100
AcDbEntity
  8
A-THIN
100
AcDbPolyline
 90
5
 70
1
 10
-21.8
 20
3.6
 10
-21.8
 20
6.2
 10
-24.0
 20
6.2
 10
-24.0
 20
3.6
 10
-21.8
 20
3.6
  0
LWPOLYLINE
  5
2DD
330
17
100
AcDbEntity
  8
A-THIN
100
AcDbPolyline
 90
5
 70
1
 10
-24.2
 20
3.6
 10
-24.2
 20
5.800000000000001
 10
-25.0
 20
5.800000000000001
 10
-25.0
 20
3.6
 10
-24.2
 20
3.6
  0
LWPOLYLINE
  5
2DE
330
17
100
AcDbEntity
  8
A-THIN
100
AcDbPolyline
 90
9
 70
1
 10
-25.0
 20
3.5
 10
-25.24
 20
3.5
 10
-25.24
 20
6.6000000000000005
 10
-25.0
 20
6.6000000000000005
 10
-24.2
 20
6.6000000000000005
 10
-21.72
 20
6.6000000000000005
 10
-21.72
 20
3.5
 10
-24.2
 20
3.5
 10
-25.0
 20
3.5
  0
LWPOLYLINE
  5
2DF
330
17
100
AcDbEntity
  8
A-THIN
100
AcDbPolyline
 90
5
 70
1
 10
-25.0
 20
3.6
 10
-24.2
 20
3.6
 10
-24.2
 20
5.800000000000001
 10
-25.0
 20
5.800000000000001
 10
-25.0
 20
3.6
  0
LWPOLYLINE
  5
2E0
330
17
100
AcDbEntity
  8
A-THIN
100
AcDbPolyline
 90
5
 70
1
 10
-27.259999999999998
 20
3.5
 10
-27.259999999999998
 20
3.6
 10
-26.96
 20
3.6
 10
-26.96
 20
3.5
 10
-27.259999999999998
 20
3.5
  0
LWPOLYLINE
  5
2E1
330
17
100
AcDbEntity
  8
A-THIN
100
AcDbPolyline
 90
5
 70
1
 10
-27.259999999999998
 20
5.6
 10
-27.259999999999998
 20
6.6000000000000005
 10
-26.96
 20
6.6000000000000005
 10
-26.96
 20
5.6
 10
-27.259999999999998
 20
5.6
  0
LWPOLYLINE
  5
2E2
330
17
100
AcDbEntity
  8
A-THIN
100
AcDbPolyline
 90
5
 70
1
 10
-27.085
 20
3.6
 10
-27.085
 20
5.6
 10
-27.134999999999998
 20
5.6
 10
-27.134999999999998
 20
3.6
 10
-27.085
 20
3.6
  0
LWPOLYLINE
  5
2E3
330
17
100
AcDbEntity
  8
A-THIN
100
AcDbPolyline
 90
5
 70
1
 10
-30.95
 20
3.6
 10
-30.95
 20
4.35
 10
-31.55
 20
4.35
 10
-31.55
 20
3.6
 10
-30.95
 20
3.6
  0
LWPOLYLINE
  5
2E4
330
17
100
AcDbEntity
  8
A-THIN
100
AcDbPolyline
 90
5
 70
1
 10
-14.2
 20
-0.15
 10
-14.2
 20
0.23
 10
-16.099999999999998
 20
0.23
 10
-16.099999999999998
 20
-0.15
 10
-14.2
 20
-0.15
  0
LWPOLYLINE
  5
2E5
330
17
100
AcDbEntity
  8
A-THIN
100
AcDbPolyline
 90
5
 70
1
 10
-21.85
 20
3.6
 10
-21.85
 20
4.45
 10
-24.05
 20
4.45
 10
-24.05
 20
3.6
 10
-21.85
 20
3.6
  0
LWPOLYLINE
  5
2E6
330
17
100
AcDbEntity
  8
A-THIN
100
AcDbPolyline
 90
5
 70
1
 10
-28.9
 20
0.0
 10
-28.9
 20
0.35
 10
-29.799999999999997
 20
0.35
 10
-29.799999999999997
 20
0.0
 10
-28.9
 20
0.0
  0
LWPOLYLINE
  5
2E7
330
17
100
AcDbEntity
  8
A-THIN
100
AcDbPolyline
 90
5
 70
1
 10
-23.299999999999997
 20
0.0
 10
-23.299999999999997
 20
0.75
 10
-22.4
 20
0.75
 10
-22.4
 20
0.0
 10
-23.299999999999997
 20
0.0
  0
LWPOLYLINE
  5
2E8
330
17
100
AcDbEntity
  8
A-THIN
100
AcDbPolyline
 90
5
 70
1
 10
-21.599999999999998
 20
3.6
 10
-21.599999999999998
 20
4.15
 10
-19.4
 20
4.15
 10
-19.4
 20
3.6
 10
-21.599999999999998
 20
3.6
  0
LWPOLYLINE
  5
2E9
330
17
100
AcDbEntity
  8
A-THIN
100
AcDbPolyline
 90
5
 70
1
 10
-21.139999999999997
 20
0.0
 10
-21.139999999999997
 20
3.0
 10
-21.2
 20
3.0
 10
-21.2
 20
0.0
 10
-21.139999999999997
 20
0.0
  0
LWPOLYLINE
  5
2EA
330
17
100
AcDbEntity
  8
A-THIN
100
AcDbPolyline
 90
5
 70
1
 10
-31.15
 20
0.0
 10
-31.15
 20
1.0
 10
-31.7
 20
1.0
 10
-31.7
 20
0.0
 10
-31.15
 20
0.0
  0
LWPOLYLINE
  5
2EB
330
17
100
AcDbEntity
  8
A-THIN
100
AcDbPolyline
 90
5
 70
1
 10
-17.57
 20
3.6
 10
-17.57
 20
6.4
 10
-17.630000000000003
 20
6.4
 10
-17.630000000000003
 20
3.6
 10
-17.57
 20
3.6
  0
LWPOLYLINE
  5
2EC
330
17
100
AcDbEntity
  8
A-THIN
100
AcDbPolyline
 90
5
 70
1
 10
-18.4
 20
0.0
 10
-18.4
 20
0.75
 10
-19.5
 20
0.75
 10
-19.5
 20
0.0
 10
-18.4
 20
0.0
  0
LWPOLYLINE
  5
2ED
330
17
100
AcDbEntity
  8
A-THIN
100
AcDbPolyline
 90
5
 70
1
 10
-21.05
 20
3.6
 10
-21.05
 20
4.1
 10
-21.55
 20
4.1
 10
-21.55
 20
3.6
 10
-21.05
 20
3.6
  0
LWPOLYLINE
  5
2EE
330
17
100
AcDbEntity
  8
A-THIN
100
AcDbPolyline
 90
5
 70
1
 10
-31.700000000000003
 20
-0.1
 10
-31.700000000000003
 20
3.2
 10
-31.900000000000002
 20
3.2
 10
-31.900000000000002
 20
-0.1
 10
-31.700000000000003
 20
-0.1
  0
LWPOLYLINE
  5
2EF
330
17
100
AcDbEntity
  8
A-THIN
100
AcDbPolyline
 90
5
 70
1
 10
-31.900000000000002
 20
-0.15
 10
-31.900000000000002
 20
3.55
 10
-32.0
 20
3.55
 10
-32.0
 20
-0.15
 10
-31.900000000000002
 20
-0.15
  0
LWPOLYLINE
  5
2F0
330
17
100
AcDbEntity
  8
A-THIN
100
AcDbPolyline
 90
5
 70
1
 10
-31.8
 20
0.3
 10
-31.8
 20
3.0
 10
-31.860000000000003
 20
3.0
 10
-31.860000000000003
 20
0.3
 10
-31.8
 20
0.3
  0
LWPOLYLINE
  5
2F1
330
17
100
AcDbEntity
  8
A-THIN
100
AcDbPolyline
 90
5
 70
1
 10
-23.55
 20
0.0
 10
-23.55
 20
0.35
 10
-24.150000000000002
 20
0.35
 10
-24.150000000000002
 20
0.0
 10
-23.55
 20
0.0
  0
LWPOLYLINE
  5
2F2
330
17
100
AcDbEntity
  8
A-THIN
100
AcDbPolyline
 90
9
 70
1
 10
-13.8
 20
-0.15
 10
-13.8
 20
-0.13999999999999999
 10
-13.5
 20
-0.13999999999999999
 10
-9.5
 20
-0.13999999999999999
 10
-9.2
 20
-0.13999999999999999
 10
-9.2
 20
-0.15
 10
-9.5
 20
-0.15
 10
-13.5
 20
-0.15
 10
-13.8
 20
-0.15
  0
LWPOLYLINE
  5
2F3
330
17
100
AcDbEntity
  8
A-THIN
100
AcDbPolyline
 90
5
 70
1
 10
-31.818
 20
0.35
 10
-31.818
 20
2.95
 10
-31.842000000000002
 20
2.95
 10
-31.842000000000002
 20
0.35
 10
-31.818
 20
0.35
  0
LWPOLYLINE
  5
2F4
330
17
100
AcDbEntity
  8
A-THIN
100
AcDbPolyline
 90
5
 70
1
 10
-31.900000000000002
 20
-0.1
 10
-31.900000000000002
 20
0.3
 10
-31.700000000000003
 20
0.3
 10
-31.700000000000003
 20
-0.1
 10
-31.900000000000002
 20
-0.1
  0
LWPOLYLINE
  5
2F5
330
17
100
AcDbEntity
  8
A-THIN
100
AcDbPolyline
 90
5
 70
1
 10
-31.900000000000002
 20
3.0
 10
-31.900000000000002
 20
3.2
 10
-31.700000000000003
 20
3.2
 10
-31.700000000000003
 20
3.0
 10
-31.900000000000002
 20
3.0
  0
LWPOLYLINE
  5
2F6
330
17
100
AcDbEntity
  8
A-THIN
100
AcDbPolyline
 90
5
 70
1
 10
-32.0
 20
-0.15
 10
-32.0
 20
0.3
 10
-31.900000000000002
 20
0.3
 10
-31.900000000000002
 20
-0.15
 10
-32.0
 20
-0.15
  0
LWPOLYLINE
  5
2F7
330
17
100
AcDbEntity
  8
A-THIN
100
AcDbPolyline
 90
5
 70
1
 10
-32.0
 20
3.0
 10
-32.0
 20
3.55
 10
-31.900000000000002
 20
3.55
 10
-31.900000000000002
 20
3.0
 10
-32.0
 20
3.0
  0
LWPOLYLINE
  5
2F8
330
17
100
AcDbEntity
  8
A-THIN
100
AcDbPolyline
 90
9
 70
1
 10
-31.8
 20
0.3
 10
-31.860000000000003
 20
0.3
 10
-31.860000000000003
 20
0.35
 10
-31.860000000000003
 20
2.95
 10
-31.860000000000003
 20
3.0
 10
-31.8
 20
3.0
 10
-31.8
 20
2.95
 10
-31.8
 20
0.35
 10
-31.8
 20
0.3
  0
LWPOLYLINE
  5
2F9
330
17
100
AcDbEntity
  8
A-THIN
100
AcDbPolyline
 90
5
 70
1
 10
-28.6
 20
0.0
 10
-28.6
 20
0.75
 10
-26.0
 20
0.75
 10
-26.0
 20
0.0
 10
-28.6
 20
0.0
  0
LWPOLYLINE
  5
2FA
330
17
100
AcDbEntity
  8
A-THIN
100
AcDbPolyline
 90
5
 70
1
 10
-23.299999999999997
 20
0.0
 10
-23.299999999999997
 20
0.75
 10
-22.4
 20
0.75
 10
-22.4
 20
0.0
 10
-23.299999999999997
 20
0.0
  0
LWPOLYLINE
  5
2FB
330
17
100
AcDbEntity
  8
A-THIN
100
AcDbPolyline
 90
5
 70
1
 10
-26.7
 20
0.0
 10
-26.7
 20
0.01
 10
-30.599999999999998
 20
0.01
 10
-30.599999999999998
 20
0.0
 10
-26.7
 20
0.0
  0
LWPOLYLINE
  5
2FC
330
17
100
AcDbEntity
  8
A-THIN
100
AcDbPolyline
 90
5
 70
1
 10
-29.4
 20
3.6
 10
-29.4
 20
4.15
 10
-31.4
 20
4.15
 10
-31.4
 20
3.6
 10
-29.4
 20
3.6
  0
LWPOLYLINE
  5
2FD
330
17
100
AcDbEntity
  8
A-THIN
100
AcDbPolyline
 90
5
 70
1
 10
-33.39
 20
-0.04999999999999999
 10
-33.39
 20
0.8999999999999999
 10
-33.41
 20
0.8999999999999999
 10
-33.41
 20
-0.04999999999999999
 10
-33.39
 20
-0.04999999999999999
  0
LWPOLYLINE
  5
2FE
330
17
100
AcDbEntity
  8
A-THIN
100
AcDbPolyline
 90
5
 70
1
 10
-33.37
 20
0.8699999999999999
 10
-33.37
 20
0.8999999999999999
 10
-33.43
 20
0.8999999999999999
 10
-33.43
 20
0.8699999999999999
 10
-33.37
 20
0.8699999999999999
  0
LWPOLYLINE
  5
2FF
330
17
100
AcDbEntity
  8
A-THIN
100
AcDbPolyline
 90
5
 70
1
 10
-32.0
 20
-0.04999999999999999
 10
-32.0
 20
0.8999999999999999
 10
-33.4
 20
0.8999999999999999
 10
-33.4
 20
-0.04999999999999999
 10
-32.0
 20
-0.04999999999999999
  0
LWPOLYLINE
  5
300
330
17
100
AcDbEntity
  8
A-THIN
100
AcDbPolyline
 90
5
 70
1
 10
-32.0
 20
0.8699999999999999
 10
-32.0
 20
0.8999999999999999
 10
-33.4
 20
0.8999999999999999
 10
-33.4
 20
0.8699999999999999
 10
-32.0
 20
0.8699999999999999
  0
LWPOLYLINE
  5
301
330
17
100
AcDbEntity
  8
A-THIN
100
AcDbPolyline
 90
5
 70
1
 10
-27.4
 20
3.6
 10
-27.4
 20
6.2
 10
-28.0
 20
6.2
 10
-28.0
 20
3.6
 10
-27.4
 20
3.6
  0
LWPOLYLINE
  5
302
330
17
100
AcDbEntity
  8
A-THIN
100
AcDbPolyline
 90
5
 70
1
 10
-21.157999999999998
 20
0.05
 10
-21.157999999999998
 20
2.95
 10
-21.182
 20
2.95
 10
-21.182
 20
0.05
 10
-21.157999999999998
 20
0.05
  0
LWPOLYLINE
  5
303
330
17
100
AcDbEntity
  8
A-THIN
100
AcDbPolyline
 90
5
 70
1
 10
-21.299999999999997
 20
-0.1
 10
-21.299999999999997
 20
0.0
 10
-21.099999999999998
 20
0.0
 10
-21.099999999999998
 20
-0.1
 10
-21.299999999999997
 20
-0.1
  0
LWPOLYLINE
  5
304
330
17
100
AcDbEntity
  8
A-THIN
100
AcDbPolyline
 90
5
 70
1
 10
-21.299999999999997
 20
3.0
 10
-21.299999999999997
 20
3.2
 10
-21.099999999999998
 20
3.2
 10
-21.099999999999998
 20
3.0
 10
-21.299999999999997
 20
3.0
  0
LWPOLYLINE
  5
305
330
17
100
AcDbEntity
  8
A-THIN
100
AcDbPolyline
 90
5
 70
1
 10
-21.099999999999998
 20
-0.15
 10
-21.099999999999998
 20
0.0
 10
-21.0
 20
0.0
 10
-21.0
 20
-0.15
 10
-21.099999999999998
 20
-0.15
  0
LWPOLYLINE
  5
306
330
17
100
AcDbEntity
  8
A-THIN
100
AcDbPolyline
 90
5
 70
1
 10
-21.099999999999998
 20
3.0
 10
-21.099999999999998
 20
3.55
 10
-21.0
 20
3.55
 10
-21.0
 20
3.0
 10
-21.099999999999998
 20
3.0
  0
LWPOLYLINE
  5
307
330
17
100
AcDbEntity
  8
A-THIN
100
AcDbPolyline
 90
9
 70
1
 10
-21.139999999999997
 20
0.0
 10
-21.2
 20
0.0
 10
-21.2
 20
0.05
 10
-21.2
 20
2.95
 10
-21.2
 20
3.0
 10
-21.139999999999997
 20
3.0
 10
-21.139999999999997
 20
2.95
 10
-21.139999999999997
 20
0.05
 10
-21.139999999999997
 20
0.0
  0
LWPOLYLINE
  5
308
330
17
100
AcDbEntity
  8
A-THIN
100
AcDbPolyline
 90
5
 70
1
 10
-17.588
 20
3.65
 10
-17.588
 20
6.3500000000000005
 10
-17.612000000000002
 20
6.3500000000000005
 10
-17.612000000000002
 20
3.65
 10
-17.588
 20
3.65
  0
LWPOLYLINE
  5
309
330
17
100
AcDbEntity
  8
A-THIN
100
AcDbPolyline
 90
5
 70
1
 10
-22.0
 20
3.6
 10
-22.0
 20
4.2
 10
-23.8
 20
4.2
 10
-23.8
 20
3.6
 10
-22.0
 20
3.6
  0
LWPOLYLINE
  5
30A
330
17
100
AcDbEntity
  8
A-THIN
100
AcDbPolyline
 90
5
 70
1
 10
-17.700000000000003
 20
3.5
 10
-17.700000000000003
 20
3.6
 10
-17.5
 20
3.6
 10
-17.5
 20
3.5
 10
-17.700000000000003
 20
3.5
  0
LWPOLYLINE
  5
30B
330
17
100
AcDbEntity
  8
A-THIN
100
AcDbPolyline
 90
5
 70
1
 10
-17.700000000000003
 20
6.4
 10
-17.700000000000003
 20
6.6000000000000005
 10
-17.5
 20
6.6000000000000005
 10
-17.5
 20
6.4
 10
-17.700000000000003
 20
6.4
  0
LWPOLYLINE
  5
30C
330
17
100
AcDbEntity
  8
A-THIN
100
AcDbPolyline
 90
9
 70
1
 10
-17.57
 20
3.6
 10
-17.630000000000003
 20
3.6
 10
-17.630000000000003
 20
3.65
 10
-17.630000000000003
 20
6.3500000000000005
 10
-17.630000000000003
 20
6.4
 10
-17.57
 20
6.4
 10
-17.57
 20
6.3500000000000005
 10
-17.57
 20
3.65
 10
-17.57
 20
3.6
  0
LWPOLYLINE
  5
30D
330
17
100
AcDbEntity
  8
A-THIN
100
AcDbPolyline
 90
5
 70
1
 10
-16.099999999999998
 20
6.4
 10
-16.099999999999998
 20
6.6000000000000005
 10
-16.299999999999997
 20
6.6000000000000005
 10
-16.299999999999997
 20
6.4
 10
-16.099999999999998
 20
6.4
  0
LWPOLYLINE
  5
30E
330
17
100
AcDbEntity
  8
A-THIN
100
AcDbPolyline
 90
5
 70
1
 10
-16.099999999999998
 20
3.1500000000000004
 10
-16.099999999999998
 20
3.5
 10
-15.999999999999998
 20
3.5
 10
-15.999999999999998
 20
3.1500000000000004
 10
-16.099999999999998
 20
3.1500000000000004
  0
LWPOLYLINE
  5
30F
330
17
100
AcDbEntity
  8
A-THIN
100
AcDbPolyline
 90
5
 70
1
 10
-17.700000000000003
 20
6.6000000000000005
 10
-17.5
 20
6.6000000000000005
 10
-17.5
 20
3.5
 10
-17.700000000000003
 20
3.5
 10
-17.700000000000003
 20
6.6000000000000005
  0
LWPOLYLINE
  5
310
330
17
100
AcDbEntity
  8
A-THIN
100
AcDbPolyline
 90
5
 70
1
 10
-16.099999999999998
 20
7.5
 10
-15.999999999999998
 20
7.5
 10
-15.999999999999998
 20
6.4
 10
-16.099999999999998
 20
6.4
 10
-16.099999999999998
 20
7.5
  0
LWPOLYLINE
  5
311
330
17
100
AcDbEntity
  8
A-THIN
100
AcDbPolyline
 90
5
 70
1
 10
-25.36
 20
3.5
 10
-25.36
 20
6.6000000000000005
 10
-25.240000000000002
 20
6.6000000000000005
 10
-25.240000000000002
 20
3.5
 10
-25.36
 20
3.5
  0
LWPOLYLINE
  5
312
330
17
100
AcDbEntity
  8
A-THIN
100
AcDbPolyline
 90
5
 70
1
 10
-21.72
 20
3.5
 10
-21.72
 20
6.6000000000000005
 10
-21.6
 20
6.6000000000000005
 10
-21.6
 20
3.5
 10
-21.72
 20
3.5
  0
LWPOLYLINE
  5
313
330
17
100
AcDbEntity
  8
A-THIN
100
AcDbPolyline
 90
9
 70
1
 10
-31.599999999999998
 20
6.6000000000000005
 10
-27.26
 20
6.6000000000000005
 10
-27.26
 20
3.5
 10
-31.599999999999998
 20
3.5
 10
-31.6
 20
3.5
 10
-31.7
 20
3.5
 10
-31.7
 20
6.6000000000000005
 10
-31.6
 20
6.6000000000000005
 10
-31.599999999999998
 20
6.6000000000000005
  0
LWPOLYLINE
  5
314
330
17
100
AcDbEntity
  8
A-THIN
100
AcDbPolyline
 90
5
 70
1
 10
-27.259999999999998
 20
6.6000000000000005
 10
-26.96
 20
6.6000000000000005
 10
-26.96
 20
3.5
 10
-27.259999999999998
 20
3.5
 10
-27.259999999999998
 20
6.6000000000000005
  0
LWPOLYLINE
  5
315
330
17
100
AcDbEntity
  8
A-THIN
100
AcDbPolyline
 90
5
 70
1
 10
-31.75
 20
-0.15
 10
-31.75
 20
-0.04999999999999999
 10
-33.849999999999994
 20
-0.04999999999999999
 10
-33.849999999999994
 20
-0.15
 10
-31.75
 20
-0.15
  0
LWPOLYLINE
  5
316
330
17
100
AcDbEntity
  8
A-THIN
100
AcDbPolyline
 90
5
 70
1
 10
-16.139999999999997
 20
3.6
 10
-16.139999999999997
 20
4.65
 10
-16.16
 20
4.65
 10
-16.16
 20
3.6
 10
-16.139999999999997
 20
3.6
  0
LWPOLYLINE
  5
317
330
17
100
AcDbEntity
  8
A-THIN
100
AcDbPolyline
 90
5
 70
1
 10
-16.119999999999997
 20
4.62
 10
-16.119999999999997
 20
4.65
 10
-16.18
 20
4.65
 10
-16.18
 20
4.62
 10
-16.119999999999997
 20
4.62
  0
LWPOLYLINE
  5
318
330
17
100
AcDbEntity
  8
A-THIN
100
AcDbPolyline
 90
5
 70
1
 10
-25.55
 20
2.95
 10
-21.5
 20
2.95
 10
-21.5
 20
0.05
 10
-25.55
 20
0.05
 10
-25.55
 20
2.95
  0
LWPOLYLINE
  5
319
330
17
100
AcDbEntity
  8
A-THIN
100
AcDbPolyline
 90
5
 70
1
 10
-29.55
 20
2.95
 10
-26.45
 20
2.95
 10
-26.45
 20
0.5
 10
-29.55
 20
0.5
 10
-29.55
 20
2.95
  0
LWPOLYLINE
  5
31A
330
17
100
AcDbEntity
  8
A-THIN
100
AcDbPolyline
 90
5
 70
1
 10
-26.7
 20
6.250000000000001
 10
-25.55
 20
6.250000000000001
 10
-25.55
 20
3.65
 10
-26.7
 20
3.65
 10
-26.7
 20
6.250000000000001
  0
LWPOLYLINE
  5
31B
330
17
100
AcDbEntity
  8
A-THIN
100
AcDbPolyline
 90
5
 70
1
 10
-17.95
 20
6.3500000000000005
 10
-17.95
 20
3.65
 10
-21.349999999999998
 20
3.65
 10
-21.349999999999998
 20
6.3500000000000005
 10
-17.95
 20
6.3500000000000005
  0
LWPOLYLINE
  5
31C
330
17
100
AcDbEntity
  8
A-THIN
100
AcDbPolyline
 90
5
 70
1
 10
-28.67
 20
5.529999999999999
 10
-28.67
 20
4.67
 10
-29.53
 20
4.67
 10
-29.53
 20
5.529999999999999
 10
-28.67
 20
5.529999999999999
  0
LWPOLYLINE
  5
31D
330
17
100
AcDbEntity
  8
A-THIN
100
AcDbPolyline
 90
5
 70
1
 10
-22.27
 20
4.67
 10
-22.27
 20
6.23
 10
-24.53
 20
6.23
 10
-24.53
 20
4.67
 10
-22.27
 20
4.67
  0
LWPOLYLINE
  5
31E
330
17
100
AcDbEntity
  8
A-THIN
100
AcDbPolyline
 90
5
 70
1
 10
-33.4
 20
-0.15
 10
-33.4
 20
-0.04999999999999999
 10
-33.699999999999996
 20
-0.04999999999999999
 10
-33.699999999999996
 20
-0.15
 10
-33.4
 20
-0.15
  0
LWPOLYLINE
  5
31F
330
17
100
AcDbEntity
  8
A-THIN
100
AcDbPolyline
 90
17
 70
1
 10
-27.97
 20
0.45
 10
-28.03
 20
0.45
 10
-29.55
 20
0.45
 10
-29.6
 20
0.45
 10
-29.6
 20
0.5
 10
-29.6
 20
2.95
 10
-29.6
 20
3.0
 10
-29.55
 20
3.0
 10
-28.03
 20
3.0
 10
-27.97
 20
3.0
 10
-26.45
 20
3.0
 10
-26.4
 20
3.0
 10
-26.4
 20
2.95
 10
-26.4
 20
0.5
 10
-26.4
 20
0.45
 10
-26.45
 20
0.45
 10
-27.97
 20
0.45
  0
LWPOLYLINE
  5
320
330
17
100
AcDbEntity
  8
A-THIN
100
AcDbPolyline
 90
5
 70
1
 10
-28.03
 20
2.95
 10
-29.55
 20
2.95
 10
-29.55
 20
0.5
 10
-28.03
 20
0.5
 10
-28.03
 20
2.95
  0
LWPOLYLINE
  5
321
330
17
100
AcDbEntity
  8
A-THIN
100
AcDbPolyline
 90
5
 70
1
 10
-27.97
 20
2.95
 10
-27.97
 20
0.5
 10
-26.45
 20
0.5
 10
-26.45
 20
2.95
 10
-27.97
 20
2.95
  0
LWPOLYLINE
  5
322
330
17
100
AcDbEntity
  8
A-THIN
100
AcDbPolyline
 90
17
 70
1
 10
-25.6
 20
0.0
 10
-25.6
 20
0.05
 10
-25.6
 20
2.95
 10
-25.6
 20
3.0
 10
-25.55
 20
3.0
 10
-23.555
 20
3.0
 10
-23.494999999999997
 20
3.0
 10
-21.5
 20
3.0
 10
-21.45
 20
3.0
 10
-21.45
 20
2.95
 10
-21.45
 20
0.05
 10
-21.45
 20
0.0
 10
-21.5
 20
0.0
 10
-23.494999999999997
 20
0.0
 10
-23.555
 20
0.0
 10
-25.55
 20
0.0
 10
-25.6
 20
0.0
  0
LWPOLYLINE
  5
323
330
17
100
AcDbEntity
  8
A-THIN
100
AcDbPolyline
 90
5
 70
1
 10
-25.55
 20
0.05
 10
-23.555
 20
0.05
 10
-23.555
 20
2.95
 10
-25.55
 20
2.95
 10
-25.55
 20
0.05
  0
LWPOLYLINE
  5
324
330
17
100
AcDbEntity
  8
A-THIN
100
AcDbPolyline
 90
5
 70
1
 10
-21.5
 20
2.95
 10
-23.494999999999997
 20
2.95
 10
-23.494999999999997
 20
0.05
 10
-21.5
 20
0.05
 10
-21.5
 20
2.95
  0
LWPOLYLINE
  5
325
330
17
100
AcDbEntity
  8
A-THIN
100
AcDbPolyline
 90
13
 70
1
 10
-25.55
 20
3.6
 10
-26.7
 20
3.6
 10
-26.75
 20
3.6
 10
-26.75
 20
3.65
 10
-26.75
 20
6.250000000000001
 10
-26.75
 20
6.300000000000001
 10
-26.7
 20
6.300000000000001
 10
-25.55
 20
6.300000000000001
 10
-25.5
 20
6.300000000000001
 10
-25.5
 20
6.250000000000001
 10
-25.5
 20
3.65
 10
-25.5
 20
3.6
 10
-25.55
 20
3.6
  0
LWPOLYLINE
  5
326
330
17
100
AcDbEntity
  8
A-THIN
100
AcDbPolyline
 90
5
 70
1
 10
-25.55
 20
6.250000000000001
 10
-26.7
 20
6.250000000000001
 10
-26.7
 20
3.65
 10
-25.55
 20
3.65
 10
-25.55
 20
6.250000000000001
  0
LWPOLYLINE
  5
327
330
17
100
AcDbEntity
  8
A-THIN
100
AcDbPolyline
 90
13
 70
1
 10
-29.6
 20
5.6
 10
-29.53
 20
5.6
 10
-28.67
 20
5.6
 10
-28.6
 20
5.6
 10
-28.6
 20
5.529999999999999
 10
-28.6
 20
4.67
 10
-28.6
 20
4.6
 10
-28.67
 20
4.6
 10
-29.53
 20
4.6
 10
-29.6
 20
4.6
 10
-29.6
 20
4.67
 10
-29.6
 20
5.529999999999999
 10
-29.6
 20
5.6
  0
LWPOLYLINE
  5
328
330
17
100
AcDbEntity
  8
A-THIN
100
AcDbPolyline
 90
5
 70
1
 10
-29.53
 20
5.529999999999999
 10
-29.53
 20
4.67
 10
-28.67
 20
4.67
 10
-28.67
 20
5.529999999999999
 10
-29.53
 20
5.529999999999999
  0
LWPOLYLINE
  5
329
330
17
100
AcDbEntity
  8
A-THIN
100
AcDbPolyline
 90
17
 70
1
 10
-19.68
 20
6.4
 10
-19.619999999999997
 20
6.4
 10
-17.95
 20
6.4
 10
-17.9
 20
6.4
 10
-17.9
 20
6.3500000000000005
 10
-17.9
 20
3.65
 10
-17.9
 20
3.6
 10
-17.95
 20
3.6
 10
-19.619999999999997
 20
3.6
 10
-19.68
 20
3.6
 10
-21.349999999999998
 20
3.6
 10
-21.4
 20
3.6
 10
-21.4
 20
3.65
 10
-21.4
 20
6.3500000000000005
 10
-21.4
 20
6.4
 10
-21.349999999999998
 20
6.4
 10
-19.68
 20
6.4
  0
LWPOLYLINE
  5
32A
330
17
100
AcDbEntity
  8
A-THIN
100
AcDbPolyline
 90
5
 70
1
 10
-19.68
 20
3.65
 10
-19.68
 20
6.3500000000000005
 10
-21.349999999999998
 20
6.3500000000000005
 10
-21.349999999999998
 20
3.65
 10
-19.68
 20
3.65
  0
LWPOLYLINE
  5
32B
330
17
100
AcDbEntity
  8
A-THIN
100
AcDbPolyline
 90
5
 70
1
 10
-17.95
 20
6.3500000000000005
 10
-19.619999999999997
 20
6.3500000000000005
 10
-19.619999999999997
 20
3.65
 10
-17.95
 20
3.65
 10
-17.95
 20
6.3500000000000005
  0
LWPOLYLINE
  5
32C
330
17
100
AcDbEntity
  8
A-THIN
100
AcDbPolyline
 90
17
 70
1
 10
-22.27
 20
4.6
 10
-23.369999999999997
 20
4.6
 10
-23.43
 20
4.6
 10
-24.53
 20
4.6
 10
-24.6
 20
4.6
 10
-24.6
 20
4.67
 10
-24.6
 20
6.23
 10
-24.6
 20
6.300000000000001
 10
-24.53
 20
6.300000000000001
 10
-23.43
 20
6.300000000000001
 10
-23.369999999999997
 20
6.300000000000001
 10
-22.27
 20
6.300000000000001
 10
-22.2
 20
6.300000000000001
 10
-22.2
 20
6.23
 10
-22.2
 20
4.67
 10
-22.2
 20
4.6
 10
-22.27
 20
4.6
  0
LWPOLYLINE
  5
32D
330
17
100
AcDbEntity
  8
A-THIN
100
AcDbPolyline
 90
5
 70
1
 10
-23.43
 20
6.23
 10
-24.53
 20
6.23
 10
-24.53
 20
4.67
 10
-23.43
 20
4.67
 10
-23.43
 20
6.23
  0
LWPOLYLINE
  5
32E
330
17
100
AcDbEntity
  8
A-THIN
100
AcDbPolyline
 90
5
 70
1
 10
-22.27
 20
6.23
 10
-23.369999999999997
 20
6.23
 10
-23.369999999999997
 20
4.67
 10
-22.27
 20
4.67
 10
-22.27
 20
6.23
  0
LWPOLYLINE
  5
32F
330
17
100
AcDbEntity
  8
A-THIN
100
AcDbPolyline
 90
13
 70
1
 10
-25.6
 20
-0.1
 10
-26.4
 20
-0.1
 10
-29.6
 20
-0.1
 10
-32.0
 20
-0.1
 10
-32.0
 20
3.2
 10
-29.6
 20
3.2
 10
-26.4
 20
3.2
 10
-25.6
 20
3.2
 10
-21.45
 20
3.2
 10
-21.0
 20
3.2
 10
-21.0
 20
-0.1
 10
-21.45
 20
-0.1
 10
-25.6
 20
-0.1
  0
LWPOLYLINE
  5
330
330
17
100
AcDbEntity
  8
A-THIN
100
AcDbPolyline
 90
5
 70
1
 10
-25.6
 20
0.0
 10
-21.45
 20
0.0
 10
-21.45
 20
3.0
 10
-25.6
 20
3.0
 10
-25.6
 20
0.0
  0
LWPOLYLINE
  5
331
330
17
100
AcDbEntity
  8
A-THIN
100
AcDbPolyline
 90
5
 70
1
 10
-26.4
 20
0.45
 10
-26.4
 20
3.0
 10
-29.6
 20
3.0
 10
-29.6
 20
0.45
 10
-26.4
 20
0.45
  0
LWPOLYLINE
  5
332
330
17
100
AcDbEntity
  8
A-THIN
100
AcDbPolyline
 90
17
 70
1
 10
-24.6
 20
6.6000000000000005
 10
-22.2
 20
6.6000000000000005
 10
-21.4
 20
6.6000000000000005
 10
-17.9
 20
6.6000000000000005
 10
-15.999999999999998
 20
6.6000000000000005
 10
-15.999999999999998
 20
3.5
 10
-17.9
 20
3.5
 10
-21.4
 20
3.5
 10
-22.2
 20
3.5
 10
-24.6
 20
3.5
 10
-25.5
 20
3.5
 10
-26.75
 20
3.5
 10
-26.96
 20
3.5
 10
-26.96
 20
6.6000000000000005
 10
-26.75
 20
6.6000000000000005
 10
-25.5
 20
6.6000000000000005
 10
-24.6
 20
6.6000000000000005
  0
LWPOLYLINE
  5
333
330
17
100
AcDbEntity
  8
A-THIN
100
AcDbPolyline
 90
5
 70
1
 10
-24.6
 20
4.6
 10
-22.2
 20
4.6
 10
-22.2
 20
6.300000000000001
 10
-24.6
 20
6.300000000000001
 10
-24.6
 20
4.6
  0
LWPOLYLINE
  5
334
330
17
100
AcDbEntity
  8
A-THIN
100
AcDbPolyline
 90
5
 70
1
 10
-26.75
 20
3.6
 10
-25.5
 20
3.6
 10
-25.5
 20
6.300000000000001
 10
-26.75
 20
6.300000000000001
 10
-26.75
 20
3.6
  0
LWPOLYLINE
  5
335
330
17
100
AcDbEntity
  8
A-THIN
100
AcDbPolyline
 90
5
 70
1
 10
-17.9
 20
6.4
 10
-21.4
 20
6.4
 10
-21.4
 20
3.6
 10
-17.9
 20
3.6
 10
-17.9
 20
6.4
  0
LWPOLYLINE
  5
336
330
17
100
AcDbEntity
  8
A-THIN
100
AcDbPolyline
 90
5
 70
1
 10
-31.9
 20
-0.1
 10
-21.1
 20
-0.1
 10
-21.1
 20
-0.15
 10
-31.9
 20
-0.15
 10
-31.9
 20
-0.1
  0
LWPOLYLINE
  5
337
330
17
100
AcDbEntity
  8
A-THIN
100
AcDbPolyline
 90
13
 70
1
 10
-31.9
 20
3.2
 10
-31.9
 20
3.5
 10
-32.0
 20
3.5
 10
-32.0
 20
6.6000000000000005
 10
-31.9
 20
6.6000000000000005
 10
-31.9
 20
6.9
 10
-16.1
 20
6.9
 10
-16.1
 20
6.6000000000000005
 10
-26.96
 20
6.6000000000000005
 10
-26.96
 20
3.5
 10
-16.1
 20
3.5
 10
-16.1
 20
3.2
 10
-31.9
 20
3.2
  0
LWPOLYLINE
  5
338
330
17
100
AcDbEntity
  8
A-THIN
100
AcDbPolyline
 90
5
 70
1
 10
-28.6
 20
4.6
 10
-28.6
 20
5.6
 10
-29.6
 20
5.6
 10
-29.6
 20
4.6
 10
-28.6
 20
4.6
  0
LWPOLYLINE
  5
339
330
17
100
AcDbEntity
  8
A-THIN
100
AcDbPolyline
 90
5
 70
1
 10
-31.9
 20
-0.1
 10
-31.9
 20
0.0
 10
-21.1
 20
0.0
 10
-21.1
 20
-0.1
 10
-31.9
 20
-0.1
  0
LWPOLYLINE
  5
33A
330
17
100
AcDbEntity
  8
A-THIN
100
AcDbPolyline
 90
5
 70
1
 10
-31.9
 20
3.5
 10
-31.9
 20
3.6
 10
-16.1
 20
3.6
 10
-16.1
 20
3.5
 10
-31.9
 20
3.5
  0
LWPOLYLINE
  5
33B
330
17
100
AcDbEntity
  8
A-THIN
100
AcDbPolyline
 90
5
 70
1
 10
-16.1
 20
6.9
 10
-16.1
 20
7.0200000000000005
 10
-31.9
 20
7.0200000000000005
 10
-31.9
 20
6.9
 10
-16.1
 20
6.9
  0
LWPOLYLINE
  5
33C
330
17
100
AcDbEntity
  8
A-THIN
100
AcDbPolyline
 90
5
 70
1
 10
-28.55
 20
4.55
 10
-28.55
 20
4.6
 10
-29.650000000000002
 20
4.6
 10
-29.650000000000002
 20
4.55
 10
-28.55
 20
4.55
  0
LWPOLYLINE
  5
33D
330
17
100
AcDbEntity
  8
A-THIN
100
AcDbPolyline
 90
5
 70
1
 10
-31.900000000000002
 20
-0.1
 10
-31.900000000000002
 20
3.2
 10
-31.700000000000003
 20
3.2
 10
-31.700000000000003
 20
-0.1
 10
-31.900000000000002
 20
-0.1
  0
LWPOLYLINE
  5
33E
330
17
100
AcDbEntity
  8
A-THIN
100
AcDbPolyline
 90
5
 70
1
 10
-21.299999999999997
 20
3.2
 10
-21.099999999999998
 20
3.2
 10
-21.099999999999998
 20
-0.1
 10
-21.299999999999997
 20
-0.1
 10
-21.299999999999997
 20
3.2
  0
LWPOLYLINE
  5
33F
330
17
100
AcDbEntity
  8
A-THIN
100
AcDbPolyline
 90
5
 70
1
 10
-16.299999999999997
 20
6.6000000000000005
 10
-16.099999999999998
 20
6.6000000000000005
 10
-16.099999999999998
 20
3.5
 10
-16.299999999999997
 20
3.5
 10
-16.299999999999997
 20
6.6000000000000005
  0
LWPOLYLINE
  5
340
330
17
100
AcDbEntity
  8
A-THIN
100
AcDbPolyline
 90
17
 70
1
 10
-25.6
 20
-0.15
 10
-26.4
 20
-0.15
 10
-29.6
 20
-0.15
 10
-31.900000000000002
 20
-0.15
 10
-32.0
 20
-0.15
 10
-32.0
 20
3.55
 10
-31.900000000000002
 20
3.55
 10
-29.6
 20
3.55
 10
-26.4
 20
3.55
 10
-25.6
 20
3.55
 10
-21.45
 20
3.55
 10
-21.099999999999998
 20
3.55
 10
-21.0
 20
3.55
 10
-21.0
 20
-0.15
 10
-21.099999999999998
 20
-0.15
 10
-21.45
 20
-0.15
 10
-25.6
 20
-0.15
  0
LWPOLYLINE
  5
341
330
17
100
AcDbEntity
  8
A-THIN
100
AcDbPolyline
 90
5
 70
1
 10
-21.45
 20
0.0
 10
-21.45
 20
3.0
 10
-25.6
 20
3.0
 10
-25.6
 20
0.0
 10
-21.45
 20
0.0
  0
LWPOLYLINE
  5
342
330
17
100
AcDbEntity
  8
A-THIN
100
AcDbPolyline
 90
5
 70
1
 10
-29.6
 20
0.45
 10
-26.4
 20
0.45
 10
-26.4
 20
3.0
 10
-29.6
 20
3.0
 10
-29.6
 20
0.45
  0
LWPOLYLINE
  5
343
330
17
100
AcDbEntity
  8
A-THIN
100
AcDbPolyline
 90
31
 70
1
 10
-26.96
 20
3.1500000000000004
 10
-28.6
 20
3.1500000000000004
 10
-29.6
 20
3.1500000000000004
 10
-31.900000000000002
 20
3.1500000000000004
 10
-32.0
 20
3.1500000000000004
 10
-32.0
 20
6.9
 10
-32.0
 20
7.5
 10
-31.900000000000002
 20
7.5
 10
-31.799999999999997
 20
7.5
 10
-29.6
 20
7.5
 10
-28.6
 20
7.5
 10
-26.96
 20
7.5
 10
-26.75
 20
7.5
 10
-25.5
 20
7.5
 10
-24.6
 20
7.5
 10
-22.2
 20
7.5
 10
-21.4
 20
7.5
 10
-17.9
 20
7.5
 10
-16.200000000000003
 20
7.5
 10
-16.099999999999998
 20
7.5
 10
-16.0
 20
7.5
 10
-15.999999999999998
 20
7.5
 10
-15.999999999999998
 20
3.1500000000000004
 10
-16.099999999999998
 20
3.1500000000000004
 10
-17.9
 20
3.1500000000000004
 10
-21.4
 20
3.1500000000000004
 10
-22.2
 20
3.1500000000000004
 10
-24.6
 20
3.1500000000000004
 10
-25.5
 20
3.1500000000000004
 10
-26.75
 20
3.1500000000000004
 10
-26.96
 20
3.1500000000000004
  0
LWPOLYLINE
  5
344
330
17
100
AcDbEntity
  8
A-THIN
100
AcDbPolyline
 90
5
 70
1
 10
-24.6
 20
4.6
 10
-22.2
 20
4.6
 10
-22.2
 20
6.300000000000001
 10
-24.6
 20
6.300000000000001
 10
-24.6
 20
4.6
  0
LWPOLYLINE
  5
345
330
17
100
AcDbEntity
  8
A-THIN
100
AcDbPolyline
 90
5
 70
1
 10
-25.5
 20
6.300000000000001
 10
-26.75
 20
6.300000000000001
 10
-26.75
 20
3.6
 10
-25.5
 20
3.6
 10
-25.5
 20
6.300000000000001
  0
LWPOLYLINE
  5
346
330
17
100
AcDbEntity
  8
A-THIN
100
AcDbPolyline
 90
5
 70
1
 10
-28.6
 20
4.6
 10
-28.6
 20
5.6
 10
-29.6
 20
5.6
 10
-29.6
 20
4.6
 10
-28.6
 20
4.6
  0
LWPOLYLINE
  5
347
330
17
100
AcDbEntity
  8
A-THIN
100
AcDbPolyline
 90
5
 70
1
 10
-21.4
 20
6.4
 10
-21.4
 20
3.6
 10
-17.9
 20
3.6
 10
-17.9
 20
6.4
 10
-21.4
 20
6.4
  0
LWPOLYLINE
  5
348
330
17
100
AcDbEntity
  8
A-THIN
100
AcDbPolyline
 90
5
 70
1
 10
-21.299999999999997
 20
-0.1
 10
-21.299999999999997
 20
3.2
 10
-21.0
 20
3.2
 10
-21.0
 20
-0.1
 10
-21.299999999999997
 20
-0.1
  0
LWPOLYLINE
  5
349
330
17
100
AcDbEntity
  8
A-THIN
100
AcDbPolyline
 90
5
 70
1
 10
-31.900000000000002
 20
3.5
 10
-31.900000000000002
 20
6.6000000000000005
 10
-31.700000000000003
 20
6.6000000000000005
 10
-31.700000000000003
 20
3.5
 10
-31.900000000000002
 20
3.5
  0
LWPOLYLINE
  5
34A
330
17
100
AcDbEntity
  8
A-THIN
100
AcDbPolyline
 90
5
 70
1
 10
-17.9
 20
3.6
 10
-17.9
 20
4.65
 10
-21.4
 20
4.65
 10
-21.4
 20
3.6
 10
-17.9
 20
3.6
  0
LWPOLYLINE
  5
34B
330
17
100
AcDbEntity
  8
A-THIN
100
AcDbPolyline
 90
5
 70
1
 10
-17.9
 20
4.62
 10
-17.9
 20
4.65
 10
-21.4
 20
4.65
 10
-21.4
 20
4.62
 10
-17.9
 20
4.62
  0
LWPOLYLINE
  5
34C
330
17
100
AcDbEntity
  8
A-THIN
100
AcDbPolyline
 90
5
 70
1
 10
-25.2
 20
3.2
 10
-25.2
 20
3.2600000000000002
 10
-16.0
 20
3.2600000000000002
 10
-16.0
 20
3.2
 10
-25.2
 20
3.2
  0
LWPOLYLINE
  5
34D
330
17
100
AcDbEntity
  8
A-THIN
100
AcDbPolyline
 90
5
 70
1
 10
-25.2
 20
7.44
 10
-25.2
 20
7.5
 10
-16.0
 20
7.5
 10
-16.0
 20
7.44
 10
-25.2
 20
7.44
  0
LWPOLYLINE
  5
34E
330
17
100
AcDbEntity
  8
A-THIN
100
AcDbPolyline
 90
5
 70
1
 10
-23.60999999999999
 20
3.2
 10
-23.60999999999999
 20
7.5
 10
-23.559999999999988
 20
7.5
 10
-23.559999999999988
 20
3.2
 10
-23.60999999999999
 20
3.2
  0
LWPOLYLINE
  5
34F
330
17
100
AcDbEntity
  8
A-THIN
100
AcDbPolyline
 90
5
 70
1
 10
-22.16999999999999
 20
7.5
 10
-22.11999999999999
 20
7.5
 10
-22.11999999999999
 20
3.2
 10
-22.16999999999999
 20
3.2
 10
-22.16999999999999
 20
7.5
  0
LWPOLYLINE
  5
350
330
17
100
AcDbEntity
  8
A-THIN
100
AcDbPolyline
 90
5
 70
1
 10
-22.34999999999999
 20
7.5
 10
-22.29999999999999
 20
7.5
 10
-22.29999999999999
 20
3.2
 10
-22.34999999999999
 20
3.2
 10
-22.34999999999999
 20
7.5
  0
LWPOLYLINE
  5
351
330
17
100
AcDbEntity
  8
A-THIN
100
AcDbPolyline
 90
5
 70
1
 10
-22.52999999999999
 20
3.2
 10
-22.52999999999999
 20
7.5
 10
-22.47999999999999
 20
7.5
 10
-22.47999999999999
 20
3.2
 10
-22.52999999999999
 20
3.2
  0
LWPOLYLINE
  5
352
330
17
100
AcDbEntity
  8
A-THIN
100
AcDbPolyline
 90
5
 70
1
 10
-22.70999999999999
 20
7.5
 10
-22.65999999999999
 20
7.5
 10
-22.65999999999999
 20
3.2
 10
-22.70999999999999
 20
3.2
 10
-22.70999999999999
 20
7.5
  0
LWPOLYLINE
  5
353
330
17
100
AcDbEntity
  8
A-THIN
100
AcDbPolyline
 90
5
 70
1
 10
-22.88999999999999
 20
7.5
 10
-22.83999999999999
 20
7.5
 10
-22.83999999999999
 20
3.2
 10
-22.88999999999999
 20
3.2
 10
-22.88999999999999
 20
7.5
  0
LWPOLYLINE
  5
354
330
17
100
AcDbEntity
  8
A-THIN
100
AcDbPolyline
 90
5
 70
1
 10
-23.06999999999999
 20
3.2
 10
-23.06999999999999
 20
7.5
 10
-23.01999999999999
 20
7.5
 10
-23.01999999999999
 20
3.2
 10
-23.06999999999999
 20
3.2
  0
LWPOLYLINE
  5
355
330
17
100
AcDbEntity
  8
A-THIN
100
AcDbPolyline
 90
5
 70
1
 10
-23.24999999999999
 20
7.5
 10
-23.19999999999999
 20
7.5
 10
-23.19999999999999
 20
3.2
 10
-23.24999999999999
 20
3.2
 10
-23.24999999999999
 20
7.5
  0
LWPOLYLINE
  5
356
330
17
100
AcDbEntity
  8
A-THIN
100
AcDbPolyline
 90
5
 70
1
 10
-23.42999999999999
 20
7.5
 10
-23.37999999999999
 20
7.5
 10
-23.37999999999999
 20
3.2
 10
-23.42999999999999
 20
3.2
 10
-23.42999999999999
 20
7.5
  0
LWPOLYLINE
  5
357
330
17
100
AcDbEntity
  8
A-THIN
100
AcDbPolyline
 90
5
 70
1
 10
-25.049999999999986
 20
3.2
 10
-25.049999999999986
 20
7.5
 10
-24.999999999999986
 20
7.5
 10
-24.999999999999986
 20
3.2
 10
-25.049999999999986
 20
3.2
  0
LWPOLYLINE
  5
358
330
17
100
AcDbEntity
  8
A-THIN
100
AcDbPolyline
 90
5
 70
1
 10
-23.78999999999999
 20
7.5
 10
-23.739999999999988
 20
7.5
 10
-23.739999999999988
 20
3.2
 10
-23.78999999999999
 20
3.2
 10
-23.78999999999999
 20
7.5
  0
LWPOLYLINE
  5
359
330
17
100
AcDbEntity
  8
A-THIN
100
AcDbPolyline
 90
5
 70
1
 10
-23.969999999999988
 20
7.5
 10
-23.919999999999987
 20
7.5
 10
-23.919999999999987
 20
3.2
 10
-23.969999999999988
 20
3.2
 10
-23.969999999999988
 20
7.5
  0
LWPOLYLINE
  5
35A
330
17
100
AcDbEntity
  8
A-THIN
100
AcDbPolyline
 90
5
 70
1
 10
-24.149999999999988
 20
3.2
 10
-24.149999999999988
 20
7.5
 10
-24.099999999999987
 20
7.5
 10
-24.099999999999987
 20
3.2
 10
-24.149999999999988
 20
3.2
  0
LWPOLYLINE
  5
35B
330
17
100
AcDbEntity
  8
A-THIN
100
AcDbPolyline
 90
5
 70
1
 10
-24.329999999999988
 20
7.5
 10
-24.279999999999987
 20
7.5
 10
-24.279999999999987
 20
3.2
 10
-24.329999999999988
 20
3.2
 10
-24.329999999999988
 20
7.5
  0
LWPOLYLINE
  5
35C
330
17
100
AcDbEntity
  8
A-THIN
100
AcDbPolyline
 90
5
 70
1
 10
-24.509999999999987
 20
7.5
 10
-24.459999999999987
 20
7.5
 10
-24.459999999999987
 20
3.2
 10
-24.509999999999987
 20
3.2
 10
-24.509999999999987
 20
7.5
  0
LWPOLYLINE
  5
35D
330
17
100
AcDbEntity
  8
A-THIN
100
AcDbPolyline
 90
5
 70
1
 10
-24.689999999999987
 20
3.2
 10
-24.689999999999987
 20
7.5
 10
-24.639999999999986
 20
7.5
 10
-24.639999999999986
 20
3.2
 10
-24.689999999999987
 20
3.2
  0
LWPOLYLINE
  5
35E
330
17
100
AcDbEntity
  8
A-THIN
100
AcDbPolyline
 90
5
 70
1
 10
-24.869999999999987
 20
7.5
 10
-24.819999999999986
 20
7.5
 10
-24.819999999999986
 20
3.2
 10
-24.869999999999987
 20
3.2
 10
-24.869999999999987
 20
7.5
  0
LWPOLYLINE
  5
35F
330
17
100
AcDbEntity
  8
A-THIN
100
AcDbPolyline
 90
5
 70
1
 10
-20.549999999999994
 20
7.5
 10
-20.499999999999993
 20
7.5
 10
-20.499999999999993
 20
3.2
 10
-20.549999999999994
 20
3.2
 10
-20.549999999999994
 20
7.5
  0
LWPOLYLINE
  5
360
330
17
100
AcDbEntity
  8
A-THIN
100
AcDbPolyline
 90
5
 70
1
 10
-19.109999999999996
 20
3.2
 10
-19.109999999999996
 20
7.5
 10
-19.059999999999995
 20
7.5
 10
-19.059999999999995
 20
3.2
 10
-19.109999999999996
 20
3.2
  0
LWPOLYLINE
  5
361
330
17
100
AcDbEntity
  8
A-THIN
100
AcDbPolyline
 90
5
 70
1
 10
-19.289999999999996
 20
7.5
 10
-19.239999999999995
 20
7.5
 10
-19.239999999999995
 20
3.2
 10
-19.289999999999996
 20
3.2
 10
-19.289999999999996
 20
7.5
  0
LWPOLYLINE
  5
362
330
17
100
AcDbEntity
  8
A-THIN
100
AcDbPolyline
 90
5
 70
1
 10
-19.469999999999995
 20
7.5
 10
-19.419999999999995
 20
7.5
 10
-19.419999999999995
 20
3.2
 10
-19.469999999999995
 20
3.2
 10
-19.469999999999995
 20
7.5
  0
LWPOLYLINE
  5
363
330
17
100
AcDbEntity
  8
A-THIN
100
AcDbPolyline
 90
5
 70
1
 10
-19.649999999999995
 20
7.5
 10
-19.599999999999994
 20
7.5
 10
-19.599999999999994
 20
3.2
 10
-19.649999999999995
 20
3.2
 10
-19.649999999999995
 20
7.5
  0
LWPOLYLINE
  5
364
330
17
100
AcDbEntity
  8
A-THIN
100
AcDbPolyline
 90
5
 70
1
 10
-19.829999999999995
 20
7.5
 10
-19.779999999999994
 20
7.5
 10
-19.779999999999994
 20
3.2
 10
-19.829999999999995
 20
3.2
 10
-19.829999999999995
 20
7.5
  0
LWPOLYLINE
  5
365
330
17
100
AcDbEntity
  8
A-THIN
100
AcDbPolyline
 90
5
 70
1
 10
-20.009999999999994
 20
7.5
 10
-19.959999999999994
 20
7.5
 10
-19.959999999999994
 20
3.2
 10
-20.009999999999994
 20
3.2
 10
-20.009999999999994
 20
7.5
  0
LWPOLYLINE
  5
366
330
17
100
AcDbEntity
  8
A-THIN
100
AcDbPolyline
 90
5
 70
1
 10
-20.189999999999994
 20
7.5
 10
-20.139999999999993
 20
7.5
 10
-20.139999999999993
 20
3.2
 10
-20.189999999999994
 20
3.2
 10
-20.189999999999994
 20
7.5
  0
LWPOLYLINE
  5
367
330
17
100
AcDbEntity
  8
A-THIN
100
AcDbPolyline
 90
5
 70
1
 10
-20.369999999999994
 20
3.2
 10
-20.369999999999994
 20
7.5
 10
-20.319999999999993
 20
7.5
 10
-20.319999999999993
 20
3.2
 10
-20.369999999999994
 20
3.2
  0
LWPOLYLINE
  5
368
330
17
100
AcDbEntity
  8
A-THIN
100
AcDbPolyline
 90
5
 70
1
 10
-21.98999999999999
 20
7.5
 10
-21.93999999999999
 20
7.5
 10
-21.93999999999999
 20
3.2
 10
-21.98999999999999
 20
3.2
 10
-21.98999999999999
 20
7.5
  0
LWPOLYLINE
  5
369
330
17
100
AcDbEntity
  8
A-THIN
100
AcDbPolyline
 90
5
 70
1
 10
-20.729999999999993
 20
7.5
 10
-20.679999999999993
 20
7.5
 10
-20.679999999999993
 20
3.2
 10
-20.729999999999993
 20
3.2
 10
-20.729999999999993
 20
7.5
  0
LWPOLYLINE
  5
36A
330
17
100
AcDbEntity
  8
A-THIN
100
AcDbPolyline
 90
5
 70
1
 10
-20.909999999999993
 20
3.2
 10
-20.909999999999993
 20
7.5
 10
-20.859999999999992
 20
7.5
 10
-20.859999999999992
 20
3.2
 10
-20.909999999999993
 20
3.2
  0
LWPOLYLINE
  5
36B
330
17
100
AcDbEntity
  8
A-THIN
100
AcDbPolyline
 90
5
 70
1
 10
-21.089999999999993
 20
7.5
 10
-21.039999999999992
 20
7.5
 10
-21.039999999999992
 20
3.2
 10
-21.089999999999993
 20
3.2
 10
-21.089999999999993
 20
7.5
  0
LWPOLYLINE
  5
36C
330
17
100
AcDbEntity
  8
A-THIN
100
AcDbPolyline
 90
5
 70
1
 10
-21.269999999999992
 20
7.5
 10
-21.21999999999999
 20
7.5
 10
-21.21999999999999
 20
3.2
 10
-21.269999999999992
 20
3.2
 10
-21.269999999999992
 20
7.5
  0
LWPOLYLINE
  5
36D
330
17
100
AcDbEntity
  8
A-THIN
100
AcDbPolyline
 90
5
 70
1
 10
-21.449999999999992
 20
3.2
 10
-21.449999999999992
 20
7.5
 10
-21.39999999999999
 20
7.5
 10
-21.39999999999999
 20
3.2
 10
-21.449999999999992
 20
3.2
  0
LWPOLYLINE
  5
36E
330
17
100
AcDbEntity
  8
A-THIN
100
AcDbPolyline
 90
5
 70
1
 10
-21.629999999999992
 20
7.5
 10
-21.57999999999999
 20
7.5
 10
-21.57999999999999
 20
3.2
 10
-21.629999999999992
 20
3.2
 10
-21.629999999999992
 20
7.5
  0
LWPOLYLINE
  5
36F
330
17
100
AcDbEntity
  8
A-THIN
100
AcDbPolyline
 90
5
 70
1
 10
-21.80999999999999
 20
7.5
 10
-21.75999999999999
 20
7.5
 10
-21.75999999999999
 20
3.2
 10
-21.80999999999999
 20
3.2
 10
-21.80999999999999
 20
7.5
  0
LWPOLYLINE
  5
370
330
17
100
AcDbEntity
  8
A-THIN
100
AcDbPolyline
 90
5
 70
1
 10
-17.49
 20
7.5
 10
-17.439999999999998
 20
7.5
 10
-17.439999999999998
 20
3.2
 10
-17.49
 20
3.2
 10
-17.49
 20
7.5
  0
LWPOLYLINE
  5
371
330
17
100
AcDbEntity
  8
A-THIN
100
AcDbPolyline
 90
5
 70
1
 10
-16.05
 20
7.5
 10
-16.0
 20
7.5
 10
-16.0
 20
3.2
 10
-16.05
 20
3.2
 10
-16.05
 20
7.5
  0
LWPOLYLINE
  5
372
330
17
100
AcDbEntity
  8
A-THIN
100
AcDbPolyline
 90
5
 70
1
 10
-16.23
 20
7.5
 10
-16.18
 20
7.5
 10
-16.18
 20
3.2
 10
-16.23
 20
3.2
 10
-16.23
 20
7.5
  0
LWPOLYLINE
  5
373
330
17
100
AcDbEntity
  8
A-THIN
100
AcDbPolyline
 90
5
 70
1
 10
-16.41
 20
7.5
 10
-16.36
 20
7.5
 10
-16.36
 20
3.2
 10
-16.41
 20
3.2
 10
-16.41
 20
7.5
  0
LWPOLYLINE
  5
374
330
17
100
AcDbEntity
  8
A-THIN
100
AcDbPolyline
 90
5
 70
1
 10
-16.59
 20
3.2
 10
-16.59
 20
7.5
 10
-16.54
 20
7.5
 10
-16.54
 20
3.2
 10
-16.59
 20
3.2
  0
LWPOLYLINE
  5
375
330
17
100
AcDbEntity
  8
A-THIN
100
AcDbPolyline
 90
5
 70
1
 10
-16.77
 20
7.5
 10
-16.72
 20
7.5
 10
-16.72
 20
3.2
 10
-16.77
 20
3.2
 10
-16.77
 20
7.5
  0
LWPOLYLINE
  5
376
330
17
100
AcDbEntity
  8
A-THIN
100
AcDbPolyline
 90
5
 70
1
 10
-16.95
 20
7.5
 10
-16.9
 20
7.5
 10
-16.9
 20
3.2
 10
-16.95
 20
3.2
 10
-16.95
 20
7.5
  0
LWPOLYLINE
  5
377
330
17
100
AcDbEntity
  8
A-THIN
100
AcDbPolyline
 90
5
 70
1
 10
-17.13
 20
3.2
 10
-17.13
 20
7.5
 10
-17.08
 20
7.5
 10
-17.08
 20
3.2
 10
-17.13
 20
3.2
  0
LWPOLYLINE
  5
378
330
17
100
AcDbEntity
  8
A-THIN
100
AcDbPolyline
 90
5
 70
1
 10
-17.31
 20
7.5
 10
-17.259999999999998
 20
7.5
 10
-17.259999999999998
 20
3.2
 10
-17.31
 20
3.2
 10
-17.31
 20
7.5
  0
LWPOLYLINE
  5
379
330
17
100
AcDbEntity
  8
A-THIN
100
AcDbPolyline
 90
5
 70
1
 10
-18.929999999999996
 20
7.5
 10
-18.879999999999995
 20
7.5
 10
-18.879999999999995
 20
3.2
 10
-18.929999999999996
 20
3.2
 10
-18.929999999999996
 20
7.5
  0
LWPOLYLINE
  5
37A
330
17
100
AcDbEntity
  8
A-THIN
100
AcDbPolyline
 90
5
 70
1
 10
-17.669999999999998
 20
3.2
 10
-17.669999999999998
 20
7.5
 10
-17.619999999999997
 20
7.5
 10
-17.619999999999997
 20
3.2
 10
-17.669999999999998
 20
3.2
  0
LWPOLYLINE
  5
37B
330
17
100
AcDbEntity
  8
A-THIN
100
AcDbPolyline
 90
5
 70
1
 10
-17.849999999999998
 20
7.5
 10
-17.799999999999997
 20
7.5
 10
-17.799999999999997
 20
3.2
 10
-17.849999999999998
 20
3.2
 10
-17.849999999999998
 20
7.5
  0
LWPOLYLINE
  5
37C
330
17
100
AcDbEntity
  8
A-THIN
100
AcDbPolyline
 90
5
 70
1
 10
-18.029999999999998
 20
7.5
 10
-17.979999999999997
 20
7.5
 10
-17.979999999999997
 20
3.2
 10
-18.029999999999998
 20
3.2
 10
-18.029999999999998
 20
7.5
  0
LWPOLYLINE
  5
37D
330
17
100
AcDbEntity
  8
A-THIN
100
AcDbPolyline
 90
5
 70
1
 10
-18.209999999999997
 20
7.5
 10
-18.159999999999997
 20
7.5
 10
-18.159999999999997
 20
3.2
 10
-18.209999999999997
 20
3.2
 10
-18.209999999999997
 20
7.5
  0
LWPOLYLINE
  5
37E
330
17
100
AcDbEntity
  8
A-THIN
100
AcDbPolyline
 90
5
 70
1
 10
-18.389999999999997
 20
7.5
 10
-18.339999999999996
 20
7.5
 10
-18.339999999999996
 20
3.2
 10
-18.389999999999997
 20
3.2
 10
-18.389999999999997
 20
7.5
  0
LWPOLYLINE
  5
37F
330
17
100
AcDbEntity
  8
A-THIN
100
AcDbPolyline
 90
5
 70
1
 10
-18.569999999999997
 20
7.5
 10
-18.519999999999996
 20
7.5
 10
-18.519999999999996
 20
3.2
 10
-18.569999999999997
 20
3.2
 10
-18.569999999999997
 20
7.5
  0
LWPOLYLINE
  5
380
330
17
100
AcDbEntity
  8
A-THIN
100
AcDbPolyline
 90
5
 70
1
 10
-18.749999999999996
 20
7.5
 10
-18.699999999999996
 20
7.5
 10
-18.699999999999996
 20
3.2
 10
-18.749999999999996
 20
3.2
 10
-18.749999999999996
 20
7.5
  0
CIRCLE
  5
381
330
17
100
AcDbEntity
  8
A-THIN
100
AcDbCircle
 10
-19.0
 20
1.4449999999999998
 30
0.0
 40
0.11
  0
LINE
  5
382
330
17
100
AcDbEntity
  8
A-HIDDEN
100
AcDbLine
 10
-36.0
 20
-0.65
 30
0.0
 11
-36.0
 21
11.2
 31
0.0
  0
LINE
  5
383
330
17
100
AcDbEntity
  8
A-HIDDEN
100
AcDbLine
 10
-32.0
 20
-0.65
 30
0.0
 11
-32.0
 21
11.2
 31
0.0
  0
LINE
  5
384
330
17
100
AcDbEntity
  8
A-HIDDEN
100
AcDbLine
 10
-4.0
 20
-0.65
 30
0.0
 11
-4.0
 21
11.2
 31
0.0
  0
LINE
  5
385
330
17
100
AcDbEntity
  8
A-HIDDEN
100
AcDbLine
 10
0.0
 20
-0.65
 30
0.0
 11
0.0
 21
11.2
 31
0.0
  0
ENDSEC
  0
SECTION
  2
OBJECTS
  0
DICTIONARY
  5
A
330
0
100
AcDbDictionary
281
1
  3
ACAD_COLOR
350
B
  3
ACAD_GROUP
350
C
  3
ACAD_LAYOUT
350
D
  3
ACAD_MATERIAL
350
E
  3
ACAD_MLEADERSTYLE
350
F
  3
ACAD_MLINESTYLE
350
10
  3
ACAD_PLOTSETTINGS
350
11
  3
ACAD_PLOTSTYLENAME
350
12
  3
ACAD_SCALELIST
350
14
  3
ACAD_TABLESTYLE
350
15
  3
ACAD_VISUALSTYLE
350
16
  3
EZDXF_META
350
2D
  0
DICTIONARY
  5
B
330
A
100
AcDbDictionary
281
1
  0
DICTIONARY
  5
C
330
A
100
AcDbDictionary
281
1
  0
DICTIONARY
  5
D
330
A
100
AcDbDictionary
281
1
  3
Model
350
1A
  3
Layout1
350
1E
  0
DICTIONARY
  5
E
330
A
100
AcDbDictionary
281
1
  3
ByBlock
350
1F
  3
ByLayer
350
20
  3
Global
350
21
  0
DICTIONARY
  5
F
330
A
100
AcDbDictionary
281
1
  3
Standard
350
2C
  0
DICTIONARY
  5
10
330
A
100
AcDbDictionary
281
1
  3
Standard
350
22
  0
DICTIONARY
  5
11
330
A
100
AcDbDictionary
281
1
  0
ACDBDICTIONARYWDFLT
  5
12
330
A
100
AcDbDictionary
281
1
  3
Normal
350
13
100
AcDbDictionaryWithDefault
340
13
  0
ACDBPLACEHOLDER
  5
13
330
12
  0
DICTIONARY
  5
14
330
A
100
AcDbDictionary
281
1
  0
DICTIONARY
  5
15
330
A
100
AcDbDictionary
281
1
  0
DICTIONARY
  5
16
330
A
100
AcDbDictionary
281
1
  3
2dWireframe
350
5A
  3
Basic
350
5B
  3
Brighten
350
5C
  3
ColorChange
350
5D
  3
Conceptual
350
5E
  3
Dim
350
5F
  3
EdgeColorOff
350
60
  3
Facepattern
350
61
  3
Flat
350
62
  3
FlatWithEdges
350
63
  3
Gouraud
350
64
  3
GouraudWithEdges
350
65
  3
Hidden
350
66
  3
JitterOff
350
67
  3
Linepattern
350
68
  3
Modeling
350
69
  3
OverhangOff
350
6A
  3
Realistic
350
6B
  3
Shaded
350
6C
  3
Shaded with edges
350
6D
  3
Shades of Gray
350
6E
  3
Sketchy
350
6F
  3
Thicken
350
70
  3
Wireframe
350
71
  3
X-Ray
350
72
  0
LAYOUT
  5
1A
330
D
100
AcDbPlotSettings
  1

  4
A3
  6

 40
7.5
 41
20.0
 42
7.5
 43
20.0
 44
420.0
 45
297.0
 46
0.0
 47
0.0
 48
0.0
 49
0.0
140
0.0
141
0.0
142
1.0
143
1.0
 70
1024
 72
1
 73
0
 74
5
  7

 75
16
 76
0
 77
2
 78
300
147
1.0
148
0.0
149
0.0
100
AcDbLayout
  1
Model
 70
1
 71
0
 10
0.0
 20
0.0
 11
420.0
 21
297.0
 12
0.0
 22
0.0
 32
0.0
 14
1e+20
 24
1e+20
 34
1e+20
 15
-1e+20
 25
-1e+20
 35
-1e+20
146
0.0
 13
0.0
 23
0.0
 33
0.0
 16
1.0
 26
0.0
 36
0.0
 17
0.0
 27
1.0
 37
0.0
 76
1
330
17
  0
LAYOUT
  5
1E
330
D
100
AcDbPlotSettings
  1

  4
A3
  6

 40
7.5
 41
20.0
 42
7.5
 43
20.0
 44
420.0
 45
297.0
 46
0.0
 47
0.0
 48
0.0
 49
0.0
140
0.0
141
0.0
142
1.0
143
1.0
 70
0
 72
1
 73
0
 74
5
  7

 75
16
 76
0
 77
2
 78
300
147
1.0
148
0.0
149
0.0
100
AcDbLayout
  1
Layout1
 70
1
 71
1
 10
0.0
 20
0.0
 11
420.0
 21
297.0
 12
0.0
 22
0.0
 32
0.0
 14
1e+20
 24
1e+20
 34
1e+20
 15
-1e+20
 25
-1e+20
 35
-1e+20
146
0.0
 13
0.0
 23
0.0
 33
0.0
 16
1.0
 26
0.0
 36
0.0
 17
0.0
 27
1.0
 37
0.0
 76
1
330
1B
  0
MATERIAL
  5
1F
102
{ACAD_REACTORS
330
E
102
}
330
E
100
AcDbMaterial
  1
ByBlock
  2

 70
0
 40
1.0
 71
1
 41
1.0
 91
-1023410177
 42
1.0
 72
1
  3

 73
1
 74
1
 75
1
 44
0.5
 73
0
 45
1.0
 46
1.0
 77
1
  4

 78
1
 79
1
170
1
 48
1.0
171
1
  6

172
1
173
1
174
1
140
1.0
141
1.0
175
1
  7

176
1
177
1
178
1
143
1.0
179
1
  8

270
1
271
1
272
1
145
1.0
146
1.0
273
1
  9

274
1
275
1
276
1
 42
1.0
 72
1
  3

 73
1
 74
1
 75
1
 94
63
  0
MATERIAL
  5
20
102
{ACAD_REACTORS
330
E
102
}
330
E
100
AcDbMaterial
  1
ByLayer
  2

 70
0
 40
1.0
 71
1
 41
1.0
 91
-1023410177
 42
1.0
 72
1
  3

 73
1
 74
1
 75
1
 44
0.5
 73
0
 45
1.0
 46
1.0
 77
1
  4

 78
1
 79
1
170
1
 48
1.0
171
1
  6

172
1
173
1
174
1
140
1.0
141
1.0
175
1
  7

176
1
177
1
178
1
143
1.0
179
1
  8

270
1
271
1
272
1
145
1.0
146
1.0
273
1
  9

274
1
275
1
276
1
 42
1.0
 72
1
  3

 73
1
 74
1
 75
1
 94
63
  0
MATERIAL
  5
21
102
{ACAD_REACTORS
330
E
102
}
330
E
100
AcDbMaterial
  1
Global
  2

 70
0
 40
1.0
 71
1
 41
1.0
 91
-1023410177
 42
1.0
 72
1
  3

 73
1
 74
1
 75
1
 44
0.5
 73
0
 45
1.0
 46
1.0
 77
1
  4

 78
1
 79
1
170
1
 48
1.0
171
1
  6

172
1
173
1
174
1
140
1.0
141
1.0
175
1
  7

176
1
177
1
178
1
143
1.0
179
1
  8

270
1
271
1
272
1
145
1.0
146
1.0
273
1
  9

274
1
275
1
276
1
 42
1.0
 72
1
  3

 73
1
 74
1
 75
1
 94
63
  0
MLINESTYLE
  5
22
102
{ACAD_REACTORS
330
10
102
}
330
10
100
AcDbMlineStyle
  2
Standard
 70
0
  3

 62
256
 51
90.0
 52
90.0
 71
2
 49
0.5
 62
256
  6
BYLAYER
 49
-0.5
 62
256
  6
BYLAYER
  0
MLEADERSTYLE
  5
2C
102
{ACAD_REACTORS
330
F
102
}
330
F
100
AcDbMLeaderStyle
179
2
170
2
171
1
172
0
 90
2
 40
0.0
 41
0.0
173
1
 91
-1056964608
 92
-2
290
1
 42
2.0
291
1
 43
8.0
  3
Standard
 44
4.0
300

342
29
174
1
175
1
176
0
178
1
 93
-1056964608
 45
4.0
292
0
297
0
 46
4.0
 94
-1056964608
 47
1.0
 49
1.0
140
1.0
294
1
141
0.0
177
0
142
1.0
295
0
296
0
143
3.75
271
0
272
9
273
9
  0
DICTIONARY
  5
2D
330
A
100
AcDbDictionary
280
1
281
1
  3
CREATED_BY_EZDXF
350
2E
  3
WRITTEN_BY_EZDXF
350
388
  0
DICTIONARYVAR
  5
2E
330
2D
100
DictionaryVariables
280
0
  1
1.4.4 @ 2026-10-04T18:50:44.592781+00:00
  0
VISUALSTYLE
  5
5A
102
{ACAD_REACTORS
330
16
102
}
330
16
100
AcDbVisualStyle
  2
2dWireframe
 70
4
177
3
291
0
 70
58
 90
2
176
1
 90
2
176
1
 90
0
176
1
 90
0
176
1
 40
0.6
176
1
 40
30.0
176
1
 62
7
420
16777215
176
1
 90
1
176
1
 90
4
176
1
 62
7
176
1
 62
257
176
1
 90
1
176
1
 90
1
176
1
 40
1.0
176
1
 90
8
176
1
 62
7
176
1
 40
1.0
176
1
 90
1
176
1
 90
6
176
1
 90
2
176
1
 62
7
176
1
 90
5
176
1
 90
0
176
1
 90
0
176
1
290
0
176
1
 90
1
176
1
 40
0.0
176
1
 90
0
176
1
290
1
176
1
290
1
176
1
290
0
176
1
290
0
176
1
290
0
176
1
290
0
176
1
290
0
176
1
290
0
176
1
290
0
176
1
 90
50
176
1
 40
0.0
176
1
 40
1.0
176
1
 90
0
176
1
 62
18
420
0
176
1
 90
50
176
1
 90
3
176
1
 62
5
420
255
176
1
290
0
176
1
 90
50
176
1
 90
50
176
1
 90
50
176
1
290
0
176
1
 90
50
176
1
 62
256
176
0
 40
1.0
176
0
 90
2
176
1
  1
strokes_ogs.tif
176
1
290
0
176
1
 40
1.0
176
1
 40
1.0
176
1
  0
VISUALSTYLE
  5
5B
102
{ACAD_REACTORS
330
16
102
}
330
16
100
AcDbVisualStyle
  2
Basic
 70
7
177
3
291
1
 70
58
 90
2
176
1
 90
2
176
1
 90
0
176
1
 90
1
176
1
 40
0.6
176
1
 40
30.0
176
1
 62
7
420
16777215
176
1
 90
1
176
1
 90
4
176
1
 62
7
176
1
 62
257
176
1
 90
1
176
1
 90
1
176
1
 40
1.0
176
1
 90
8
176
1
 62
7
176
1
 40
1.0
176
1
 90
1
176
1
 90
6
176
1
 90
2
176
1
 62
7
176
1
 90
5
176
1
 90
0
176
1
 90
0
176
1
290
0
176
1
 90
1
176
1
 40
0.0
176
1
 90
0
176
1
290
0
176
1
290
1
176
1
290
1
176
1
290
0
176
1
290
0
176
1
290
0
176
1
290
0
176
1
290
0
176
1
290
0
176
1
 90
50
176
1
 40
0.0
176
1
 40
1.0
176
1
 90
0
176
1
 62
18
420
0
176
1
 90
50
176
1
 90
3
176
1
 62
5
420
255
176
1
290
0
176
1
 90
50
176
1
 90
50
176
1
 90
50
176
1
290
0
176
1
 90
50
176
1
 62
256
176
0
 40
1.0
176
0
 90
2
176
1
  1
strokes_ogs.tif
176
1
290
0
176
1
 40
1.0
176
1
 40
1.0
176
1
  0
VISUALSTYLE
  5
5C
102
{ACAD_REACTORS
330
16
102
}
330
16
100
AcDbVisualStyle
  2
Brighten
 70
12
177
3
291
1
 70
58
 90
2
176
1
 90
2
176
1
 90
0
176
1
 90
2
176
1
 40
0.6
176
1
 40
30.0
176
1
 62
7
420
16777215
176
1
 90
1
176
1
 90
4
176
1
 62
7
176
1
 62
257
176
1
 90
1
176
1
 90
1
176
1
 40
1.0
176
1
 90
8
176
1
 62
7
176
1
 40
1.0
176
1
 90
1
176
1
 90
6
176
1
 90
2
176
1
 62
7
176
1
 90
5
176
1
 90
0
176
1
 90
0
176
1
290
0
176
1
 90
1
176
1
 40
0.0
176
1
 90
0
176
1
290
0
176
1
290
1
176
1
290
1
176
1
290
0
176
1
290
0
176
1
290
0
176
1
290
0
176
1
290
0
176
1
290
0
176
1
 90
50
176
1
 40
0.0
176
1
 40
1.0
176
1
 90
0
176
1
 62
18
420
0
176
1
 90
50
176
1
 90
3
176
1
 62
5
420
255
176
1
290
0
176
1
 90
50
176
1
 90
50
176
1
 90
50
176
1
290
0
176
1
 90
50
176
1
 62
256
176
0
 40
1.0
176
0
 90
2
176
1
  1
strokes_ogs.tif
176
1
290
0
176
1
 40
1.0
176
1
 40
1.0
176
1
  0
VISUALSTYLE
  5
5D
102
{ACAD_REACTORS
330
16
102
}
330
16
100
AcDbVisualStyle
  2
ColorChange
 70
16
177
3
291
1
 70
58
 90
2
176
1
 90
2
176
1
 90
0
176
1
 90
2
176
1
 40
0.6
176
1
 40
30.0
176
1
 62
7
420
16777215
176
1
 90
1
176
1
 90
4
176
1
 62
7
176
1
 62
257
176
1
 90
1
176
1
 90
1
176
1
 40
1.0
176
1
 90
8
176
1
 62
7
176
1
 40
1.0
176
1
 90
1
176
1
 90
6
176
1
 90
2
176
1
 62
7
176
1
 90
5
176
1
 90
0
176
1
 90
0
176
1
290
0
176
1
 90
1
176
1
 40
0.0
176
1
 90
0
176
1
290
0
176
1
290
1
176
1
290
1
176
1
290
0
176
1
290
0
176
1
290
0
176
1
290
0
176
1
290
0
176
1
290
0
176
1
 90
50
176
1
 40
0.0
176
1
 40
1.0
176
1
 90
0
176
1
 62
18
420
0
176
1
 90
50
176
1
 90
3
176
1
 62
5
420
255
176
1
290
0
176
1
 90
50
176
1
 90
50
176
1
 90
50
176
1
290
0
176
1
 90
50
176
1
 62
256
176
0
 40
1.0
176
0
 90
2
176
1
  1
strokes_ogs.tif
176
1
290
0
176
1
 40
1.0
176
1
 40
1.0
176
1
  0
VISUALSTYLE
  5
5E
102
{ACAD_REACTORS
330
16
102
}
330
16
100
AcDbVisualStyle
  2
Conceptual
 70
9
177
3
291
0
 70
58
 90
2
176
1
 90
2
176
1
 90
0
176
1
 90
3
176
1
 40
0.6
176
1
 40
30.0
176
1
 62
7
420
16777215
176
1
 90
1
176
1
 90
4
176
1
 62
7
176
1
 62
257
176
1
 90
1
176
1
 90
1
176
1
 40
1.0
176
1
 90
8
176
1
 62
7
176
1
 40
1.0
176
1
 90
1
176
1
 90
6
176
1
 90
2
176
1
 62
7
176
1
 90
5
176
1
 90
0
176
1
 90
0
176
1
290
0
176
1
 90
1
176
1
 40
0.0
176
1
 90
0
176
1
290
0
176
1
290
1
176
1
290
1
176
1
290
0
176
1
290
0
176
1
290
0
176
1
290
0
176
1
290
0
176
1
290
0
176
1
 90
50
176
1
 40
0.0
176
1
 40
1.0
176
1
 90
0
176
1
 62
18
420
0
176
1
 90
50
176
1
 90
3
176
1
 62
5
420
255
176
1
290
0
176
1
 90
50
176
1
 90
50
176
1
 90
50
176
1
290
0
176
1
 90
50
176
1
 62
256
176
0
 40
1.0
176
0
 90
2
176
1
  1
strokes_ogs.tif
176
1
290
0
176
1
 40
1.0
176
1
 40
1.0
176
1
  0
VISUALSTYLE
  5
5F
102
{ACAD_REACTORS
330
16
102
}
330
16
100
AcDbVisualStyle
  2
Dim
 70
11
177
3
291
1
 70
58
 90
2
176
1
 90
2
176
1
 90
0
176
1
 90
2
176
1
 40
0.6
176
1
 40
30.0
176
1
 62
7
420
16777215
176
1
 90
1
176
1
 90
4
176
1
 62
7
176
1
 62
257
176
1
 90
1
176
1
 90
1
176
1
 40
1.0
176
1
 90
8
176
1
 62
7
176
1
 40
1.0
176
1
 90
1
176
1
 90
6
176
1
 90
2
176
1
 62
7
176
1
 90
5
176
1
 90
0
176
1
 90
0
176
1
290
0
176
1
 90
1
176
1
 40
0.0
176
1
 90
0
176
1
290
0
176
1
290
1
176
1
290
1
176
1
290
0
176
1
290
0
176
1
290
0
176
1
290
0
176
1
290
0
176
1
290
0
176
1
 90
50
176
1
 40
0.0
176
1
 40
1.0
176
1
 90
0
176
1
 62
18
420
0
176
1
 90
50
176
1
 90
3
176
1
 62
5
420
255
176
1
290
0
176
1
 90
50
176
1
 90
50
176
1
 90
50
176
1
290
0
176
1
 90
50
176
1
 62
256
176
0
 40
1.0
176
0
 90
2
176
1
  1
strokes_ogs.tif
176
1
290
0
176
1
 40
1.0
176
1
 40
1.0
176
1
  0
VISUALSTYLE
  5
60
102
{ACAD_REACTORS
330
16
102
}
330
16
100
AcDbVisualStyle
  2
EdgeColorOff
 70
22
177
3
291
1
 70
58
 90
2
176
1
 90
2
176
1
 90
0
176
1
 90
2
176
1
 40
0.6
176
1
 40
30.0
176
1
 62
7
420
16777215
176
1
 90
1
176
1
 90
4
176
1
 62
7
176
1
 62
257
176
1
 90
1
176
1
 90
1
176
1
 40
1.0
176
1
 90
8
176
1
 62
7
176
1
 40
1.0
176
1
 90
1
176
1
 90
6
176
1
 90
2
176
1
 62
7
176
1
 90
5
176
1
 90
0
176
1
 90
0
176
1
290
0
176
1
 90
1
176
1
 40
0.0
176
1
 90
0
176
1
290
0
176
1
290
1
176
1
290
1
176
1
290
0
176
1
290
0
176
1
290
0
176
1
290
0
176
1
290
0
176
1
290
0
176
1
 90
50
176
1
 40
0.0
176
1
 40
1.0
176
1
 90
0
176
1
 62
18
420
0
176
1
 90
50
176
1
 90
3
176
1
 62
5
420
255
176
1
290
0
176
1
 90
50
176
1
 90
50
176
1
 90
50
176
1
290
0
176
1
 90
50
176
1
 62
256
176
0
 40
1.0
176
0
 90
2
176
1
  1
strokes_ogs.tif
176
1
290
0
176
1
 40
1.0
176
1
 40
1.0
176
1
  0
VISUALSTYLE
  5
61
102
{ACAD_REACTORS
330
16
102
}
330
16
100
AcDbVisualStyle
  2
Facepattern
 70
15
177
3
291
1
 70
58
 90
2
176
1
 90
2
176
1
 90
0
176
1
 90
2
176
1
 40
0.6
176
1
 40
30.0
176
1
 62
7
420
16777215
176
1
 90
1
176
1
 90
4
176
1
 62
7
176
1
 62
257
176
1
 90
1
176
1
 90
1
176
1
 40
1.0
176
1
 90
8
176
1
 62
7
176
1
 40
1.0
176
1
 90
1
176
1
 90
6
176
1
 90
2
176
1
 62
7
176
1
 90
5
176
1
 90
0
176
1
 90
0
176
1
290
0
176
1
 90
1
176
1
 40
0.0
176
1
 90
0
176
1
290
0
176
1
290
1
176
1
290
1
176
1
290
0
176
1
290
0
176
1
290
0
176
1
290
0
176
1
290
0
176
1
290
0
176
1
 90
50
176
1
 40
0.0
176
1
 40
1.0
176
1
 90
0
176
1
 62
18
420
0
176
1
 90
50
176
1
 90
3
176
1
 62
5
420
255
176
1
290
0
176
1
 90
50
176
1
 90
50
176
1
 90
50
176
1
290
0
176
1
 90
50
176
1
 62
256
176
0
 40
1.0
176
0
 90
2
176
1
  1
strokes_ogs.tif
176
1
290
0
176
1
 40
1.0
176
1
 40
1.0
176
1
  0
VISUALSTYLE
  5
62
102
{ACAD_REACTORS
330
16
102
}
330
16
100
AcDbVisualStyle
  2
Flat
 70
0
177
3
291
1
 70
58
 90
2
176
1
 90
2
176
1
 90
0
176
1
 90
2
176
1
 40
0.6
176
1
 40
30.0
176
1
 62
7
420
16777215
176
1
 90
1
176
1
 90
4
176
1
 62
7
176
1
 62
257
176
1
 90
1
176
1
 90
1
176
1
 40
1.0
176
1
 90
8
176
1
 62
7
176
1
 40
1.0
176
1
 90
1
176
1
 90
6
176
1
 90
2
176
1
 62
7
176
1
 90
5
176
1
 90
0
176
1
 90
0
176
1
290
0
176
1
 90
1
176
1
 40
0.0
176
1
 90
0
176
1
290
0
176
1
290
1
176
1
290
1
176
1
290
0
176
1
290
0
176
1
290
0
176
1
290
0
176
1
290
0
176
1
290
0
176
1
 90
50
176
1
 40
0.0
176
1
 40
1.0
176
1
 90
0
176
1
 62
18
420
0
176
1
 90
50
176
1
 90
3
176
1
 62
5
420
255
176
1
290
0
176
1
 90
50
176
1
 90
50
176
1
 90
50
176
1
290
0
176
1
 90
50
176
1
 62
256
176
0
 40
1.0
176
0
 90
2
176
1
  1
strokes_ogs.tif
176
1
290
0
176
1
 40
1.0
176
1
 40
1.0
176
1
  0
VISUALSTYLE
  5
63
102
{ACAD_REACTORS
330
16
102
}
330
16
100
AcDbVisualStyle
  2
FlatWithEdges
 70
1
177
3
291
1
 70
58
 90
2
176
1
 90
2
176
1
 90
0
176
1
 90
2
176
1
 40
0.6
176
1
 40
30.0
176
1
 62
7
420
16777215
176
1
 90
1
176
1
 90
4
176
1
 62
7
176
1
 62
257
176
1
 90
1
176
1
 90
1
176
1
 40
1.0
176
1
 90
8
176
1
 62
7
176
1
 40
1.0
176
1
 90
1
176
1
 90
6
176
1
 90
2
176
1
 62
7
176
1
 90
5
176
1
 90
0
176
1
 90
0
176
1
290
0
176
1
 90
1
176
1
 40
0.0
176
1
 90
0
176
1
290
0
176
1
290
1
176
1
290
1
176
1
290
0
176
1
290
0
176
1
290
0
176
1
290
0
176
1
290
0
176
1
290
0
176
1
 90
50
176
1
 40
0.0
176
1
 40
1.0
176
1
 90
0
176
1
 62
18
420
0
176
1
 90
50
176
1
 90
3
176
1
 62
5
420
255
176
1
290
0
176
1
 90
50
176
1
 90
50
176
1
 90
50
176
1
290
0
176
1
 90
50
176
1
 62
256
176
0
 40
1.0
176
0
 90
2
176
1
  1
strokes_ogs.tif
176
1
290
0
176
1
 40
1.0
176
1
 40
1.0
176
1
  0
VISUALSTYLE
  5
64
102
{ACAD_REACTORS
330
16
102
}
330
16
100
AcDbVisualStyle
  2
Gouraud
 70
2
177
3
291
1
 70
58
 90
2
176
1
 90
2
176
1
 90
0
176
1
 90
2
176
1
 40
0.6
176
1
 40
30.0
176
1
 62
7
420
16777215
176
1
 90
1
176
1
 90
4
176
1
 62
7
176
1
 62
257
176
1
 90
1
176
1
 90
1
176
1
 40
1.0
176
1
 90
8
176
1
 62
7
176
1
 40
1.0
176
1
 90
1
176
1
 90
6
176
1
 90
2
176
1
 62
7
176
1
 90
5
176
1
 90
0
176
1
 90
0
176
1
290
0
176
1
 90
1
176
1
 40
0.0
176
1
 90
0
176
1
290
0
176
1
290
1
176
1
290
1
176
1
290
0
176
1
290
0
176
1
290
0
176
1
290
0
176
1
290
0
176
1
290
0
176
1
 90
50
176
1
 40
0.0
176
1
 40
1.0
176
1
 90
0
176
1
 62
18
420
0
176
1
 90
50
176
1
 90
3
176
1
 62
5
420
255
176
1
290
0
176
1
 90
50
176
1
 90
50
176
1
 90
50
176
1
290
0
176
1
 90
50
176
1
 62
256
176
0
 40
1.0
176
0
 90
2
176
1
  1
strokes_ogs.tif
176
1
290
0
176
1
 40
1.0
176
1
 40
1.0
176
1
  0
VISUALSTYLE
  5
65
102
{ACAD_REACTORS
330
16
102
}
330
16
100
AcDbVisualStyle
  2
GouraudWithEdges
 70
3
177
3
291
1
 70
58
 90
2
176
1
 90
2
176
1
 90
0
176
1
 90
2
176
1
 40
0.6
176
1
 40
30.0
176
1
 62
7
420
16777215
176
1
 90
1
176
1
 90
4
176
1
 62
7
176
1
 62
257
176
1
 90
1
176
1
 90
1
176
1
 40
1.0
176
1
 90
8
176
1
 62
7
176
1
 40
1.0
176
1
 90
1
176
1
 90
6
176
1
 90
2
176
1
 62
7
176
1
 90
5
176
1
 90
0
176
1
 90
0
176
1
290
0
176
1
 90
1
176
1
 40
0.0
176
1
 90
0
176
1
290
0
176
1
290
1
176
1
290
1
176
1
290
0
176
1
290
0
176
1
290
0
176
1
290
0
176
1
290
0
176
1
290
0
176
1
 90
50
176
1
 40
0.0
176
1
 40
1.0
176
1
 90
0
176
1
 62
18
420
0
176
1
 90
50
176
1
 90
3
176
1
 62
5
420
255
176
1
290
0
176
1
 90
50
176
1
 90
50
176
1
 90
50
176
1
290
0
176
1
 90
50
176
1
 62
256
176
0
 40
1.0
176
0
 90
2
176
1
  1
strokes_ogs.tif
176
1
290
0
176
1
 40
1.0
176
1
 40
1.0
176
1
  0
VISUALSTYLE
  5
66
102
{ACAD_REACTORS
330
16
102
}
330
16
100
AcDbVisualStyle
  2
Hidden
 70
6
177
3
291
0
 70
58
 90
2
176
1
 90
2
176
1
 90
0
176
1
 90
1
176
1
 40
0.6
176
1
 40
30.0
176
1
 62
7
420
16777215
176
1
 90
1
176
1
 90
4
176
1
 62
7
176
1
 62
257
176
1
 90
1
176
1
 90
1
176
1
 40
1.0
176
1
 90
8
176
1
 62
7
176
1
 40
1.0
176
1
 90
1
176
1
 90
6
176
1
 90
2
176
1
 62
7
176
1
 90
5
176
1
 90
0
176
1
 90
0
176
1
290
0
176
1
 90
1
176
1
 40
0.0
176
1
 90
0
176
1
290
0
176
1
290
1
176
1
290
1
176
1
290
0
176
1
290
0
176
1
290
0
176
1
290
0
176
1
290
0
176
1
290
0
176
1
 90
50
176
1
 40
0.0
176
1
 40
1.0
176
1
 90
0
176
1
 62
18
420
0
176
1
 90
50
176
1
 90
3
176
1
 62
5
420
255
176
1
290
0
176
1
 90
50
176
1
 90
50
176
1
 90
50
176
1
290
0
176
1
 90
50
176
1
 62
256
176
0
 40
1.0
176
0
 90
2
176
1
  1
strokes_ogs.tif
176
1
290
0
176
1
 40
1.0
176
1
 40
1.0
176
1
  0
VISUALSTYLE
  5
67
102
{ACAD_REACTORS
330
16
102
}
330
16
100
AcDbVisualStyle
  2
JitterOff
 70
20
177
3
291
1
 70
58
 90
2
176
1
 90
2
176
1
 90
0
176
1
 90
2
176
1
 40
0.6
176
1
 40
30.0
176
1
 62
7
420
16777215
176
1
 90
1
176
1
 90
4
176
1
 62
7
176
1
 62
257
176
1
 90
1
176
1
 90
1
176
1
 40
1.0
176
1
 90
8
176
1
 62
7
176
1
 40
1.0
176
1
 90
1
176
1
 90
6
176
1
 90
2
176
1
 62
7
176
1
 90
5
176
1
 90
0
176
1
 90
0
176
1
290
0
176
1
 90
1
176
1
 40
0.0
176
1
 90
0
176
1
290
0
176
1
290
1
176
1
290
1
176
1
290
0
176
1
290
0
176
1
290
0
176
1
290
0
176
1
290
0
176
1
290
0
176
1
 90
50
176
1
 40
0.0
176
1
 40
1.0
176
1
 90
0
176
1
 62
18
420
0
176
1
 90
50
176
1
 90
3
176
1
 62
5
420
255
176
1
290
0
176
1
 90
50
176
1
 90
50
176
1
 90
50
176
1
290
0
176
1
 90
50
176
1
 62
256
176
0
 40
1.0
176
0
 90
2
176
1
  1
strokes_ogs.tif
176
1
290
0
176
1
 40
1.0
176
1
 40
1.0
176
1
  0
VISUALSTYLE
  5
68
102
{ACAD_REACTORS
330
16
102
}
330
16
100
AcDbVisualStyle
  2
Linepattern
 70
14
177
3
291
1
 70
58
 90
2
176
1
 90
2
176
1
 90
0
176
1
 90
2
176
1
 40
0.6
176
1
 40
30.0
176
1
 62
7
420
16777215
176
1
 90
1
176
1
 90
4
176
1
 62
7
176
1
 62
257
176
1
 90
1
176
1
 90
1
176
1
 40
1.0
176
1
 90
8
176
1
 62
7
176
1
 40
1.0
176
1
 90
1
176
1
 90
6
176
1
 90
2
176
1
 62
7
176
1
 90
5
176
1
 90
0
176
1
 90
0
176
1
290
0
176
1
 90
1
176
1
 40
0.0
176
1
 90
0
176
1
290
0
176
1
290
1
176
1
290
1
176
1
290
0
176
1
290
0
176
1
290
0
176
1
290
0
176
1
290
0
176
1
290
0
176
1
 90
50
176
1
 40
0.0
176
1
 40
1.0
176
1
 90
0
176
1
 62
18
420
0
176
1
 90
50
176
1
 90
3
176
1
 62
5
420
255
176
1
290
0
176
1
 90
50
176
1
 90
50
176
1
 90
50
176
1
290
0
176
1
 90
50
176
1
 62
256
176
0
 40
1.0
176
0
 90
2
176
1
  1
strokes_ogs.tif
176
1
290
0
176
1
 40
1.0
176
1
 40
1.0
176
1
  0
VISUALSTYLE
  5
69
102
{ACAD_REACTORS
330
16
102
}
330
16
100
AcDbVisualStyle
  2
Modeling
 70
10
177
3
291
0
 70
58
 90
2
176
1
 90
2
176
1
 90
0
176
1
 90
2
176
1
 40
0.6
176
1
 40
30.0
176
1
 62
7
420
16777215
176
1
 90
1
176
1
 90
4
176
1
 62
7
176
1
 62
257
176
1
 90
1
176
1
 90
1
176
1
 40
1.0
176
1
 90
8
176
1
 62
7
176
1
 40
1.0
176
1
 90
1
176
1
 90
6
176
1
 90
2
176
1
 62
7
176
1
 90
5
176
1
 90
0
176
1
 90
0
176
1
290
0
176
1
 90
1
176
1
 40
0.0
176
1
 90
0
176
1
290
0
176
1
290
1
176
1
290
1
176
1
290
0
176
1
290
0
176
1
290
0
176
1
290
0
176
1
290
0
176
1
290
0
176
1
 90
50
176
1
 40
0.0
176
1
 40
1.0
176
1
 90
0
176
1
 62
18
420
0
176
1
 90
50
176
1
 90
3
176
1
 62
5
420
255
176
1
290
0
176
1
 90
50
176
1
 90
50
176
1
 90
50
176
1
290
0
176
1
 90
50
176
1
 62
256
176
0
 40
1.0
176
0
 90
2
176
1
  1
strokes_ogs.tif
176
1
290
0
176
1
 40
1.0
176
1
 40
1.0
176
1
  0
VISUALSTYLE
  5
6A
102
{ACAD_REACTORS
330
16
102
}
330
16
100
AcDbVisualStyle
  2
OverhangOff
 70
21
177
3
291
1
 70
58
 90
2
176
1
 90
2
176
1
 90
0
176
1
 90
2
176
1
 40
0.6
176
1
 40
30.0
176
1
 62
7
420
16777215
176
1
 90
1
176
1
 90
4
176
1
 62
7
176
1
 62
257
176
1
 90
1
176
1
 90
1
176
1
 40
1.0
176
1
 90
8
176
1
 62
7
176
1
 40
1.0
176
1
 90
1
176
1
 90
6
176
1
 90
2
176
1
 62
7
176
1
 90
5
176
1
 90
0
176
1
 90
0
176
1
290
0
176
1
 90
1
176
1
 40
0.0
176
1
 90
0
176
1
290
0
176
1
290
1
176
1
290
1
176
1
290
0
176
1
290
0
176
1
290
0
176
1
290
0
176
1
290
0
176
1
290
0
176
1
 90
50
176
1
 40
0.0
176
1
 40
1.0
176
1
 90
0
176
1
 62
18
420
0
176
1
 90
50
176
1
 90
3
176
1
 62
5
420
255
176
1
290
0
176
1
 90
50
176
1
 90
50
176
1
 90
50
176
1
290
0
176
1
 90
50
176
1
 62
256
176
0
 40
1.0
176
0
 90
2
176
1
  1
strokes_ogs.tif
176
1
290
0
176
1
 40
1.0
176
1
 40
1.0
176
1
  0
VISUALSTYLE
  5
6B
102
{ACAD_REACTORS
330
16
102
}
330
16
100
AcDbVisualStyle
  2
Realistic
 70
8
177
3
291
0
 70
58
 90
2
176
1
 90
2
176
1
 90
0
176
1
 90
2
176
1
 40
0.6
176
1
 40
30.0
176
1
 62
7
420
16777215
176
1
 90
1
176
1
 90
4
176
1
 62
7
176
1
 62
257
176
1
 90
1
176
1
 90
1
176
1
 40
1.0
176
1
 90
8
176
1
 62
7
176
1
 40
1.0
176
1
 90
1
176
1
 90
6
176
1
 90
2
176
1
 62
7
176
1
 90
5
176
1
 90
0
176
1
 90
0
176
1
290
0
176
1
 90
1
176
1
 40
0.0
176
1
 90
0
176
1
290
0
176
1
290
1
176
1
290
1
176
1
290
0
176
1
290
0
176
1
290
0
176
1
290
0
176
1
290
0
176
1
290
0
176
1
 90
50
176
1
 40
0.0
176
1
 40
1.0
176
1
 90
0
176
1
 62
18
420
0
176
1
 90
50
176
1
 90
3
176
1
 62
5
420
255
176
1
290
0
176
1
 90
50
176
1
 90
50
176
1
 90
50
176
1
290
0
176
1
 90
50
176
1
 62
256
176
0
 40
1.0
176
0
 90
2
176
1
  1
strokes_ogs.tif
176
1
290
0
176
1
 40
1.0
176
1
 40
1.0
176
1
  0
VISUALSTYLE
  5
6C
102
{ACAD_REACTORS
330
16
102
}
330
16
100
AcDbVisualStyle
  2
Shaded
 70
27
177
3
291
0
 70
58
 90
2
176
1
 90
2
176
1
 90
0
176
1
 90
2
176
1
 40
0.6
176
1
 40
30.0
176
1
 62
7
420
16777215
176
1
 90
1
176
1
 90
4
176
1
 62
7
176
1
 62
257
176
1
 90
1
176
1
 90
1
176
1
 40
1.0
176
1
 90
8
176
1
 62
7
176
1
 40
1.0
176
1
 90
1
176
1
 90
6
176
1
 90
2
176
1
 62
7
176
1
 90
5
176
1
 90
0
176
1
 90
0
176
1
290
0
176
1
 90
1
176
1
 40
0.0
176
1
 90
0
176
1
290
0
176
1
290
1
176
1
290
1
176
1
290
0
176
1
290
0
176
1
290
0
176
1
290
0
176
1
290
0
176
1
290
0
176
1
 90
50
176
1
 40
0.0
176
1
 40
1.0
176
1
 90
0
176
1
 62
18
420
0
176
1
 90
50
176
1
 90
3
176
1
 62
5
420
255
176
1
290
0
176
1
 90
50
176
1
 90
50
176
1
 90
50
176
1
290
0
176
1
 90
50
176
1
 62
256
176
0
 40
1.0
176
0
 90
2
176
1
  1
strokes_ogs.tif
176
1
290
0
176
1
 40
1.0
176
1
 40
1.0
176
1
  0
VISUALSTYLE
  5
6D
102
{ACAD_REACTORS
330
16
102
}
330
16
100
AcDbVisualStyle
  2
Shaded with edges
 70
26
177
3
291
0
 70
58
 90
2
176
1
 90
2
176
1
 90
0
176
1
 90
2
176
1
 40
0.6
176
1
 40
30.0
176
1
 62
7
420
16777215
176
1
 90
1
176
1
 90
4
176
1
 62
7
176
1
 62
257
176
1
 90
1
176
1
 90
1
176
1
 40
1.0
176
1
 90
8
176
1
 62
7
176
1
 40
1.0
176
1
 90
1
176
1
 90
6
176
1
 90
2
176
1
 62
7
176
1
 90
5
176
1
 90
0
176
1
 90
0
176
1
290
0
176
1
 90
1
176
1
 40
0.0
176
1
 90
0
176
1
290
0
176
1
290
1
176
1
290
1
176
1
290
0
176
1
290
0
176
1
290
0
176
1
290
0
176
1
290
0
176
1
290
0
176
1
 90
50
176
1
 40
0.0
176
1
 40
1.0
176
1
 90
0
176
1
 62
18
420
0
176
1
 90
50
176
1
 90
3
176
1
 62
5
420
255
176
1
290
0
176
1
 90
50
176
1
 90
50
176
1
 90
50
176
1
290
0
176
1
 90
50
176
1
 62
256
176
0
 40
1.0
176
0
 90
2
176
1
  1
strokes_ogs.tif
176
1
290
0
176
1
 40
1.0
176
1
 40
1.0
176
1
  0
VISUALSTYLE
  5
6E
102
{ACAD_REACTORS
330
16
102
}
330
16
100
AcDbVisualStyle
  2
Shades of Gray
 70
23
177
3
291
0
 70
58
 90
2
176
1
 90
2
176
1
 90
0
176
1
 90
2
176
1
 40
0.6
176
1
 40
30.0
176
1
 62
7
420
16777215
176
1
 90
1
176
1
 90
4
176
1
 62
7
176
1
 62
257
176
1
 90
1
176
1
 90
1
176
1
 40
1.0
176
1
 90
8
176
1
 62
7
176
1
 40
1.0
176
1
 90
1
176
1
 90
6
176
1
 90
2
176
1
 62
7
176
1
 90
5
176
1
 90
0
176
1
 90
0
176
1
290
0
176
1
 90
1
176
1
 40
0.0
176
1
 90
0
176
1
290
0
176
1
290
1
176
1
290
1
176
1
290
0
176
1
290
0
176
1
290
0
176
1
290
0
176
1
290
0
176
1
290
0
176
1
 90
50
176
1
 40
0.0
176
1
 40
1.0
176
1
 90
0
176
1
 62
18
420
0
176
1
 90
50
176
1
 90
3
176
1
 62
5
420
255
176
1
290
0
176
1
 90
50
176
1
 90
50
176
1
 90
50
176
1
290
0
176
1
 90
50
176
1
 62
256
176
0
 40
1.0
176
0
 90
2
176
1
  1
strokes_ogs.tif
176
1
290
0
176
1
 40
1.0
176
1
 40
1.0
176
1
  0
VISUALSTYLE
  5
6F
102
{ACAD_REACTORS
330
16
102
}
330
16
100
AcDbVisualStyle
  2
Sketchy
 70
24
177
3
291
0
 70
58
 90
2
176
1
 90
2
176
1
 90
0
176
1
 90
1
176
1
 40
0.6
176
1
 40
30.0
176
1
 62
7
420
16777215
176
1
 90
1
176
1
 90
4
176
1
 62
7
176
1
 62
257
176
1
 90
1
176
1
 90
1
176
1
 40
1.0
176
1
 90
8
176
1
 62
7
176
1
 40
1.0
176
1
 90
1
176
1
 90
6
176
1
 90
2
176
1
 62
7
176
1
 90
5
176
1
 90
0
176
1
 90
0
176
1
290
0
176
1
 90
1
176
1
 40
0.0
176
1
 90
0
176
1
290
0
176
1
290
1
176
1
290
1
176
1
290
0
176
1
290
0
176
1
290
0
176
1
290
0
176
1
290
0
176
1
290
0
176
1
 90
50
176
1
 40
0.0
176
1
 40
1.0
176
1
 90
0
176
1
 62
18
420
0
176
1
 90
50
176
1
 90
3
176
1
 62
5
420
255
176
1
290
0
176
1
 90
50
176
1
 90
50
176
1
 90
50
176
1
290
0
176
1
 90
50
176
1
 62
256
176
0
 40
1.0
176
0
 90
2
176
1
  1
strokes_ogs.tif
176
1
290
0
176
1
 40
1.0
176
1
 40
1.0
176
1
  0
VISUALSTYLE
  5
70
102
{ACAD_REACTORS
330
16
102
}
330
16
100
AcDbVisualStyle
  2
Thicken
 70
13
177
3
291
1
 70
58
 90
2
176
1
 90
2
176
1
 90
0
176
1
 90
2
176
1
 40
0.6
176
1
 40
30.0
176
1
 62
7
420
16777215
176
1
 90
1
176
1
 90
4
176
1
 62
7
176
1
 62
257
176
1
 90
1
176
1
 90
1
176
1
 40
1.0
176
1
 90
8
176
1
 62
7
176
1
 40
1.0
176
1
 90
1
176
1
 90
6
176
1
 90
2
176
1
 62
7
176
1
 90
5
176
1
 90
0
176
1
 90
0
176
1
290
0
176
1
 90
1
176
1
 40
0.0
176
1
 90
0
176
1
290
0
176
1
290
1
176
1
290
1
176
1
290
0
176
1
290
0
176
1
290
0
176
1
290
0
176
1
290
0
176
1
290
0
176
1
 90
50
176
1
 40
0.0
176
1
 40
1.0
176
1
 90
0
176
1
 62
18
420
0
176
1
 90
50
176
1
 90
3
176
1
 62
5
420
255
176
1
290
0
176
1
 90
50
176
1
 90
50
176
1
 90
50
176
1
290
0
176
1
 90
50
176
1
 62
256
176
0
 40
1.0
176
0
 90
2
176
1
  1
strokes_ogs.tif
176
1
290
0
176
1
 40
1.0
176
1
 40
1.0
176
1
  0
VISUALSTYLE
  5
71
102
{ACAD_REACTORS
330
16
102
}
330
16
100
AcDbVisualStyle
  2
Wireframe
 70
5
177
3
291
0
 70
58
 90
2
176
1
 90
2
176
1
 90
0
176
1
 90
0
176
1
 40
0.6
176
1
 40
30.0
176
1
 62
7
420
16777215
176
1
 90
1
176
1
 90
4
176
1
 62
7
176
1
 62
257
176
1
 90
1
176
1
 90
1
176
1
 40
1.0
176
1
 90
8
176
1
 62
7
176
1
 40
1.0
176
1
 90
1
176
1
 90
6
176
1
 90
2
176
1
 62
7
176
1
 90
5
176
1
 90
0
176
1
 90
0
176
1
290
0
176
1
 90
1
176
1
 40
0.0
176
1
 90
0
176
1
290
0
176
1
290
1
176
1
290
1
176
1
290
0
176
1
290
0
176
1
290
0
176
1
290
0
176
1
290
0
176
1
290
0
176
1
 90
50
176
1
 40
0.0
176
1
 40
1.0
176
1
 90
0
176
1
 62
18
420
0
176
1
 90
50
176
1
 90
3
176
1
 62
5
420
255
176
1
290
0
176
1
 90
50
176
1
 90
50
176
1
 90
50
176
1
290
0
176
1
 90
50
176
1
 62
256
176
0
 40
1.0
176
0
 90
2
176
1
  1
strokes_ogs.tif
176
1
290
0
176
1
 40
1.0
176
1
 40
1.0
176
1
  0
VISUALSTYLE
  5
72
102
{ACAD_REACTORS
330
16
102
}
330
16
100
AcDbVisualStyle
  2
X-Ray
 70
25
177
3
291
0
 70
58
 90
2
176
1
 90
2
176
1
 90
0
176
1
 90
2
176
1
 40
0.5
176
1
 40
30.0
176
1
 62
7
420
16777215
176
1
 90
1
176
1
 90
4
176
1
 62
7
176
1
 62
257
176
1
 90
1
176
1
 90
1
176
1
 40
1.0
176
1
 90
8
176
1
 62
7
176
1
 40
1.0
176
1
 90
1
176
1
 90
6
176
1
 90
2
176
1
 62
7
176
1
 90
5
176
1
 90
0
176
1
 90
0
176
1
290
0
176
1
 90
1
176
1
 40
0.0
176
1
 90
0
176
1
290
0
176
1
290
1
176
1
290
1
176
1
290
0
176
1
290
0
176
1
290
0
176
1
290
0
176
1
290
0
176
1
290
0
176
1
 90
50
176
1
 40
0.0
176
1
 40
1.0
176
1
 90
0
176
1
 62
18
420
0
176
1
 90
50
176
1
 90
3
176
1
 62
5
420
255
176
1
290
0
176
1
 90
50
176
1
 90
50
176
1
 90
50
176
1
290
0
176
1
 90
50
176
1
 62
256
176
0
 40
1.0
176
0
 90
2
176
1
  1
strokes_ogs.tif
176
1
290
0
176
1
 40
1.0
176
1
 40
1.0
176
1
  0
DICTIONARYVAR
  5
388
330
2D
100
DictionaryVariables
280
0
  1
1.4.4 @ 2026-10-04T18:50:46.242950+00:00
  0
ENDSEC
  0
EOF
